번호,대수,의원명,정당,소속위원회,지역,성별,당선횟수,당선방법
1,제헌,강기문,무소속,,경남 산청,남,초선,지역구
2,제헌,강달수,부산15구락부,,경남 하동,남,초선,지역구
3,제헌,강선명,무소속,,전남 목포,남,초선,지역구
4,제헌,강욱중,조선민족청년단,,경남 함안,남,초선,지역구
5,제헌,곽상훈,무소속,,경기 인천갑,남,5선,지역구
6,제헌,구중회,무소속,,경남 창녕,남,초선,지역구
7,제헌,권병노,대한독립촉성국민회,,경북 의성을,남,재선,지역구
8,제헌,권태욱,무소속,,경남 마산,남,재선,지역구
9,제헌,권태희,무소속,,경북 김천갑,남,초선,지역구
10,제헌,김경도,대한독립촉성국민회,,경남 함양,남,초선,지역구
11,제헌,김경배,무소속,,황해도 연백갑,남,재선,지역구
12,제헌,김광준,무소속,,경북 울진,남,3선,지역구
13,제헌,김교중,대동청년당,,전북 무주,남,초선,지역구
14,제헌,김교현,무소속,,충북 보은,남,초선,지역구
15,제헌,김기철,대동청년당,,충북 충주,남,4선,지역구
16,제헌,김덕열,무소속,,경기 양주갑,남,초선,지역구
17,제헌,김도연,한국민주당,,서울 서대문구,남,6선,지역구
18,제헌,김동원,한국민주당,,서울 용산구,남,초선,지역구
19,제헌,김동준,무소속,,충남 서산을,남,초선,지역구
20,제헌,김명동,무소속,,충남 공주갑,남,재선,지역구
21,제헌,김문평,대한독립촉성국민회,,전남 여수갑,남,초선,지역구
22,제헌,김병회,무소속,,전남 진도,남,초선,지역구
23,제헌,김봉두,무소속,,전북 장수,남,초선,지역구
24,제헌,김봉조,교육협회,,경북 청송,남,재선,지역구
25,제헌,김상덕,민족통일본부,,경북 고령,남,초선,지역구
26,제헌,김상돈,무소속,,서울 마포구,남,4선,지역구
27,제헌,김상순,한국민주당,,전남 장성,남,초선,지역구
28,제헌,김상호,한국민주당,,전남 나주을,남,초선,지역구
29,제헌,김수선,무소속,,경남 울산을,남,재선,지역구
30,제헌,김약수,조선공화당,,경남 동래,남,초선,지역구
31,제헌,김영기,대한독립촉성국민회,,경기 안성,남,초선,지역구
32,제헌,김영동,무소속,,전북 고창갑,남,초선,지역구
33,제헌,김옥주,무소속,,전남 광양,남,초선,지역구
34,제헌,김용재,대한독립촉성국민회,,충남 당진,남,초선,지역구
35,제헌,김용현,한국민주당,,전남 무안갑,남,초선,지역구
36,제헌,김용화,무소속,,충남 천안,남,재선,지역구
37,제헌,김우식,전도회,,경북 달성,남,초선,지역구
38,제헌,김웅권,무소속,,경기 파주,남,초선,지역구
39,제헌,김웅진,무소속,,경기 수원을,남,재선,지역구
40,제헌,김익기,대한독립촉성국민회,,경북 안동갑,남,5선,지역구
41,제헌,김익노,무소속,,경북 영일을,남,4선,지역구
42,제헌,김인식,대동청년당,,경기 옹진을,남,초선,지역구
43,제헌,김장열,무소속,,전남 완도,남,초선,지역구
44,제헌,김재학,한국민주당,,경남 통영갑,남,초선,지역구
45,제헌,김종문,한국민주당,,전북 정읍을,남,초선,지역구
46,제헌,김종선,한국민주당,,전남 구례,남,초선,지역구
47,제헌,김준연,한국민주당,,전남 영암,남,5선,지역구
48,제헌,김중기,무소속,,전남 장흥,남,초선,지역구
49,제헌,김진구,대한독립촉성국민회,,강원 삼척,남,재선,지역구
50,제헌,김철,대한독립촉성국민회,,경북 경주갑,남,재선,지역구
51,제헌,김철수,대한독립촉성국민회,,충남 부여을 ,남,초선,지역구
52,제헌,김태수,대한독립촉성국민회,,경남 창원갑,남,초선,지역구
53,제헌,김효석,대한독립촉성국민회,,경남 합천을,남,초선,지역구
54,제헌,나용균,한국민주당,,전북 정읍갑,남,4선,지역구
55,제헌,남궁현,대한독립촉성국민회,,충남 부여갑,남,초선,지역구
56,제헌,노일환,한국민주당,,전북 순창,남,초선,지역구
57,제헌,문시환,조선민족청년단,,경남 부산갑,남,초선,지역구
58,제헌,민경식,대한독립촉성국민회,,경기 용인,남,초선,지역구
59,제헌,박기운,무소속,,충북 청주,남,3선,지역구
60,제헌,박상영,한국민주당,,경북 예천,남,초선,지역구
61,제헌,박순석,무소속,,경북 영일갑,남,3선,지역구
62,제헌,박우경,무소속,,충북 영동,남,초선,지역구
63,제헌,박윤원,무소속,,경남 남해,남,초선,지역구
64,제헌,박종남,무소속,,전남 광산,남,초선,지역구
65,제헌,박종환,대한독립촉성국민회,,경북 청도,남,초선,지역구
66,제헌,박준,무소속,,경북 군위,남,초선,지역구
67,제헌,박찬현,무소속,,경남 부산정,남,4선,지역구
68,제헌,박해극,무소속,,경남 밀양을,남,초선,지역구
69,제헌,박해정,무소속,,경북 경산,남,4선,지역구
70,제헌,배중혁,대동청년당,,경북 봉화,남,초선,지역구
71,제헌,배헌,무소속,,전북 이리,남,초선,지역구
72,제헌,백관수,한국민주당,,전북 고창을,남,초선,지역구
73,제헌,백남채,한국민주당,,경북 대구병,남,초선,지역구
74,제헌,백형남,대동청년당,,전북 익산갑,남,초선,지역구
75,제헌,서상일,한국민주당,,경북 대구을,남,재선,지역구
76,제헌,서성달,대한독립촉성국민회,,경기 고양갑,남,초선,지역구
77,제헌,서순영,무소속,,경남 통영을,남,초선,지역구
78,제헌,서용길,무소속,,충남 아산,남,초선,지역구
79,제헌,서우석,한국민주당,,전남 곡성,남,초선,지역구
80,제헌,서이환,무소속,,경북 울릉,남,재선,지역구
81,제헌,서정희,한국민주당,,경기 포천,남,초선,지역구
82,제헌,성낙서,대한독립촉성국민회,,충남 대전,남,초선,지역구
83,제헌,손재학,대한독립촉성국민회,,충남 홍성,남,초선,지역구
84,제헌,송봉해,대한독립촉성국민회,,전남 해남갑,남,초선,지역구
85,제헌,송진백,대한독립촉성국민회,,충남 대덕,남,초선,지역구
86,제헌,송창식,대한독립촉성국민회,,경기 이천,남,초선,지역구
87,제헌,송필만,한국민주당,,충북 진천,남,재선,지역구
88,제헌,신광균,대한독립촉성국민회,,경기 개풍,남,재선,지역구
89,제헌,신방현,무소속,,충남 공주을,남,초선,지역구
90,제헌,신상학,무소속,,경남 김해갑,남,초선,지역구
91,제헌,신성균,무소속,,전북 전주,남,초선,지역구
92,제헌,신익희,대한독립촉성국민회,,전남 광주,남,3선,지역구
93,제헌,신현돈,대한독립촉성국민회,,전북 무주,남,재선,지역구
94,제헌,신현모,한국민주당,,황해도 연백을,남,초선,지역구
95,제헌,안준상,조선민족청년단,,경남 의령,남,초선,지역구
96,제헌,양병직,대동청년당,,제주 북제주을,남,초선,지역구
97,제헌,연병호,무소속,,충북 괴산,남,재선,지역구
98,제헌,오기열,무소속,,전북 진안,남,초선,지역구
99,제헌,오석주,대한독립촉성국민회,,전남 고흥갑,남,초선,지역구
100,제헌,오용국,무소속,,제주 남제주,남,초선,지역구
101,제헌,오택관,한국독립당,,경기 옹진갑,남,초선,지역구
102,제헌,오택열,대한독립촉성국민회,,경북 영덕,남,초선,지역구
103,제헌,원용균,대한독립촉성국민회,,강원 횡성,남,초선,지역구
104,제헌,원용한,대동청년당,,경기 여주,남,초선,지역구
105,제헌,원장길,대동청년당,,강원 강릉갑,남,초선,지역구
106,제헌,유래완,무소속,,경기 양평,남,초선,지역구
107,제헌,유성갑,단민당,,전남 고흥을,남,초선,지역구
108,제헌,유준상,대한독립촉성국민회,,전북 완주갑,남,초선,지역구
109,제헌,유진홍,대한독립촉성국민회,,충남 논산갑,남,초선,지역구
110,제헌,유홍열,무소속,,충북 제천,남,초선,지역구
111,제헌,육홍균,대한독립촉성국민회,,경북 선산,남,재선,지역구
112,제헌,윤병구,무소속,,충남 예산,남,재선,지역구
113,제헌,윤석구,무소속,,전북 군산,남,초선,지역구
114,제헌,윤재근,무소속,,경기 강화,남,4선,지역구
115,제헌,윤재욱,대동청년당,,서울 영등포구,남,재선,지역구
116,제헌,윤치영,한국민주당,,서울 중구,남,4선,지역구
117,제헌,이강우,무소속,,경남 진주,남,초선,지역구
118,제헌,이귀수,무소속,,경남 고성,남,초선,지역구
119,제헌,이남규,대한독립촉성국민회,,전남 목포,남,재선,지역구
120,제헌,이만근,무소속,,충북 청원을,남,초선,지역구
121,제헌,이문원,무소속,,전북 익산을,남,초선,지역구
122,제헌,이범교,대한독립촉성국민회,,경북 영천을,남,초선,지역구
123,제헌,이병관,무소속,,경북 김천을,남,초선,지역구
124,제헌,이병국,대한독립촉성국민회,,충남 천안,남,초선,지역구
125,제헌,이상돈,민주국민당,,충남 천안,남,3선,지역구
126,제헌,이석,대한독립촉성국민회,,경북 경주을,남,초선,지역구
127,제헌,이석주,대한독립촉성국민회,,전북 완주을,남,초선,지역구
128,제헌,이성득,무소속,,경기 개성,남,초선,지역구
129,제헌,이성우,무소속,,전남 함평,남,초선,지역구
130,제헌,이성학,대동청년당,,전남 해남을,남,초선,지역구
131,제헌,이승만,대한독립촉성국민회,,서울 동대문구갑,남,초선,지역구
132,제헌,이영준,한국민주당,,서울 동대문구을,남,4선,지역구
133,제헌,이요한,대한독립촉성국민회,,전북 옥구,남,초선,지역구
134,제헌,이원홍,대한독립촉성국민회,,경남 합천갑,남,재선,지역구
135,제헌,이유선,대한독립촉성국민회,,경기 부천,남,초선,지역구
136,제헌,이윤영,조선민주당,,서울 종로구갑,남,초선,지역구
137,제헌,이의상,대한독립촉성국민회,,충북 음성,남,초선,지역구
138,제헌,이인,무소속,,서울 종로구을,남,3선,지역구
139,제헌,이재학,무소속,,강원 홍천,남,5선,지역구
140,제헌,이재형,무소속,,경기 시흥,남,7선,지역구
141,제헌,이정기,조선민족청년단,,전북 남원,남,초선,지역구
142,제헌,이정래,한국민주당,,전남 보성,남,3선,지역구
143,제헌,이종근,대한독립촉성국민회,,충남 청양,남,초선,지역구
144,제헌,이종린,무소속,,충남 서산갑,남,재선,지역구
145,제헌,이종순,대한독립촉성국민회,,강원 춘성,남,초선,지역구
146,제헌,이주형,대한독립촉성국민회,,경남 밀양갑,남,초선,지역구
147,제헌,이진수,무소속,,경기 양주을,남,재선,지역구
148,제헌,이항발,무소속,,전남 나주갑,남,초선,지역구
149,제헌,이호석,무소속,,경북 성주,남,초선,지역구
150,제헌,이훈구,무소속,,충남 서천,남,재선,지역구
151,제헌,임석규,대동청년당,,충남 보령,남,초선,지역구
152,제헌,임영신,대한여자국민당,,경북 안동을,여,재선,지역구
153,제헌,장기영,무소속,,강원 영월,남,초선,지역구
154,제헌,장면,무소속,,서울 종로구을,남,재선,지역구
155,제헌,장병만,대한독립촉성국민회,,경북 칠곡,남,초선,지역구
156,제헌,장홍염,한국민주당,,전남 무안을,남,재선,지역구
157,제헌,전진한,대한노동총연맹,,경북 상주을,남,5선,지역구
158,제헌,정광호,한국민주당,,전남 광주,남,초선,지역구
159,제헌,정구삼,대한독립촉성국민회,,충북 옥천,남,초선,지역구
160,제헌,정균식,조선민족청년단,,전남 담양,남,초선,지역구
161,제헌,정도영,대한독립촉성국민회,,경북 영천갑,남,초선,지역구
162,제헌,정우일,무소속,,경북 의성갑,남,초선,지역구
163,제헌,정준,무소속,,경기 김포,남,4선,지역구
164,제헌,정진근,무소속,,경남 양산,남,초선,지역구
165,제헌,정해준,대한독립촉성국민회,,충남 금산,남,초선,지역구
166,제헌,정현모,무소속,,경북 안동을,남,초선,지역구
167,제헌,조국현,,,전남 화순,남,재선,지역구
168,제헌,조규갑,무소속,,경남 김해을,남,초선,지역구
169,제헌,조병한,무소속,,경북 문경,남,초선,지역구
170,제헌,조봉암,무소속,,경기 인천을,남,재선,지역구
171,제헌,조영규,한국민주당,,전남 영광,남,4선,지역구
172,제헌,조옥현,대한독립촉성국민회,,전남 순천을,남,초선,지역구
173,제헌,조재면,대한독립촉성국민회,,전북 부안,남,초선,지역구
174,제헌,조종승,무소속,,충북 단양,남,재선,지역구
175,제헌,조중현,무소속,,경기 장단,남,초선,지역구
176,제헌,조한백,무소속,,전북 김제갑,남,4선,지역구
177,제헌,조헌영,한국민주당,,경북 영양,남,재선,지역구
178,제헌,주기용,무소속,,경남 창원을,남,초선,지역구
179,제헌,지청천,대동청년당,,서울 성동구,남,재선,지역구
180,제헌,진직현,대한독립촉성국민회,,전북 임실,남,초선,지역구
181,제헌,진헌식,대한독립촉성국민회,,충남 연기,남,초선,지역구
182,제헌,차경모,무소속,,전남 강진,남,초선,지역구
183,제헌,최국현,무소속,,경기 고양을,남,재선,지역구
184,제헌,최규옥,대한독립촉성국민회,,강원 춘천,남,재선,지역구
185,제헌,최범술,무소속,,경남 사천,남,초선,지역구
186,제헌,최봉식,무소속,,경남 울산갑,남,초선,지역구
187,제헌,최석홍,대동청년당,,경북 영주,남,초선,지역구
188,제헌,최석화,무소속,,경기 평택,남,초선,지역구
189,제헌,최운교,무소속,,충남 논산을,남,초선,지역구
190,제헌,최윤동,한국민주당,,경북 대구갑,남,초선,지역구
191,제헌,최창섭,무소속,,경남 합천을,남,3선,지역구
192,제헌,최태규,무소속,,강원 정선,남,초선,지역구
193,제헌,최헌길,대한독립촉성국민회,,강원 강릉을,남,재선,지역구
194,제헌,표현태,대한독립촉성국민회,,경남 거창,남,초선,지역구
195,제헌,한석범,한국민주당,,경남 부산병,남,초선,지역구
196,제헌,한암회,대한독립촉성국민회,,경북 상주갑,남,초선,지역구
197,제헌,허영호,무소속,,경남 부산갑,남,초선,지역구
198,제헌,허정,한국민주당,,경남 부산을,남,초선,지역구
199,제헌,홍길선,대동청년당,,경기 수원갑,남,4선,지역구
200,제헌,홍범희,무소속,,강원 원주,남,재선,지역구
201,제헌,홍성하,한국민주당,,서울 동대문구갑,남,초선,지역구
202,제헌,홍순영,대한독립촉성국민회,,제주 북제주갑,남,초선,지역구
203,제헌,홍순옥,무소속,,경남 창원갑,남,초선,지역구
204,제헌,홍익표,무소속,,경기 가평,남,6선,지역구
205,제헌,홍희종,조선민족청년단,,전북 김제을,남,초선,지역구
206,제헌,황두연,,,전남 순천갑,남,초선,지역구
207,제헌,황병규,무소속,,전남 여수을,남,재선,지역구
208,제헌,황윤호,무소속,,경남 진양,남,초선,지역구
209,제헌,황호현,대한독립촉성국민회,,강원 평창,남,3선,지역구