Assembly_Num,Title_Role,Speaker,Evidence_Count,Distinct_Contexts
제2대,감찰위원장,노진설,4,4
제2대,공보처장,이철원,4,4
제2대,교통부장관,김석관,32,28
제2대,교통부차관,김석명,14,10
제2대,국무총리,백두진,29,24
제2대,국무총리서리,백두진,4,4
제2대,국방부장관,손원일,9,9
제2대,국방부장관,신성모,3,3
제2대,국방부장관,신태영,21,17
제2대,국방부차관,김일환,49,19
제2대,국방부차관,이호,3,3
제2대,기획처장,백두진,5,5
제2대,내무부장관,김태선,13,8
제2대,내무부장관,백한성,28,18
제2대,내무부장관,이순용,13,12
제2대,내무부차관,이병호,7,7
제2대,내무부차관,홍헌표,53,28
제2대,농림부장관,공진항,9,9
제2대,농림부장관,양성봉,3,2
제2대,농림부장관,임문환,54,36
제2대,농림부장관,함인섭,19,16
제2대,농림부차관,정재설,44,29
제2대,농림부차관,주석균,6,6
제2대,대법원장,김병로,10,7
제2대,문교부장관,백낙준,28,23
제2대,문교부차관,허증수,3,3
제2대,법무부장관,서상환,27,20
제2대,법무부장관,조진만,26,17
제2대,법무부차관,김윤근,13,10
제2대,법무부차관,민복기,5,4
제2대,법무부차관,정재환,6,5
제2대,법무부차관,홍진기,3,3
제2대,법제사법위원장대리,업상섭,3,2
제2대,법제처장,신태익,40,31
제2대,보건부장관,최재유,9,9
제2대,보건부차관,임문환,3,3
제2대,보건부차관,최재유,14,12
제2대,부의장,조봉,5,5
제2대,사무총장,박종만,21,14
제2대,사무총장,이수선,6,6
제2대,사회부장관,박술음,11,11
제2대,사회부장관,최창순,9,6
제2대,사회부차관,김용택,17,13
제2대,사회부차관,최창순,23,17
제2대,상공부장관,안동혁,12,8
제2대,상공부차관,이내호,5,5
제2대,상공부차관,이병호,11,10
제2대,상공부차관,임정규,4,4
제2대,외무부장관,변영태,64,41
제2대,외무부차관,조정환,14,11
제2대,의사국장,서상준,386,123
제2대,의사국장,허남수,22,12
제2대,재무부장관,박희현,36,23
제2대,재무부장관,백두진,96,68
제2대,재무부차관,김유택,64,50
제2대,재무부차관,박희현,120,62
제2대,체신부차관,강직순,8,8
제2대,총무국장,조중서,66,13
제3대,공군참모차장,김창규,3,3
제3대,공군참모총장,장덕창,5,5
제3대,공보실장,갈홍기,33,29
제3대,공보실장,오재경,15,13
제3대,공보처장,갈홍기,4,4
제3대,관재국장,김준환,32,28
제3대,교통부경리국장,이동희,4,4
제3대,교통부장관,문봉제,66,45
제3대,교통부장관,이종림,57,46
제3대,교통부차관,김윤기,32,28
제3대,교통부차관,석상옥,5,5
제3대,구황실사무총국장,윤우경,3,3
제3대,구황실재산관리국장,윤우경,3,3
제3대,구황실재산관리사무총국장,윤우경,3,2
제3대,구황실총무국장,윤우경,5,5
제3대,국무원사무국장,문봉제,41,31
제3대,국무원사무국장,신두영,10,7
제3대,국무총리,변영태,41,31
제3대,국방부경리국장,최경남,4,3
제3대,국방부장관,김정열,64,52
제3대,국방부장관,손원일,18,15
제3대,국방부차관,김종갑,11,10
제3대,국방부차관,이호,40,32
제3대,국방부차관,최세황,14,12
제3대,국방위원장,류지원,36,22
제3대,기획처예산국장,오림근,48,36
제3대,내무부장관,김형근,72,58
제3대,내무부장관,백한성,46,30
제3대,내무부장관,이근직,49,40
제3대,내무부차관,우만형,17,9
제3대,내무부치안국장,서정학,5,5
제3대,내무부토목국장,김해림,5,5
제3대,내무위원장대리,류진산,4,4
제3대,농림부농정국장,김병윤,17,13
제3대,농림부양정국장,이규석,3,3
제3대,농림부양정국장,이봉희,33,22
제3대,농림부장관,정재설,41,33
제3대,농림부차관,권성기,49,33
제3대,농림부차관,김병윤,14,10
제3대,농림부차관,김현철,4,4
제3대,농림부축정국장,이남신,4,3
제3대,농지관리국장,변정규,13,12
제3대,문교부기술교육국장,박철재,12,8
제3대,문교부장관,이선근,48,28
제3대,문교부장관,최재유,16,13
제3대,문교부차관,고광만,6,6
제3대,문교부차관,김선기,3,3
제3대,문교부차관,김호식,14,13
제3대,민의원사무총장,최정우,15,12
제3대,법무부장관,이호,130,94
제3대,법무부장관,조용순,59,43
제3대,법무부차관,배영호,12,10
제3대,법무부차관,임석무,7,7
제3대,법원행정처장,한성수,14,12
제3대,법원행정처차장,민문기,5,4
제3대,법제실장,신태익,5,3
제3대,보건사회부장관,손창환,14,11
제3대,보건사회부장관,최재유,46,35
제3대,보건사회부차관,신효선,12,10
제3대,보건사회부차관,정진욱,5,3
제3대,부흥부장관,김현철,30,22
제3대,부흥부장관,송인상,36,20
제3대,부흥부장관,유완창,71,41
제3대,부흥부차관,김치영,12,10
제3대,부흥부차관,신현확,9,9
제3대,부흥부차관,오영재,21,15
제3대,사무국장,서상준,3,3
제3대,사무차장,우만형,6,6
제3대,사무총장,박종만,6,5
제3대,사무총장,최정우,25,17
제3대,사세국장,김만기,8,8
제3대,사회부장관,박술음,3,2
제3대,사회부차관,김용택,6,4
제3대,산업은행총재,구용서,37,30
제3대,상공부장관,김일환,89,54
제3대,상공부전기국장,박상운,3,2
제3대,상공부차관,김의창,13,8
제3대,상공부차관,배응도,25,24
제3대,서울특별시건설국장,신현주,3,2
제3대,세관국장,안정근,6,6
제3대,심계원장,노진설,10,9
제3대,심계원장,최하영,12,12
제3대,심계원차장,최하영,7,7
제3대,양정국장,김병구,6,6
제3대,양정국장,박도언,4,3
제3대,양정국장,이봉희,6,5
제3대,예산국장,오임근,151,106
제3대,외무부장관,변영태,35,31
제3대,외무부장관,조정환,50,37
제3대,외무부장관서리,조정환,53,44
제3대,외무부정무국장,김동조,7,7
제3대,외무부정무국장,김영주,6,5
제3대,외무부차관,김동조,12,10
제3대,외자청장,이순용,7,7
제3대,육군참모총장,백선엽,7,7
제3대,의사국장,서상준,501,116
제3대,이재국장,이치영,6,6
제3대,재무부관재국장,김준환,15,11
제3대,재무부사세국장,권택상,37,33
제3대,재무부사세국장,김만기,21,17
제3대,재무부세관국장,김신서,6,6
제3대,재무부세관국장,안정근,6,4
제3대,재무부예산국장,오임근,110,72
제3대,재무부이재국장,이열모,89,64
제3대,재무부이재국장,이치영,18,17
제3대,재무부장관,김현철,293,141
제3대,재무부장관,이중재,150,102
제3대,재무부차관,김영찬,138,59
제3대,재무부차관,윤인상,58,50
제3대,재무부차관,천병규,230,124
제3대,전매청장,김치영,25,22
제3대,전매청장,안정근,15,14
제3대,전매청총무국장,박도언,43,33
제3대,전문위원,김한기,123,84
제3대,전문위원,남흥우,22,17
제3대,전문위원,서극형,6,5
제3대,전문위원,유태영,8,7
제3대,전문위원,정형모,6,5
제3대,징계자격위원장,김익로,5,5
제3대,체신부경리국장,지창하,12,9
제3대,체신부장관,이광,6,6
제3대,체신부장관,이응준,47,37
제3대,체신부전무국장,이재곤,5,5
제3대,체신부차관,김의창,18,15
제3대,체신부차관,최재호,3,3
제3대,총무국장,권병호,3,2
제3대,한국산업은행총재,구용서,5,5
제3대,한국은행부총재,김영찬,3,3
제3대,한국은행부총재,송인상,14,11
제3대,해군참모총장,정긍모,9,9
제3대,해무청장,민복기,26,16
제3대,해무청장,홍진기,10,10
제3대,해병대사령관,김대식,7,6
제4대,경상남도경찰국장,이정용,31,27
제4대,경상남도경찰국장,최남규,14,14
제4대,경상북도병사구사령관,황인표,3,3
제4대,공군기술교육단경리처장,조태준,12,10
제4대,공군본부경리국장,이규성,12,12
제4대,공군본부관리국장,이규성,14,14
제4대,공군본부군수국장,박원석,12,11
제4대,공군본부군수국차장,이경춘,4,4
제4대,공군본부인사국장,주영복,5,4
제4대,공군본부인사차장,유경인,23,17
제4대,공군본부작전국장,강호륜,7,6
제4대,공군본부정보국장,전봉희,9,9
제4대,공군참모차장,김창규,7,6
제4대,공군참모총장,김창규,21,18
제4대,공군참모총장,장덕창,11,9
제4대,공보실공보국장,이근상,6,6
제4대,공보실방송관리국장,이규일,4,3
제4대,공보실장,오재경,52,38
제4대,공보실장,전성천,86,61
제4대,교육총본부총장,김종오,5,5
제4대,교육총본부총장,최영희,5,5
제4대,교통부경리국장,오길영,16,16
제4대,교통부경리국장,이동희,73,57
제4대,교통부공전국장,정두길,31,28
제4대,교통부시설국장,현영일,18,18
제4대,교통부육운국장,이상훈,19,17
제4대,교통부자재국장대리,김병주,36,26
제4대,교통부장관,김일환,71,51
제4대,교통부장관,문봉제,40,30
제4대,교통부차관,석상옥,6,6
제4대,교통부차관,송원영,132,90
제4대,구황실재산관리사무총국장,윤우경,38,34
제4대,구황실재산사무총국장,윤우경,24,20
제4대,국무원사무국장,신두영,23,19
제4대,국방부경리국장,그것은,3,3
제4대,국방부경리국장,박충훈,7,7
제4대,국방부관리국장,안광호,10,10
제4대,국방부병무국장,박동균,9,9
제4대,국방부장관,김정,249,160
제4대,국방부정훈국장,권병호,12,9
제4대,국방부차관,보대리,10,1
제4대,국방부차관,보백선,20,16
제4대,국방부차관,최세황,77,58
제4대,국방연구원장,박임항,6,6
제4대,국방위원장,류지원,3,3
제4대,국방위원회간사,김희찬,4,4
제4대,국회사무총장,최정우,12,11
제4대,국회의사당도안심사위원회위원장,김윤기,5,5
제4대,군의학교군종실장,최진복,4,4
제4대,내무부장관,김일환,87,62
제4대,내무부장관,민병기,66,37
제4대,내무부장관,홍진기,13,8
제4대,내무부지방국장,최병환,19,16
제4대,내무부지방국장,최응복,25,16
제4대,내무부차관,우만형,10,8
제4대,내무부치안국장,서정학,12,6
제4대,내무부치안국장,이강학,27,23
제4대,내무부치안국장,조인구,29,21
제4대,내무부토목국장,민한식,22,16
제4대,내무부토목국장,황정철,36,30
제4대,내무부통계국장,유상근,8,8
제4대,농림부농사원장,정남규,11,9
제4대,농림부농정국장,김인권,55,44
제4대,농림부농지관리국장,이상현,17,13
제4대,농림부산림국장,김영준,28,22
제4대,농림부양정국장,김봉관,18,17
제4대,농림부장관,이근직,117,81
제4대,농림부장관,정재설,95,76
제4대,농림부중앙농사원장대리,명재억,8,7
제4대,농림부차관,김병윤,171,106
제4대,농림부축정국장,이남신,31,29
제4대,농사원장,정남규,4,3
제4대,농업은행부총재,이호상,59,44
제4대,농업은행총재,박숙희,10,8
제4대,문교부고등교육국장,한상봉,9,9
제4대,문교부기술교육국장,박철재,6,5
제4대,문교부문화국장,변시민,3,3
제4대,문교부보통교육국장,정의택,24,21
제4대,문교부장관,최재유,112,77
제4대,문교부차관,김선기,122,81
제4대,문교부편수국장,박만규,6,6
제4대,민의원사무총장대리,정홍섭,4,4
제4대,법무부법제실장,강명옥,7,5
제4대,법무부장관,홍진기,105,72
제4대,법무부차관,신언한,50,33
제4대,법원행정처장,배영호,7,7
제4대,법원행정처장,한성수,8,6
제4대,법제실장,강명옥,4,3
제4대,법제조사국장,고재필,9,8
제4대,보건사회부의정국장,윤유선,4,4
제4대,보건사회부장관,손창환,81,50
제4대,보건사회부차관,신효선,6,6
제4대,부산경비사령부장,대위,17,17
제4대,부산병기기지사,령부생,5,1
제4대,부산병기기지사령관,이재룡,38,30
제4대,부흥부기획국장,송정범,3,2
제4대,부흥부장관,송인상,157,75
제4대,부흥부장관,신현확,214,131
제4대,부흥부조정국장,김태동,16,16
제4대,부흥부차관,신현확,67,49
제4대,부흥부차관,정영기,51,29
제4대,사무차장,정홍섭,12,11
제4대,사무총장,최정우,40,31
제4대,사무총장대리,정홍섭,38,31
제4대,산업은행총재,구용서,11,11
제4대,상공부공업국장,강용옥,21,18
제4대,상공부광무국장,전효섭,21,16
제4대,상공부광무국장,정영기,7,7
제4대,상공부상역국장,김송환,17,12
제4대,상공부장관,구용서,133,88
제4대,상공부장관,김일환,30,21
제4대,상공부전기국장,김송환,3,3
제4대,상공부전기국장,박상운,15,12
제4대,상공부차관,김의창,169,98
제4대,상공부특허국장,김서일,3,3
제4대,서울지구병사구사령관,홍성준,16,14
제4대,서울특별시경찰국장,유충렬,6,6
제4대,서울특별시부시장,최응복,13,13
제4대,심계원장,최하영,13,10
제4대,연합참모본부장,이종우,19,16
제4대,연합참모본부총장,백선엽,12,11
제4대,연합참모본부총장,유재흥,7,7
제4대,외무부장관,조정환,35,29
제4대,외무부차관,김동조,13,11
제4대,외무부차관,최규하,31,22
제4대,외자청관리국장,함성용,14,13
제4대,외자청구매국장,최윤기,7,5
제4대,외자청장,안희경,15,13
제4대,외자청장서리,신현확,25,22
제4대,위원장,류지원,85,57
제4대,위원장대리,류순식,31,21
제4대,육군본부경리국장,박충훈,29,26
제4대,육군본부관리부차장,이효,6,6
제4대,육군본부관리차장,이효,20,18
제4대,육군본부군수국장,김웅수,4,4
제4대,육군본부군수참모부장,김웅수,39,30
제4대,육군본부병무국장,박동균,20,19
제4대,육군본부인사참모부장,안춘생,17,17
제4대,육군본부인사참모차장,류근창,29,26
제4대,육군본부정보국장,김정권,24,19
제4대,육군본부정훈국장,최창언,8,8
제4대,육군참모총장,백선엽,11,10
제4대,육군참모총장,송요찬,71,54
제4대,육군특무부대특무처장,강명현,8,7
제4대,의사국장,서상준,34,25
제4대,의사국장,이호진,262,96
제4대,재무부사세국장,권택상,80,62
제4대,재무부세관국장,김신서,15,12
제4대,재무부세관국장,이용철,7,6
제4대,재무부예산국장,오임근,23,20
제4대,재무부예산국장,이한빈,38,33
제4대,재무부이재국장,김정렴,9,8
제4대,재무부이재국장,김종대,32,23
제4대,재무부장관,김현철,183,95
제4대,재무부장관,송인상,262,126
제4대,재무부차관,박종식,111,67
제4대,재무부차관,오임근,125,79
제4대,재무부차관,천병규,128,75
제4대,전남지구병사구사령관,이두황,93,60
제4대,전매청장,안정근,16,15
제4대,전문위원,서일교,20,13
제4대,전문위원,오표,65,50
제4대,전문위원,유태영,19,17
제4대,전문위원,이수용,44,41
제4대,전문위원,이은복,11,10
제4대,전문위원,이천승,75,53
제4대,전문위원,이회근,27,24
제4대,전문위원,정완영,13,13
제4대,중앙선거위원장,김두일,13,10
제4대,중앙선거위원회위원장,김두일,9,7
제4대,증인,김동,91,69
제4대,증인,김봉,88,68
제4대,증인,류경호,116,70
제4대,증인,손석래,190,99
제4대,증인,최경남,113,62
제4대,체신부경리국장,김봉렬,34,31
제4대,체신부경리국장,지창하,19,15
제4대,체신부우정국장,이신득,21,17
제4대,체신부장관,이응준,22,20
제4대,체신부전무국장,윤대은,10,9
제4대,체신부전무국장,윤태은,47,31
제4대,체신부차관,조응천,12,9
제4대,총무국장,서상준,309,187
제4대,충청남도지구병사구사령관,그렇,3,2
제4대,한국산업은행총재,구용서,6,6
제4대,한국산업은행총재,김영찬,4,4
제4대,함대사령관,이용운,7,5
제4대,해군본부경리국장,이우용,12,12
제4대,해군본부관리참모부장,저희,3,3
제4대,해군본부인사국장,김영관,4,3
제4대,해군본부후방참모부장,이성호,7,7
제4대,해군참모총장,이용운,29,26
제4대,해군참모총장,정긍모,5,5
제4대,해무청시설국장,강두기,4,3
제4대,해무청장,권성기,118,81
제4대,해무청해운국장,김응순,3,3
제4대,해병대사령관,김대식,15,13
제4대,해병대사령부작전교육국장,이영우,6,6
제4대,헌병사령관,원용덕,66,57
제4대,헌병사령부부사령관,박건원,4,4
제헌,감찰위원장,정인보,3,3
제헌,검찰총장,권승렬,10,10
제헌,공보처장,이철원,6,6
제헌,공보처차장,김형원,3,3
제헌,국무총리,이범석,61,18
제헌,국방부장관,신성모,16,10
제헌,국방부장관,이범석,8,5
제헌,국방부차관,최용덕,43,23
제헌,국회선거위원장,노진설,3,3
제헌,국회선거위원회사무총장,전규홍,9,8
제헌,기획처장,이순탁,23,13
제헌,내무부장관,백성욱,14,9
제헌,내무부장관,신성모,4,4
제헌,내무부차관,김갑수,8,7
제헌,내무부차관,황희찬,7,5
제헌,농림부차관,정구흥,29,20
제헌,대법원장,김병로,7,6
제헌,문교부장관,안호상,30,23
제헌,문교부차관,박종만,3,2
제헌,법무부장관,권승렬,29,26
제헌,법무부차관,권승열,5,4
제헌,법무부차관,김갑수,15,12
제헌,법무부차관,김윤근,6,6
제헌,법무부차관,백한성,3,3
제헌,법제처장,신태익,11,8
제헌,법제처장,유진오,13,10
제헌,사무국장,차윤홍,4,4
제헌,사무차장,노용호,3,3
제헌,사무총장,이종선,9,9
제헌,사무총장,이철원,14,12
제헌,사무총장,전규홍,94,48
제헌,사무총장대리,이철원,9,9
제헌,선거위원회위원장,노진설,3,3
제헌,외무국방위원장,지대형,13,12
제헌,외무부장관,임병직,7,6
제헌,외무부차관,조정환,13,7
제헌,위원장,지대형,114,53
제헌,의사국장,차윤홍,219,91
제헌,의사국장,허남수,198,25
제헌,의장,심익희,4,4
제헌,재무부차관,김유택,13,12
제헌,재무부차관,장희창,12,9
제헌,재무차관,장희창,5,4
제헌,전문위원,권승열,41,30
제헌,전문위원,유진오,89,61
제헌,전원위원장,지대형,11,11
제헌,정부위원,권승렬,3,2
제헌,참모총장,대리채,7,1
제헌,참모총장대리,채병덕,10,10
제헌,총무국장,한창수,15,8
제헌,총무처장,전규홍,8,4
