Assembly_Num,Role_Group,Speaker,Technology,Income,Labor,Immigration,Migration,Foreigner,Discourse_Development,Discourse_Boundary,Keyword_Total,Speech_Count,Total_Chars,Primary_Role,Keyword_Per_1k_Chars,Development_Per_1k_Chars,Boundary_Per_1k_Chars,Share_of_Chars
제2대,국무위원,백두진,38,132,7,7,9,5,177,21,198,130,353479,재무부장관,0.56,0.501,0.059,0.09197
제2대,의원,임기봉,20,1,131,2,2,0,152,4,156,60,85916,의원,1.816,1.769,0.047,0.02235
제2대,국무위원,박희현,10,85,0,8,16,0,95,24,119,156,271521,재무부차관,0.438,0.35,0.088,0.07065
제2대,의원,이종형,6,1,44,30,20,4,51,54,105,235,324968,의원,0.323,0.157,0.166,0.08455
제2대,정부위원,서상준,6,2,38,27,7,3,46,37,83,387,383819,의사국장,0.216,0.12,0.096,0.09987
제2대,국무위원,김유택,9,55,0,1,9,1,64,11,75,65,47756,재무부차관,1.57,1.34,0.23,0.01243
제2대,국무위원,최창순,8,1,37,3,9,0,46,12,58,32,71867,사회부차관,0.807,0.64,0.167,0.0187
제2대,국무위원,김용택,1,0,44,0,0,0,45,0,45,19,19506,사회부차관,2.307,2.307,0.0,0.00508
제2대,국무위원,김훈,29,0,9,5,2,0,38,7,45,20,55161,상공부장관,0.816,0.689,0.127,0.01435
제2대,국무위원,허정,18,1,7,8,10,0,26,18,44,42,116931,국무총리서리,0.376,0.222,0.154,0.03042
제2대,사무처,박종만,0,1,23,0,2,0,24,2,26,22,139545,사무총장,0.186,0.172,0.014,0.03631
제2대,국무위원,김일환,17,0,1,1,3,0,18,4,22,49,82946,국방부차관,0.265,0.217,0.048,0.02158
제2대,국무위원,장경근,10,0,0,2,9,0,10,11,21,50,115494,국방부차관,0.182,0.087,0.095,0.03005
제2대,국무위원,김석관,13,1,3,1,3,0,17,4,21,32,66687,교통부장관,0.315,0.255,0.06,0.01735
제2대,국무위원,임문환,15,1,1,0,2,0,17,2,19,57,129659,농림부장관,0.147,0.131,0.015,0.03374
제2대,국무위원,장면,10,2,0,2,2,0,12,4,16,37,111415,국무총리,0.144,0.108,0.036,0.02899
제2대,국무위원,황호현,0,0,7,3,4,0,7,7,14,24,50292,내무부차관,0.278,0.139,0.139,0.01309
제2대,국무위원,정재설,6,5,2,0,1,0,13,1,14,44,72016,농림부차관,0.194,0.181,0.014,0.01874
제2대,기타,신태익,6,5,1,0,2,0,12,2,14,40,88122,법제처장,0.159,0.136,0.023,0.02293
제2대,국무위원,변영태,4,0,0,2,5,2,4,9,13,65,133481,외무부장관,0.097,0.03,0.067,0.03473
제2대,국무위원,백낙준,8,2,0,0,2,0,10,2,12,28,74571,문교부장관,0.161,0.134,0.027,0.0194
제2대,기타,백두진,0,7,3,1,0,0,10,1,11,5,15080,기획처장,0.729,0.663,0.066,0.00392
제2대,국무위원,원용석,6,2,0,0,2,1,8,3,11,32,64276,농림부차관,0.171,0.124,0.047,0.01672
제2대,국무위원,최재유,6,0,0,0,1,4,6,5,11,22,31408,보건부차관,0.35,0.191,0.159,0.00817
제2대,기타,원용석,3,5,1,0,1,0,9,1,10,38,53897,기획처장,0.186,0.167,0.019,0.01402
제2대,국무위원,함인섭,5,0,1,2,1,0,6,3,9,19,34178,농림부장관,0.263,0.176,0.088,0.00889
제2대,국무위원,박술음,4,0,3,1,0,1,7,2,9,11,21261,사회부장관,0.423,0.329,0.094,0.00553
제2대,국무위원,홍범희,2,0,1,0,4,0,3,4,7,39,54037,내무부차관,0.13,0.056,0.074,0.01406
제2대,국무위원,임정규,7,0,0,0,0,0,7,0,7,4,3089,상공부차관,2.266,2.266,0.0,0.0008
제2대,국무위원,조진만,1,0,0,0,5,0,1,5,6,26,25700,법무부장관,0.233,0.039,0.195,0.00669
제2대,국무위원,손원일,0,0,4,2,0,0,4,2,6,9,18560,국방부장관,0.323,0.216,0.108,0.00483
제2대,국무위원,홍헌표,3,0,0,0,3,0,3,3,6,53,56495,내무부차관,0.106,0.053,0.053,0.0147
제2대,정부위원,조중서,0,1,3,1,0,0,4,1,5,66,44979,총무국장,0.111,0.089,0.022,0.0117
제2대,국무위원,이내호,1,0,0,0,0,4,1,4,5,5,4340,상공부차관,1.152,0.23,0.922,0.00113
제2대,기타,이철원,0,0,0,1,2,1,0,4,4,4,24270,공보처장,0.165,0.0,0.165,0.00631
제2대,국무위원,장석윤,0,0,0,1,1,1,0,3,3,10,17413,내무부장관,0.172,0.0,0.172,0.00453
제2대,국무위원,강직순,2,0,0,0,1,0,2,1,3,8,9501,체신부차관,0.316,0.211,0.105,0.00247
제2대,국무위원,신성모,0,0,0,1,2,0,0,3,3,3,9911,국방부장관,0.303,0.0,0.303,0.00258
제2대,국무위원,김법린,2,0,0,1,0,0,2,1,3,16,27147,문교부장관,0.111,0.074,0.037,0.00706
제2대,국무위원,신태영,1,0,0,0,2,0,1,2,3,21,26129,국방부장관,0.115,0.038,0.077,0.0068
제2대,의원,김익로,0,0,0,1,1,0,0,2,2,55,28853,의원,0.069,0.0,0.069,0.00751
제2대,국무위원,함덕용,1,1,0,0,0,0,2,0,2,1,3485,상공부차관,0.574,0.574,0.0,0.00091
제2대,의원,정남상,2,0,0,0,0,0,2,0,2,1,1960,의원,1.02,1.02,0.0,0.00051
제2대,국무위원,이기붕,0,0,0,1,1,0,0,2,2,7,8617,국방부장관,0.232,0.0,0.232,0.00224
제2대,의원,이선교,1,0,1,0,0,0,2,0,2,1,9360,전문위원,0.214,0.214,0.0,0.00244
제2대,국무위원,백한성,0,1,0,1,0,0,1,1,2,29,35634,내무부장관,0.056,0.028,0.028,0.00927
제2대,국무위원,정준모,2,0,0,0,0,0,2,0,2,7,15601,보건부차관,0.128,0.128,0.0,0.00406
제2대,국무위원,강인택,0,0,0,1,1,0,0,2,2,2,3572,체신부장관,0.56,0.0,0.56,0.00093
제2대,위원장,업상섭,0,0,0,2,0,0,0,2,2,5,3003,법제사법위원장대리,0.666,0.0,0.666,0.00078
제2대,국무위원,주석균,1,0,1,0,0,0,2,0,2,6,9522,농림부차관,0.21,0.21,0.0,0.00248
제2대,국무위원,갈홍기,0,0,0,1,0,0,0,1,1,2,2945,외무부차관,0.34,0.0,0.34,0.00077
제2대,사무처,이수선,0,0,0,1,0,0,0,1,1,6,2685,사무총장,0.372,0.0,0.372,0.0007
제2대,국무위원,정재환,0,0,0,1,0,0,0,1,1,7,6780,법무부차관,0.147,0.0,0.147,0.00176
제2대,국무위원,이병호,1,0,0,0,0,0,1,0,1,18,18410,상공부차관,0.054,0.054,0.0,0.00479
제2대,국무위원,이순용,1,0,0,0,0,0,1,0,1,14,14420,내무부장관,0.069,0.069,0.0,0.00375
제2대,국무위원,김석명,0,0,0,1,0,0,0,1,1,14,8376,교통부차관,0.119,0.0,0.119,0.00218
제2대,의원,미국상원,0,1,0,0,0,0,1,0,1,2,3883,의원,0.258,0.258,0.0,0.00101
제2대,국무위원,진헌식,0,0,1,0,0,0,1,0,1,6,9176,내무부장관,0.109,0.109,0.0,0.00239
제2대,국무위원,안동혁,1,0,0,0,0,0,1,0,1,12,26720,상공부장관,0.037,0.037,0.0,0.00695
제2대,국무위원,김윤근,0,0,0,0,0,0,0,0,0,13,11854,법무부차관,0.0,0.0,0.0,0.00308
제2대,국무위원,백락준,0,0,0,0,0,0,0,0,0,2,3227,문교부장관,0.0,0.0,0.0,0.00084
제2대,국무위원,공진항,0,0,0,0,0,0,0,0,0,9,9814,농림부장관,0.0,0.0,0.0,0.00255
제2대,국무위원,이호,0,0,0,0,0,0,0,0,0,3,703,국방부차관,0.0,0.0,0.0,0.00018
제2대,의장단,심익희,0,0,0,0,0,0,0,0,0,1,13,의장,0.0,0.0,0.0,0.0
제2대,정부위원,인태식,0,0,0,0,0,0,0,0,0,2,773,관재청장,0.0,0.0,0.0,0.0002
제2대,의원,업상섭,0,0,0,0,0,0,0,0,0,1,386,의원,0.0,0.0,0.0,0.0001
제2대,위원장,류덕천,0,0,0,0,0,0,0,0,0,1,4845,농림위원장대리,0.0,0.0,0.0,0.00126
제2대,의장단,류테리오,0,0,0,0,0,0,0,0,0,1,4271,의장,0.0,0.0,0.0,0.00111
제2대,정부위원,장흥,0,0,0,0,0,0,0,0,0,1,1231,병무국장,0.0,0.0,0.0,0.00032
제2대,정부위원,허남수,0,0,0,0,0,0,0,0,0,22,1676,의사국장,0.0,0.0,0.0,0.00044
제2대,기타,구영숙,0,0,0,0,0,0,0,0,0,1,4614,대한적십자사총재,0.0,0.0,0.0,0.0012
제2대,의장단,운치영,0,0,0,0,0,0,0,0,0,1,29,부의장,0.0,0.0,0.0,0.00001
제2대,국무위원,강성태,0,0,0,0,0,0,0,0,0,14,19685,재무부차관,0.0,0.0,0.0,0.00512
제2대,기타,박종만,0,0,0,0,0,0,0,0,0,1,1487,사무처장,0.0,0.0,0.0,0.00039
제2대,위원장,대리,0,0,0,0,0,0,0,0,0,3,2807,재정경제위원장,0.0,0.0,0.0,0.00073
제2대,국무위원,변태영,0,0,0,0,0,0,0,0,0,1,1860,외무부장관,0.0,0.0,0.0,0.00048
제2대,위원장,김익로,0,0,0,0,0,0,0,0,0,1,255,농림위원장대리,0.0,0.0,0.0,0.00007
제2대,의장단,서상준,0,0,0,0,0,0,0,0,0,1,2842,의장국장,0.0,0.0,0.0,0.00074
제2대,국무위원,김태선,0,0,0,0,0,0,0,0,0,13,7647,내무부장관,0.0,0.0,0.0,0.00199
제2대,국무위원,서상권,0,0,0,0,0,0,0,0,0,3,1563,법무부장관,0.0,0.0,0.0,0.00041
제2대,기타,한동석,0,0,0,0,0,0,0,0,0,1,425,총무처장,0.0,0.0,0.0,0.00011
제2대,정부위원,이호진,0,0,0,0,0,0,0,0,0,2,1988,의사국장대리,0.0,0.0,0.0,0.00052
제2대,기타,코디어,0,0,0,0,0,0,0,0,0,1,4178,유엔사무차장,0.0,0.0,0.0,0.00109
제2대,의장단,민의원,0,0,0,0,0,0,0,0,0,2,1941,의장,0.0,0.0,0.0,0.00051
제2대,국무위원,황호연,0,0,0,0,0,0,0,0,0,1,8258,내무부차관,0.0,0.0,0.0,0.00215
제2대,의장단,조봉임,0,0,0,0,0,0,0,0,0,1,299,부의장,0.0,0.0,0.0,0.00008
제2대,의원,관상훈,0,0,0,0,0,0,0,0,0,1,31,의원,0.0,0.0,0.0,0.00001
제2대,기타,전규홍,0,0,0,0,0,0,0,0,0,1,882,총무처장,0.0,0.0,0.0,0.00023
제2대,기타,김병로,0,0,0,0,0,0,0,0,0,10,29170,대법원장,0.0,0.0,0.0,0.00759
제2대,국무위원,김의창,0,0,0,0,0,0,0,0,0,1,1142,체신부차관,0.0,0.0,0.0,0.0003
제2대,국무위원,윤인상,0,0,0,0,0,0,0,0,0,2,3553,상공부차관,0.0,0.0,0.0,0.00092
제2대,의원,노랜드,0,0,0,0,0,0,0,0,0,1,2073,의원,0.0,0.0,0.0,0.00054
제2대,의원,류덕천,0,0,0,0,0,0,0,0,0,1,1415,의원,0.0,0.0,0.0,0.00037
제2대,기타,갈홍기,0,0,0,0,0,0,0,0,0,1,149,공보처장,0.0,0.0,0.0,0.00004
제2대,의원,변집갑,0,0,0,0,0,0,0,0,0,1,854,의원,0.0,0.0,0.0,0.00022
제2대,국무위원,김형근,0,0,0,0,0,0,0,0,0,2,2216,내무부차관,0.0,0.0,0.0,0.00058
제2대,국무위원,허증수,0,0,0,0,0,0,0,0,0,3,703,문교부차관,0.0,0.0,0.0,0.00018
제2대,국무위원,장기영,0,0,0,0,0,0,0,0,0,5,2361,체신부장관,0.0,0.0,0.0,0.00061
제2대,의원,김종희,0,0,0,0,0,0,0,0,0,1,732,의원,0.0,0.0,0.0,0.00019
제2대,국무위원,구영숙,0,0,0,0,0,0,0,0,0,2,3630,보건부장관,0.0,0.0,0.0,0.00094
제2대,국무위원,이종림,0,0,0,0,0,0,0,0,0,1,570,교통부장관,0.0,0.0,0.0,0.00015
제2대,의원,김상덕,0,0,0,0,0,0,0,0,0,1,6,의원,0.0,0.0,0.0,0.0
제2대,의원,권병로,0,0,0,0,0,0,0,0,0,1,1464,의원,0.0,0.0,0.0,0.00038
제2대,국무위원,양성봉,0,0,0,0,0,0,0,0,0,3,2404,농림부장관,0.0,0.0,0.0,0.00063
제2대,국무위원,김준연,0,0,0,0,0,0,0,0,0,2,3962,법무부장관,0.0,0.0,0.0,0.00103
제2대,국무위원,오한영,0,0,0,0,0,0,0,0,0,1,1372,보건부장관,0.0,0.0,0.0,0.00036
제2대,국무위원,정진욱,0,0,0,0,0,0,0,0,0,1,195,보건부차관,0.0,0.0,0.0,0.00005
제2대,기타,노용호,0,0,0,0,0,0,0,0,0,1,3174,법원행정처장,0.0,0.0,0.0,0.00083
제2대,국무위원,한희석,0,0,0,0,0,0,0,0,0,2,2804,내무부차관,0.0,0.0,0.0,0.00073
제2대,국무위원,조정환,0,0,0,0,0,0,0,0,0,14,12806,외무부차관,0.0,0.0,0.0,0.00333
제2대,의원,신흥균,0,0,0,0,0,0,0,0,0,1,315,의원,0.0,0.0,0.0,0.00008
제2대,국무위원,고병간,0,0,0,0,0,0,0,0,0,2,4204,문교부차관,0.0,0.0,0.0,0.00109
제2대,기타,최석주,0,0,0,0,0,0,0,0,0,1,392,공보처차장,0.0,0.0,0.0,0.0001
제2대,기타,도마스,0,0,0,0,0,0,0,0,0,1,1667,미국뉴욕주지사,0.0,0.0,0.0,0.00043
제2대,의장단,싱익희,0,0,0,0,0,0,0,0,0,1,30,의장,0.0,0.0,0.0,0.00001
제2대,국무위원,홍진기,0,0,0,0,0,0,0,0,0,3,627,법무부차관,0.0,0.0,0.0,0.00016
제2대,정부위원,유완창,0,0,0,0,0,0,0,0,0,2,3253,관재청장,0.0,0.0,0.0,0.00085
제2대,위원장,노진설,0,0,0,0,0,0,0,0,0,5,10839,감찰위원장,0.0,0.0,0.0,0.00282
제2대,기타,김유택,0,0,0,0,0,0,0,0,0,2,4258,기획처차장,0.0,0.0,0.0,0.00111
제2대,기타,김우평,0,0,0,0,0,0,0,0,0,2,5872,외자구매처장,0.0,0.0,0.0,0.00153
제2대,의원,유홍,0,0,0,0,0,0,0,0,0,1,6,의원,0.0,0.0,0.0,0.0
제2대,국무위원,최순주,0,0,0,0,0,0,0,0,0,9,18601,재무부장관,0.0,0.0,0.0,0.00484
제2대,기타,한홍,0,0,0,0,0,0,0,0,0,1,1322,외자관리청차장,0.0,0.0,0.0,0.00034
제2대,의장단,신익히,0,0,0,0,0,0,0,0,0,1,68,의장,0.0,0.0,0.0,0.00002
제2대,기타,정운근,0,0,0,0,0,0,0,0,0,2,987,사무차장,0.0,0.0,0.0,0.00026
제2대,국무위원,박현숙,0,0,0,0,0,0,0,0,0,1,269,무임소장관,0.0,0.0,0.0,0.00007
제2대,국무위원,최재우,0,0,0,0,0,0,0,0,0,1,940,보건부장관,0.0,0.0,0.0,0.00024
제2대,국무위원,조병옥,0,0,0,0,0,0,0,0,0,2,5460,내무부장관,0.0,0.0,0.0,0.00142
제2대,의원,김종렬,0,0,0,0,0,0,0,0,0,1,644,의원,0.0,0.0,0.0,0.00017
제2대,국무위원,정준용,0,0,0,0,0,0,0,0,0,2,2052,보건부차관,0.0,0.0,0.0,0.00053
제2대,기타,정운갑,0,0,0,0,0,0,0,0,0,1,168,총무처장,0.0,0.0,0.0,0.00004
제2대,국무위원,서상환,0,0,0,0,0,0,0,0,0,24,42081,법무부장관,0.0,0.0,0.0,0.01095
제2대,국무위원,남봉순,0,0,0,0,0,0,0,0,0,1,171,농림부차관,0.0,0.0,0.0,0.00004
제2대,국무위원,민복기,0,0,0,0,0,0,0,0,0,5,11181,법무부차관,0.0,0.0,0.0,0.00291
제2대,의장단,조봉안,0,0,0,0,0,0,0,0,0,3,56,부의장,0.0,0.0,0.0,0.00001
제2대,국무위원,조희현,0,0,0,0,0,0,0,0,0,1,1728,재무부차관,0.0,0.0,0.0,0.00045
제3대,정부위원,서상준,65,18,64,14,13,10,147,37,184,504,883798,의사국장,0.208,0.166,0.042,0.13504
제3대,국무위원,김현철,37,73,2,9,15,0,112,24,136,331,418124,재무부장관,0.325,0.268,0.057,0.06388
제3대,국무위원,김영찬,7,99,2,2,8,12,108,22,130,145,227614,재무부차관,0.571,0.474,0.097,0.03478
제3대,국무위원,송인상,52,30,7,0,1,0,89,1,90,36,83346,부흥부장관,1.08,1.068,0.012,0.01273
제3대,국무위원,천병규,11,59,1,2,13,0,71,15,86,231,171092,재무부차관,0.503,0.415,0.088,0.02614
제3대,국무위원,정운갑,48,1,5,2,4,1,54,7,61,134,220548,농림부장관,0.277,0.245,0.032,0.0337
제3대,국무위원,김원태,32,0,2,13,10,3,34,26,60,137,291977,농림부차관,0.205,0.116,0.089,0.04461
제3대,국무위원,김일환,53,0,1,1,3,0,54,4,58,89,112655,상공부장관,0.515,0.479,0.036,0.01721
제3대,국무위원,이선근,27,0,0,12,6,2,27,20,47,48,196773,문교부장관,0.239,0.137,0.102,0.03006
제3대,국무위원,최재유,26,0,15,0,2,3,41,5,46,63,92731,보건사회부장관,0.496,0.442,0.054,0.01417
제3대,국무위원,이중재,12,24,2,3,3,1,38,7,45,150,152788,재무부장관,0.295,0.249,0.046,0.02334
제3대,국무위원,이호,8,0,0,13,23,0,8,36,44,172,205487,법무부장관,0.214,0.039,0.175,0.0314
제3대,의원,류진산,8,1,0,22,11,2,9,35,44,225,355508,의원,0.124,0.025,0.098,0.05432
제3대,국무위원,조정환,21,0,0,12,2,7,21,21,42,105,88596,외무부장관서리,0.474,0.237,0.237,0.01354
제3대,국무위원,임철호,35,1,2,1,2,1,38,4,42,105,130644,농림부장관,0.321,0.291,0.031,0.01996
제3대,정부위원,김만기,1,34,0,0,0,0,35,0,35,29,16799,재무부사세국장,2.083,2.083,0.0,0.00257
제3대,국무위원,강성태,28,2,0,1,3,1,30,5,35,61,115861,상공부장관,0.302,0.259,0.043,0.0177
제3대,국무위원,최규남,32,0,0,0,0,0,32,0,32,45,49984,문교부장관,0.64,0.64,0.0,0.00764
제3대,국무위원,우만형,28,0,0,0,0,0,28,0,28,17,21779,내무부차관,1.286,1.286,0.0,0.00333
제3대,국무위원,김동조,13,0,2,9,2,0,15,11,26,12,10215,외무부차관,2.545,1.468,1.077,0.00156
제3대,국무위원,문봉제,20,2,0,0,2,1,22,3,25,66,99159,교통부장관,0.252,0.222,0.03,0.01515
제3대,국무위원,배응도,21,0,0,0,2,0,21,2,23,24,56694,상공부차관,0.406,0.37,0.035,0.00866
제3대,국무위원,변영태,8,1,3,3,6,2,12,11,23,77,162411,국무총리,0.142,0.074,0.068,0.02481
제3대,국무위원,정재설,13,6,0,2,2,0,19,4,23,41,65026,농림부장관,0.354,0.292,0.062,0.00994
제3대,정부위원,서임수,9,4,4,0,0,3,17,3,20,53,95980,총무국장,0.208,0.177,0.031,0.01466
제3대,정부위원,권택상,0,19,0,0,0,1,19,1,20,37,12999,재무부사세국장,1.539,1.462,0.077,0.00199
제3대,국무위원,김용우,14,0,1,0,2,1,15,3,18,67,116936,국방부장관,0.154,0.128,0.026,0.01787
제3대,국무위원,이익흥,4,0,2,8,1,2,6,11,17,112,107874,내무부장관,0.158,0.056,0.102,0.01648
제3대,기타,김영찬,1,16,0,0,0,0,17,0,17,3,3828,한국은행부총재,4.441,4.441,0.0,0.00058
제3대,국무위원,김영환,0,2,0,0,2,12,2,14,16,1,7635,재무부차관,2.096,0.262,1.834,0.00117
제3대,정부위원,오임근,7,6,0,0,3,0,13,3,16,261,112259,예산국장,0.143,0.116,0.027,0.01715
제3대,국무위원,이종림,9,0,3,0,1,1,12,2,14,57,89645,교통부장관,0.156,0.134,0.022,0.0137
제3대,정부위원,문봉제,11,0,0,0,1,2,11,3,14,41,19364,국무원사무국장,0.723,0.568,0.155,0.00296
제3대,국무위원,김형근,3,1,2,6,2,0,6,8,14,74,86233,내무부장관,0.162,0.07,0.093,0.01318
제3대,국무위원,이근직,5,2,0,2,3,2,7,7,14,49,68221,내무부장관,0.205,0.103,0.103,0.01042
제3대,의원,김한기,9,0,0,1,2,1,9,4,13,123,57785,전문위원,0.225,0.156,0.069,0.00883
제3대,국무위원,손원일,5,0,1,3,3,0,6,6,12,20,52359,국방부장관,0.229,0.115,0.115,0.008
제3대,국무위원,윤인상,1,9,0,1,1,0,10,2,12,58,52890,재무부차관,0.227,0.189,0.038,0.00808
제3대,의원,정형모,11,0,0,0,0,0,11,0,11,7,2442,전문위원,4.505,4.505,0.0,0.00037
제3대,국무위원,김정열,1,7,0,0,3,0,8,3,11,48,29755,국방부장관,0.37,0.269,0.101,0.00455
제3대,정부위원,신두영,11,0,0,0,0,0,11,0,11,10,15190,국무원사무국장,0.724,0.724,0.0,0.00232
제3대,국무위원,유완창,5,2,0,0,3,0,7,3,10,71,44447,부흥부장관,0.225,0.157,0.067,0.00679
제3대,의원,류순식,1,0,2,3,1,2,3,6,9,32,43804,의원,0.205,0.068,0.137,0.00669
제3대,국무위원,백한성,2,0,1,3,3,0,3,6,9,47,90606,내무부장관,0.099,0.033,0.066,0.01384
제3대,국무위원,김정렬,8,0,0,0,1,0,8,1,9,16,27573,국방부장관,0.326,0.29,0.036,0.00421
제3대,기타,구용서,6,0,0,0,2,0,6,2,8,42,42438,산업은행총재,0.189,0.141,0.047,0.00648
제3대,국무위원,고광만,3,2,0,0,1,2,5,3,8,6,20659,문교부차관,0.387,0.242,0.145,0.00316
제3대,증인·참고인,함상훈,0,0,2,5,1,0,2,6,8,2,14958,증인,0.535,0.134,0.401,0.00229
제3대,기타,정긍모,6,0,0,0,2,0,6,2,8,9,4790,해군참모총장,1.67,1.253,0.418,0.00073
제3대,기타,최하영,5,0,0,1,1,0,5,2,7,19,27481,심계원장,0.255,0.182,0.073,0.0042
제3대,기타,백선엽,6,0,1,0,0,0,7,0,7,7,7276,육군참모총장,0.962,0.962,0.0,0.00111
제3대,정부위원,오림근,6,0,0,0,0,1,6,1,7,49,14955,기획처예산국장,0.468,0.401,0.067,0.00228
제3대,정부위원,갈홍기,6,0,0,0,0,1,6,1,7,33,13674,공보실장,0.512,0.439,0.073,0.00209
제3대,국무위원,김의창,2,0,1,0,3,0,3,3,6,31,17482,체신부차관,0.343,0.172,0.172,0.00267
제3대,국무위원,배영호,3,0,1,1,1,0,4,2,6,12,23463,법무부차관,0.256,0.17,0.085,0.00358
제3대,국무위원,신효선,4,0,2,0,0,0,6,0,6,12,24287,보건사회부차관,0.247,0.247,0.0,0.00371
제3대,사무처,최정우,4,1,0,1,0,0,5,1,6,40,37882,사무총장,0.158,0.132,0.026,0.00579
제3대,기타,김창규,6,0,0,0,0,0,6,0,6,3,1806,공군참모차장,3.322,3.322,0.0,0.00028
제3대,국무위원,이응준,4,1,0,0,1,0,5,1,6,47,25302,체신부장관,0.237,0.198,0.04,0.00387
제3대,국무위원,조용순,4,0,0,0,2,0,4,2,6,60,69234,법무부장관,0.087,0.058,0.029,0.01058
제3대,국무위원,김용택,0,2,3,0,0,0,5,0,5,6,2792,사회부차관,1.791,1.791,0.0,0.00043
제3대,국무위원,권성기,3,0,0,0,2,0,3,2,5,49,28962,농림부차관,0.173,0.104,0.069,0.00443
제3대,국무위원,김치영,4,0,0,0,1,0,4,1,5,12,7593,부흥부차관,0.659,0.527,0.132,0.00116
제3대,정부위원,윤우경,2,0,0,0,1,2,2,3,5,21,23643,구황실총무국장,0.211,0.085,0.127,0.00361
제3대,위원장,류진산,1,0,0,4,0,0,1,4,5,6,26342,내무위원장대리,0.19,0.038,0.152,0.00402
제3대,기타,원용석,1,1,0,0,1,2,2,3,5,62,52259,기획처장,0.096,0.038,0.057,0.00798
제3대,정부위원,오재경,2,0,0,3,0,0,2,3,5,15,15268,공보실장,0.327,0.131,0.196,0.00233
제3대,국무위원,손창환,3,0,1,0,1,0,4,1,5,14,21405,보건사회부장관,0.234,0.187,0.047,0.00327
제3대,국무위원,최규옥,3,0,0,0,1,0,3,1,4,27,52674,농림부장관,0.076,0.057,0.019,0.00805
제3대,국무위원,석상옥,4,0,0,0,0,0,4,0,4,5,1900,교통부차관,2.105,2.105,0.0,0.00029
제3대,정부위원,박철재,4,0,0,0,0,0,4,0,4,12,8718,문교부기술교육국장,0.459,0.459,0.0,0.00133
제3대,기타,정운갑,4,0,0,0,0,0,4,0,4,1,1437,총무처장,2.784,2.784,0.0,0.00022
제3대,국무위원,김종갑,2,0,0,0,2,0,2,2,4,11,17412,국방부차관,0.23,0.115,0.115,0.00266
제3대,정부위원,김영준,2,0,0,1,0,0,2,1,3,3,3245,산림국장,0.924,0.616,0.308,0.0005
제3대,정부위원,권병호,0,1,2,0,0,0,3,0,3,3,26429,총무국장,0.114,0.114,0.0,0.00404
제3대,정부위원,신현확,3,0,0,0,0,0,3,0,3,1,897,상공부공업국장,3.344,3.344,0.0,0.00014
제3대,정부위원,홍진기,3,0,0,0,0,0,3,0,3,10,10122,해무청장,0.296,0.296,0.0,0.00155
제3대,정부위원,이열모,1,2,0,0,0,0,3,0,3,89,29986,재무부이재국장,0.1,0.1,0.0,0.00458
제3대,정부위원,안정근,3,0,0,0,0,0,3,0,3,27,18370,전매청장,0.163,0.163,0.0,0.00281
제3대,의원,류지원,0,0,2,1,0,0,2,1,3,18,18734,의원,0.16,0.107,0.053,0.00286
제3대,위원장,류지원,0,0,0,2,1,0,0,3,3,36,19811,국방위원장,0.151,0.0,0.151,0.00303
제3대,정부위원,이치영,0,1,1,0,1,0,2,1,3,24,10851,재무부이재국장,0.276,0.184,0.092,0.00166
제3대,국무위원,최세황,2,0,0,0,0,0,2,0,2,14,15742,국방부차관,0.127,0.127,0.0,0.00241
제3대,의원,이우줄,1,0,1,0,0,0,2,0,2,5,22229,의원,0.09,0.09,0.0,0.0034
제3대,의원,유태영,1,0,1,0,0,0,2,0,2,8,8233,전문위원,0.243,0.243,0.0,0.00126
제3대,국무위원,이광,0,0,0,0,2,0,0,2,2,6,9915,체신부장관,0.202,0.0,0.202,0.00151
제3대,기타,장덕창,2,0,0,0,0,0,2,0,2,5,1474,공군참모총장,1.357,1.357,0.0,0.00023
제3대,국무위원,신현확,2,0,0,0,0,0,2,0,2,9,11535,부흥부차관,0.173,0.173,0.0,0.00176
제3대,정부위원,민복기,1,1,0,0,0,0,2,0,2,26,7307,해무청장,0.274,0.274,0.0,0.00112
제3대,정부위원,이남신,2,0,0,0,0,0,2,0,2,4,1774,농림부축정국장,1.127,1.127,0.0,0.00027
제3대,정부위원,박천일,0,1,0,0,1,0,1,1,2,1,2039,검찰국장,0.981,0.49,0.49,0.00031
제3대,의원,남흥우,0,1,0,0,1,0,1,1,2,22,15514,전문위원,0.129,0.064,0.064,0.00237
제3대,위원장,김병로,0,0,0,2,0,0,0,2,2,1,16538,법전편찬위원장,0.121,0.0,0.121,0.00253
제3대,정부위원,박도언,2,0,0,0,0,0,2,0,2,49,9496,전매청총무국장,0.211,0.211,0.0,0.00145
제3대,국무위원,정진욱,2,0,0,0,0,0,2,0,2,5,5292,보건사회부차관,0.378,0.378,0.0,0.00081
제3대,국무위원,김윤기,0,0,0,0,1,1,0,2,2,32,21756,교통부차관,0.092,0.0,0.092,0.00332
제3대,기타,한성수,0,0,0,1,0,0,0,1,1,14,6942,법원행정처장,0.144,0.0,0.144,0.00106
제3대,의원,쟈부라키,0,0,0,1,0,0,0,1,1,1,2689,의원,0.372,0.0,0.372,0.00041
제3대,정부위원,김준환,1,0,0,0,0,0,1,0,1,47,13880,관재국장,0.072,0.072,0.0,0.00212
제3대,정부위원,김치영,1,0,0,0,0,0,1,0,1,25,17536,전매청장,0.057,0.057,0.0,0.00268
제3대,국무위원,최재호,0,0,0,0,1,0,0,1,1,3,1328,체신부차관,0.753,0.0,0.753,0.0002
제3대,기타,김유택,0,0,0,0,1,0,0,1,1,2,11585,한은총재,0.086,0.0,0.086,0.00177
제3대,정부위원,김해림,1,0,0,0,0,0,1,0,1,5,724,내무부토목국장,1.381,1.381,0.0,0.00011
제3대,국무위원,오영재,0,0,0,0,1,0,0,1,1,21,11442,부흥부차관,0.087,0.0,0.087,0.00175
제3대,의원,서극형,0,0,1,0,0,0,1,0,1,6,5024,전문위원,0.199,0.199,0.0,0.00077
제3대,정부위원,이봉희,0,0,0,0,1,0,0,1,1,39,11873,농림부양정국장,0.084,0.0,0.084,0.00181
제3대,정부위원,신언한,1,0,0,0,0,0,1,0,1,2,1260,법무부형정국장,0.794,0.794,0.0,0.00019
제3대,정부위원,김신서,0,0,0,0,1,0,0,1,1,6,1290,재무부세관국장,0.775,0.0,0.775,0.0002
제3대,의원,김익로,0,0,0,0,1,0,0,1,1,17,13856,의원,0.072,0.0,0.072,0.00212
제3대,기타,민문기,0,0,0,0,1,0,0,1,1,5,5267,법원행정처차장,0.19,0.0,0.19,0.0008
제3대,정부위원,지덕영,0,0,0,0,1,0,0,1,1,2,1894,상역국장,0.528,0.0,0.528,0.00029
제3대,정부위원,김병윤,0,0,0,0,1,0,0,1,1,19,6356,농림부농정국장,0.157,0.0,0.157,0.00097
제3대,기타,송인상,0,0,0,1,0,0,0,1,1,14,6994,한국은행부총재,0.143,0.0,0.143,0.00107
제3대,정부위원,고재필,0,0,0,0,1,0,0,1,1,1,2230,민의원법제조사국장,0.448,0.0,0.448,0.00034
제3대,정부위원,최인규,0,0,0,0,1,0,0,1,1,11,7390,외자청장,0.135,0.0,0.135,0.00113
제3대,정부위원,김영주,1,0,0,0,0,0,1,0,1,6,988,외무부정무국장,1.012,1.012,0.0,0.00015
제3대,정부위원,김동조,1,0,0,0,0,0,1,0,1,7,4663,외무부정무국장,0.214,0.214,0.0,0.00071
제3대,정부위원,신태익,0,0,0,0,0,1,0,1,1,5,3711,법제실장,0.269,0.0,0.269,0.00057
제3대,정부위원,한미,0,0,0,0,0,0,0,0,0,1,81,부흥부기획국장,0.0,0.0,0.0,0.00001
제3대,정부위원,이재곤,0,0,0,0,0,0,0,0,0,5,1139,체신부전무국장,0.0,0.0,0.0,0.00017
제3대,증인·참고인,김동성,0,0,0,0,0,0,0,0,0,2,1622,증인,0.0,0.0,0.0,0.00025
제3대,정부위원,강영직,0,0,0,0,0,0,0,0,0,1,418,교통부공전국장,0.0,0.0,0.0,0.00006
제3대,정부위원,정영기,0,0,0,0,0,0,0,0,0,1,1340,광무국장,0.0,0.0,0.0,0.0002
제3대,의원,헤어지고,0,0,0,0,0,0,0,0,0,1,67,의원,0.0,0.0,0.0,0.00001
제3대,정부위원,최경남,0,0,0,0,0,0,0,0,0,4,915,국방부경리국장,0.0,0.0,0.0,0.00014
제3대,정부위원,김종대,0,0,0,0,0,0,0,0,0,1,374,재무부이재국장,0.0,0.0,0.0,0.00006
제3대,의원,유태식,0,0,0,0,0,0,0,0,0,1,53,위원,0.0,0.0,0.0,0.00001
제3대,정부위원,이동희,0,0,0,0,0,0,0,0,0,4,933,교통부경리국장,0.0,0.0,0.0,0.00014
제3대,국무위원,김호식,0,0,0,0,0,0,0,0,0,11,2740,문교부차관,0.0,0.0,0.0,0.00042
제3대,의원,박영배,0,0,0,0,0,0,0,0,0,1,135,전문위원,0.0,0.0,0.0,0.00002
제3대,의원,김선택,0,0,0,0,0,0,0,0,0,1,657,위원,0.0,0.0,0.0,0.0001
제3대,정부위원,이순용,0,0,0,0,0,0,0,0,0,7,1079,외자청장,0.0,0.0,0.0,0.00016
제3대,의장단,최문흠,0,0,0,0,0,0,0,0,0,1,281,임시의장,0.0,0.0,0.0,0.00004
제3대,정부위원,강명옥,0,0,0,0,0,0,0,0,0,1,849,법무부법제실장,0.0,0.0,0.0,0.00013
제3대,국무위원,박술음,0,0,0,0,0,0,0,0,0,3,4073,사회부장관,0.0,0.0,0.0,0.00062
제3대,의원,황병수,0,0,0,0,0,0,0,0,0,1,1077,의원,0.0,0.0,0.0,0.00016
제3대,국무위원,배응식,0,0,0,0,0,0,0,0,0,1,4611,상공부차관,0.0,0.0,0.0,0.0007
제3대,정부위원,톤당,0,0,0,0,0,0,0,0,0,1,211,고등교육국장,0.0,0.0,0.0,0.00003
제3대,의장단,회의록,0,0,0,0,0,0,0,0,0,1,51,부의장,0.0,0.0,0.0,0.00001
제3대,국무위원,김선기,0,0,0,0,0,0,0,0,0,3,1605,문교부차관,0.0,0.0,0.0,0.00025
제3대,사무처,김용우,0,0,0,0,0,0,0,0,0,3,1116,사무총장,0.0,0.0,0.0,0.00017
제3대,의원,정갑식,0,0,0,0,0,0,0,0,0,1,596,의원,0.0,0.0,0.0,0.00009
제3대,정부위원,서정학,0,0,0,0,0,0,0,0,0,5,5065,내무부치안국장,0.0,0.0,0.0,0.00077
제3대,국무위원,조응천,0,0,0,0,0,0,0,0,0,2,2040,체신부차관,0.0,0.0,0.0,0.00031
제3대,국무위원,정낙훈,0,0,0,0,0,0,0,0,0,3,2053,농림부장관,0.0,0.0,0.0,0.00031
제3대,국무위원,임석무,0,0,0,0,0,0,0,0,0,7,10997,법무부차관,0.0,0.0,0.0,0.00168
제3대,국무위원,홍진기,0,0,0,0,0,0,0,0,0,2,533,법무부장관,0.0,0.0,0.0,0.00008
제3대,의장단,최수주,0,0,0,0,0,0,0,0,0,1,24,부의장,0.0,0.0,0.0,0.0
제3대,의원,도의원,0,0,0,0,0,0,0,0,0,1,20,의원,0.0,0.0,0.0,0.0
제3대,정부위원,이우룡,0,0,0,0,0,0,0,0,0,2,877,해군본부예산국장,0.0,0.0,0.0,0.00013
제3대,정부위원,지창하,0,0,0,0,0,0,0,0,0,12,545,체신부경리국장,0.0,0.0,0.0,0.00008
제3대,정부위원,김병구,0,0,0,0,0,0,0,0,0,5,806,양정국장,0.0,0.0,0.0,0.00012
제3대,정부위원,김봉관,0,0,0,0,0,0,0,0,0,1,66,양정국장,0.0,0.0,0.0,0.00001
제3대,의장단,한성수,0,0,0,0,0,0,0,0,0,2,796,부의장,0.0,0.0,0.0,0.00012
제3대,의원,윤택선,0,0,0,0,0,0,0,0,0,5,1007,전문위원,0.0,0.0,0.0,0.00015
제3대,정부위원,이근칠,0,0,0,0,0,0,0,0,0,2,545,문교부고등교육국장,0.0,0.0,0.0,0.00008
제3대,의원,홍영기,0,0,0,0,0,0,0,0,0,3,247,전문위원,0.0,0.0,0.0,0.00004
제3대,정부위원,유정식,0,0,0,0,0,0,0,0,0,1,1011,전매청연초국장,0.0,0.0,0.0,0.00015
제3대,정부위원,이종태,0,0,0,0,0,0,0,0,0,1,245,전매청총무국장,0.0,0.0,0.0,0.00004
제3대,위원장,김익로,0,0,0,0,0,0,0,0,0,6,5403,징계자격위원장,0.0,0.0,0.0,0.00083
제3대,정부위원,신현주,0,0,0,0,0,0,0,0,0,3,2266,서울특별시건설국장,0.0,0.0,0.0,0.00035
제3대,위원장,표는,0,0,0,0,0,0,0,0,0,1,904,상임위원장,0.0,0.0,0.0,0.00014
제3대,사무처,박종만,0,0,0,0,0,0,0,0,0,6,836,사무총장,0.0,0.0,0.0,0.00013
제3대,의원,송문경,0,0,0,0,0,0,0,0,0,1,1499,의원,0.0,0.0,0.0,0.00023
제3대,정부위원,이창규,0,0,0,0,0,0,0,0,0,1,2233,사세청장,0.0,0.0,0.0,0.00034
제3대,정부위원,이용철,0,0,0,0,0,0,0,0,0,2,1010,재무부관재국장,0.0,0.0,0.0,0.00015
제3대,국무위원,김호직,0,0,0,0,0,0,0,0,0,3,2090,문교부차관,0.0,0.0,0.0,0.00032
제3대,정부위원,박상운,0,0,0,0,0,0,0,0,0,3,839,상공부전기국장,0.0,0.0,0.0,0.00013
제3대,기타,김석범,0,0,0,0,0,0,0,0,0,1,467,해병사령관,0.0,0.0,0.0,0.00007
제3대,정부위원,길경복,0,0,0,0,0,0,0,0,0,1,1406,서울특별시경찰국장,0.0,0.0,0.0,0.00021
제3대,기타,김대식,0,0,0,0,0,0,0,0,0,7,5520,해병대사령관,0.0,0.0,0.0,0.00084
제3대,정부위원,이규석,0,0,0,0,0,0,0,0,0,3,700,농림부양정국장,0.0,0.0,0.0,0.00011
제3대,국무위원,김병윤,0,0,0,0,0,0,0,0,0,14,16226,농림부차관,0.0,0.0,0.0,0.00248
제3대,위원장,류순식,0,0,0,0,0,0,0,0,0,1,1364,사회보건위원장대리,0.0,0.0,0.0,0.00021
제3대,의원,참의원,0,0,0,0,0,0,0,0,0,1,9,의원,0.0,0.0,0.0,0.0
제3대,의원,김두환,0,0,0,0,0,0,0,0,0,1,430,의원,0.0,0.0,0.0,0.00007
제3대,국무위원,이상룡,0,0,0,0,0,0,0,0,0,1,309,내무부차관,0.0,0.0,0.0,0.00005
제3대,기타,정홍섭,0,0,0,0,0,0,0,0,0,2,2263,사무차장,0.0,0.0,0.0,0.00035
제3대,정부위원,이호진,0,0,0,0,0,0,0,0,0,1,1382,의사국장,0.0,0.0,0.0,0.00021
제3대,정부위원,조병욱,0,0,0,0,0,0,0,0,0,1,1058,서울대학교교학국장,0.0,0.0,0.0,0.00016
제3대,정부위원,민한기,0,0,0,0,0,0,0,0,0,1,901,내무부토목국장,0.0,0.0,0.0,0.00014
제3대,정부위원,백선진,0,0,0,0,0,0,0,0,0,1,382,국방부관리국장,0.0,0.0,0.0,0.00006
제3대,의원,염우양,0,0,0,0,0,0,0,0,0,1,394,의원,0.0,0.0,0.0,0.00006
제3대,기타,노진설,0,0,0,0,0,0,0,0,0,10,4183,심계원장,0.0,0.0,0.0,0.00064
제3대,정부위원,이규성,0,0,0,0,0,0,0,0,0,1,706,공군본부군수국장,0.0,0.0,0.0,0.00011
제3대,정부위원,변정규,0,0,0,0,0,0,0,0,0,13,1866,농지관리국장,0.0,0.0,0.0,0.00029
제3대,위원장,강인택,0,0,0,0,0,0,0,0,0,2,1645,감찰위원장,0.0,0.0,0.0,0.00025
제3대,기타,손노티,0,0,0,0,0,0,0,0,0,2,1462,외자구매처장,0.0,0.0,0.0,0.00022
제3대,정부위원,박도수,0,0,0,0,0,0,0,0,0,1,3086,농림부양정국장,0.0,0.0,0.0,0.00047
제3대,의원,이동환,0,0,0,0,0,0,0,0,0,15,4043,전문위원,0.0,0.0,0.0,0.00062
제3대,의원,백재홍,0,0,0,0,0,0,0,0,0,1,793,의원,0.0,0.0,0.0,0.00012
제3대,정부위원,최윤기,0,0,0,0,0,0,0,0,0,1,530,외자청관리국장,0.0,0.0,0.0,0.00008
제3대,정부위원,장하정,0,0,0,0,0,0,0,0,0,1,867,부흥부기획국장,0.0,0.0,0.0,0.00013
제3대,기타,신태익,0,0,0,0,0,0,0,0,0,2,8470,법제처장,0.0,0.0,0.0,0.00129
제3대,의원,이영의,0,0,0,0,0,0,0,0,0,1,15,의원,0.0,0.0,0.0,0.0
제3대,의원,황숙현,0,0,0,0,0,0,0,0,0,1,989,농림위원회전문위원,0.0,0.0,0.0,0.00015
제3대,정부위원,김종원,0,0,0,0,0,0,0,0,0,1,1646,내무부치안국장,0.0,0.0,0.0,0.00025
제3대,기타,갈홍기,0,0,0,0,0,0,0,0,0,4,742,공보처장,0.0,0.0,0.0,0.00011
제3대,기타,우만형,0,0,0,0,0,0,0,0,0,6,5350,사무차장,0.0,0.0,0.0,0.00082
제3대,정부위원,이것은,0,0,0,0,0,0,0,0,0,1,38,문화국장,0.0,0.0,0.0,0.00001
제3대,정부위원,김장흥,0,0,0,0,0,0,0,0,0,1,837,치안국장,0.0,0.0,0.0,0.00013
제3대,정부위원,강종무,0,0,0,0,0,0,0,0,0,8,2724,농림부농지관리국장,0.0,0.0,0.0,0.00042
제3대,정부위원,숫자적인,0,0,0,0,0,0,0,0,0,1,493,부흥부기획국장,0.0,0.0,0.0,0.00008
제3대,의원,조인상,0,0,0,0,0,0,0,0,0,1,91,위원,0.0,0.0,0.0,0.00001
제3대,의원,박영진,0,0,0,0,0,0,0,0,0,1,53,의원,0.0,0.0,0.0,0.00001
제3대,기타,김병로,0,0,0,0,0,0,0,0,0,1,1797,전대법원장,0.0,0.0,0.0,0.00027
제4대,국무위원,송인상,226,146,31,14,39,16,403,69,472,420,943978,재무부장관,0.5,0.427,0.073,0.11809
제4대,국무위원,손창환,52,7,80,12,7,2,139,21,160,81,141163,보건사회부장관,1.133,0.985,0.149,0.01766
제4대,국무위원,신현확,107,1,3,10,25,12,111,47,158,281,331961,부흥부장관,0.476,0.334,0.142,0.04153
제4대,국무위원,이근직,42,66,11,7,7,1,119,15,134,117,235961,농림부장관,0.568,0.504,0.064,0.02952
제4대,국무위원,김현철,21,77,3,4,16,5,101,25,126,183,416090,재무부장관,0.303,0.243,0.06,0.05205
제4대,정부위원,이호진,22,57,6,11,5,16,85,32,117,262,541038,의사국장,0.216,0.157,0.059,0.06768
제4대,국무위원,구용서,79,6,6,2,8,8,91,18,109,133,295687,상공부장관,0.369,0.308,0.061,0.03699
제4대,정부위원,권성기,67,11,2,1,7,1,80,9,89,118,142710,해무청장,0.624,0.561,0.063,0.01785
제4대,국무위원,김일환,72,0,1,8,2,1,73,11,84,188,212296,내무부장관,0.396,0.344,0.052,0.02656
제4대,국무위원,최재유,68,1,0,5,3,4,69,12,81,112,208482,문교부장관,0.389,0.331,0.058,0.02608
제4대,국무위원,정재설,41,11,12,3,7,0,64,10,74,95,197781,농림부장관,0.374,0.324,0.051,0.02474
제4대,정부위원,서상준,54,4,0,5,2,6,58,13,71,344,129743,총무국장,0.547,0.447,0.1,0.01623
제4대,국무위원,김병윤,35,24,3,6,1,0,62,7,69,171,201684,농림부차관,0.342,0.307,0.035,0.02523
제4대,국무위원,김의창,58,1,2,0,2,3,61,5,66,169,141636,상공부차관,0.466,0.431,0.035,0.01772
제4대,국무위원,천병규,11,38,0,1,11,1,49,13,62,128,147130,재무부차관,0.421,0.333,0.088,0.01841
제4대,국무위원,김선기,44,0,8,1,3,1,52,5,57,122,143939,문교부차관,0.396,0.361,0.035,0.01801
제4대,의원,오표,2,3,45,0,0,0,50,0,50,65,14369,전문위원,3.48,3.48,0.0,0.0018
제4대,의원,류순식,34,0,0,8,5,0,34,13,47,257,79126,위원,0.594,0.43,0.164,0.0099
제4대,정부위원,전성천,23,0,0,12,9,1,23,22,45,86,118824,공보실장,0.379,0.194,0.185,0.01486
제4대,정부위원,권택상,1,42,0,0,0,0,43,0,43,80,38829,재무부사세국장,1.107,1.107,0.0,0.00486
제4대,국무위원,정영기,31,0,2,4,0,2,33,6,39,51,41755,부흥부차관,0.934,0.79,0.144,0.00522
제4대,기타,김법린,38,0,0,0,0,0,38,0,38,10,24810,원자력원장,1.532,1.532,0.0,0.0031
제4대,국무위원,문봉제,32,0,1,1,2,0,33,3,36,40,42325,교통부장관,0.851,0.78,0.071,0.00529
제4대,국무위원,김정렬,17,0,2,2,14,0,19,16,35,161,166592,국방부장관,0.21,0.114,0.096,0.02084
제4대,국무위원,오임근,6,23,0,0,1,1,29,2,31,125,106272,재무부차관,0.292,0.273,0.019,0.01329
제4대,기타,송요찬,25,0,2,2,1,0,27,3,30,71,53422,육군참모총장,0.562,0.505,0.056,0.00668
제4대,의원,류청,6,2,5,4,11,1,13,16,29,156,195420,위원,0.148,0.067,0.082,0.02445
제4대,국무위원,최규하,2,0,0,14,4,8,2,26,28,33,50314,외무부차관,0.557,0.04,0.517,0.00629
제4대,정부위원,김영준,22,1,0,0,2,2,23,4,27,28,46776,농림부산림국장,0.577,0.492,0.086,0.00585
제4대,국무위원,김정열,18,0,0,1,7,0,18,8,26,88,130312,국방부장관,0.2,0.138,0.061,0.0163
제4대,정부위원,오재경,15,0,0,1,9,1,15,11,26,52,75991,공보실장,0.342,0.197,0.145,0.00951
제4대,국무위원,홍진기,0,0,4,11,9,0,4,20,24,118,135506,법무부장관,0.177,0.03,0.148,0.01695
제4대,정부위원,민한식,22,0,0,0,1,0,22,1,23,20,19079,내무부토목국장,1.206,1.153,0.052,0.00239
제4대,증인·참고인,심상대,0,3,20,0,0,0,23,0,23,6,3442,증인,6.682,6.682,0.0,0.00043
제4대,의원,이천승,21,0,0,0,1,1,21,2,23,75,14825,전문위원,1.551,1.417,0.135,0.00185
제4대,정부위원,김웅수,21,0,0,0,1,0,21,1,22,43,24967,육군본부군수참모부장,0.881,0.841,0.04,0.00312
제4대,국무위원,조정환,3,0,0,12,3,1,3,16,19,36,35182,외무부장관,0.54,0.085,0.455,0.0044
제4대,기타,정남규,17,0,0,0,1,0,17,1,18,15,28163,농림부농사원장,0.639,0.604,0.036,0.00352
제4대,국무위원,박종식,2,0,0,0,0,16,2,16,18,110,49551,재무부차관,0.363,0.04,0.323,0.0062
제4대,정부위원,강용옥,15,0,1,0,1,0,16,1,17,21,7517,상공부공업국장,2.262,2.129,0.133,0.00094
제4대,증인·참고인,김용후,2,0,13,0,2,0,15,2,17,66,11159,증인,1.523,1.344,0.179,0.0014
제4대,정부위원,신두영,14,0,0,1,2,0,14,3,17,23,23253,국무원사무국장,0.731,0.602,0.129,0.00291
제4대,증인·참고인,이창우,2,0,14,0,0,0,16,0,16,68,5401,증인,2.962,2.962,0.0,0.00068
제4대,정부위원,전효섭,12,0,0,1,2,0,12,3,15,22,10258,상공부광무국장,1.462,1.17,0.292,0.00128
제4대,국무위원,민병기,9,0,1,4,1,0,10,5,15,66,64708,내무부장관,0.232,0.155,0.077,0.00809
제4대,정부위원,이남신,12,0,2,0,1,0,14,1,15,31,32743,농림부축정국장,0.458,0.428,0.031,0.0041
제4대,증인·참고인,이생우,1,0,12,0,1,0,13,1,14,27,7460,증인,1.877,1.743,0.134,0.00093
제4대,의원,류진산,3,0,0,1,10,0,3,11,14,154,132933,위원,0.105,0.023,0.083,0.01663
제4대,정부위원,이상현,13,0,0,0,0,1,13,1,14,17,26571,농림부농지관리국장,0.527,0.489,0.038,0.00332
제4대,증인·참고인,조대훈,0,0,13,0,0,0,13,0,13,36,3562,증인,3.65,3.65,0.0,0.00045
제4대,기타,구용서,4,0,0,0,4,4,4,8,12,17,23598,산업은행총재,0.509,0.17,0.339,0.00295
제4대,기타,명재억,11,1,0,0,0,0,12,0,12,8,13106,농림부중앙농사원장대리,0.916,0.916,0.0,0.00164
제4대,기타,김창규,11,0,0,0,1,0,11,1,12,28,18007,공군참모총장,0.666,0.611,0.056,0.00225
제4대,국무위원,이응준,10,0,0,0,1,0,10,1,11,22,12690,체신부장관,0.867,0.788,0.079,0.00159
제4대,국무위원,신효선,2,0,7,0,0,1,9,1,10,6,9705,보건사회부차관,1.03,0.927,0.103,0.00121
제4대,정부위원,윤태은,9,0,0,0,0,1,9,1,10,47,13023,체신부전무국장,0.768,0.691,0.077,0.00163
제4대,정부위원,유상근,0,0,9,0,0,0,9,0,9,8,10659,내무부통계국장,0.844,0.844,0.0,0.00133
제4대,정부위원,박철재,8,0,0,0,1,0,8,1,9,6,7493,문교부기술교육국장,1.201,1.068,0.133,0.00094
제4대,국무위원,신언한,3,0,2,0,1,3,5,4,9,50,57802,법무부차관,0.156,0.087,0.069,0.00723
제4대,국무위원,최세황,7,1,0,0,1,0,8,1,9,78,113574,국방부차관,0.079,0.07,0.009,0.01421
제4대,정부위원,김인권,6,0,1,0,2,0,7,2,9,56,39258,농림부농정국장,0.229,0.178,0.051,0.00491
제4대,기타,김종오,5,0,0,0,3,0,5,3,8,5,7636,교육총본부총장,1.048,0.655,0.393,0.00096
제4대,증인·참고인,이일해,0,1,7,0,0,0,8,0,8,21,1320,증인,6.061,6.061,0.0,0.00017
제4대,증인·참고인,김동순,0,0,8,0,0,0,8,0,8,30,3129,증인,2.557,2.557,0.0,0.00039
제4대,증인·참고인,정한주,0,0,7,0,1,0,7,1,8,19,2354,증인,3.398,2.974,0.425,0.00029
제4대,증인·참고인,김순길,0,0,7,0,0,0,7,0,7,59,4367,증인,1.603,1.603,0.0,0.00055
제4대,사무처,최정우,7,0,0,0,0,0,7,0,7,52,25784,사무총장,0.271,0.271,0.0,0.00323
제4대,증인·참고인,한옥신,0,0,0,0,7,0,0,7,7,45,29860,증인,0.234,0.0,0.234,0.00374
제4대,국무위원,석상옥,7,0,0,0,0,0,7,0,7,6,3721,교통부차관,1.881,1.881,0.0,0.00047
제4대,국무위원,송원영,6,0,0,0,1,0,6,1,7,132,20755,교통부차관,0.337,0.289,0.048,0.0026
제4대,기타,김대식,4,0,0,0,3,0,4,3,7,16,20311,해병대사령관,0.345,0.197,0.148,0.00254
제4대,증인·참고인,김덕겸,0,1,6,0,0,0,7,0,7,15,992,증인,7.056,7.056,0.0,0.00012
제4대,정부위원,이규성,5,0,0,0,1,0,5,1,6,26,5679,공군본부관리국장,1.057,0.88,0.176,0.00071
제4대,정부위원,최응복,0,6,0,0,0,0,6,0,6,25,18344,내무부지방국장,0.327,0.327,0.0,0.00229
제4대,증인·참고인,김창우,0,0,5,0,1,0,5,1,6,63,8790,증인,0.683,0.569,0.114,0.0011
제4대,국무위원,조응천,5,0,0,0,1,0,5,1,6,12,7765,체신부차관,0.773,0.644,0.129,0.00097
제4대,정부위원,박상운,6,0,0,0,0,0,6,0,6,15,7311,상공부전기국장,0.821,0.821,0.0,0.00091
제4대,증인·참고인,장낙중,0,0,6,0,0,0,6,0,6,19,1222,증인,4.91,4.91,0.0,0.00015
제4대,정부위원,이정용,2,0,0,1,3,0,2,4,6,31,40081,경상남도경찰국장,0.15,0.05,0.1,0.00501
제4대,국무위원,이성우,2,1,0,0,3,0,3,3,6,35,32583,내무부차관,0.184,0.092,0.092,0.00408
제4대,의원,류지원,2,0,2,1,1,0,4,2,6,129,30944,위원,0.194,0.129,0.065,0.00387
제4대,정부위원,현영일,5,0,0,0,1,0,5,1,6,18,6791,교통부시설국장,0.884,0.736,0.147,0.00085
제4대,위원장,김윤기,6,0,0,0,0,0,6,0,6,5,5113,국회의사당도안심사위원회위원장,1.173,1.173,0.0,0.00064
제4대,정부위원,김봉관,5,0,0,0,0,0,5,0,5,18,17277,농림부양정국장,0.289,0.289,0.0,0.00216
제4대,위원장,국회의사,5,0,0,0,0,0,5,0,5,9,3864,당건축설계도안심사위원장,1.294,1.294,0.0,0.00048
제4대,정부위원,김태동,3,0,0,2,0,0,3,2,5,16,6124,부흥부조정국장,0.816,0.49,0.327,0.00077
제4대,기타,류근창,5,0,0,0,0,0,5,0,5,29,4436,육군본부인사참모차장,1.127,1.127,0.0,0.00055
제4대,증인·참고인,신도철,0,0,5,0,0,0,5,0,5,20,1033,증인,4.84,4.84,0.0,0.00013
제4대,정부위원,박만규,3,1,0,0,1,0,4,1,5,6,5814,문교부편수국장,0.86,0.688,0.172,0.00073
제4대,국무위원,김동조,0,0,0,1,3,0,0,4,4,13,29656,외무부차관,0.135,0.0,0.135,0.00371
제4대,정부위원,김종대,0,0,0,0,3,1,0,4,4,32,23306,재무부이재국장,0.172,0.0,0.172,0.00292
제4대,증인·참고인,명주덕,1,0,3,0,0,0,4,0,4,51,6189,증인,0.646,0.646,0.0,0.00077
제4대,정부위원,황정철,4,0,0,0,0,0,4,0,4,36,15335,내무부토목국장,0.261,0.261,0.0,0.00192
제4대,정부위원,송정범,4,0,0,0,0,0,4,0,4,3,1426,부흥부기획국장,2.805,2.805,0.0,0.00018
제4대,정부위원,서정학,4,0,0,0,0,0,4,0,4,12,16400,내무부치안국장,0.244,0.244,0.0,0.00205
제4대,정부위원,이한빈,3,0,0,0,1,0,3,1,4,38,20748,재무부예산국장,0.193,0.145,0.048,0.0026
제4대,정부위원,박춘성,0,0,4,0,0,0,4,0,4,1,1239,내무부통계국장,3.228,3.228,0.0,0.00015
제4대,정부위원,이동세,4,0,0,0,0,0,4,0,4,12,1060,교통부경리국장,3.774,3.774,0.0,0.00013
제4대,기타,임흥순,3,0,0,0,1,0,3,1,4,22,11918,서울특별시장,0.336,0.252,0.084,0.00149
제4대,기타,이용운,3,0,0,0,1,0,3,1,4,36,12466,해군참모총장,0.321,0.241,0.08,0.00156
제4대,정부위원,김병주,3,0,0,0,1,0,3,1,4,37,5227,교통부자재국장대리,0.765,0.574,0.191,0.00065
제4대,정부위원,유충렬,2,0,0,2,0,0,2,2,4,6,7905,서울특별시경찰국장,0.506,0.253,0.253,0.00099
제4대,의원,이은복,2,1,0,0,0,0,3,0,3,11,7999,전문위원,0.375,0.375,0.0,0.001
제4대,정부위원,김정권,3,0,0,0,0,0,3,0,3,24,1730,육군본부정보국장,1.734,1.734,0.0,0.00022
제4대,기타,정긍모,3,0,0,0,0,0,3,0,3,5,9989,해군참모총장,0.3,0.3,0.0,0.00125
제4대,기타,신도성,0,0,0,1,2,0,0,3,3,53,28458,경상남도지사,0.105,0.0,0.105,0.00356
제4대,정부위원,지창하,3,0,0,0,0,0,3,0,3,19,4545,체신부경리국장,0.66,0.66,0.0,0.00057
제4대,정부위원,김서일,2,1,0,0,0,0,3,0,3,3,4349,상공부특허국장,0.69,0.69,0.0,0.00054
제4대,정부위원,안희경,1,0,2,0,0,0,3,0,3,15,14386,외자청장,0.209,0.209,0.0,0.0018
제4대,정부위원,주영복,3,0,0,0,0,0,3,0,3,5,1187,공군본부인사국장,2.527,2.527,0.0,0.00015
제4대,증인·참고인,이유근,0,1,2,0,0,0,3,0,3,5,1819,증인,1.649,1.649,0.0,0.00023
제4대,의원,김승진,3,0,0,0,0,0,3,0,3,4,2121,전문위원,1.414,1.414,0.0,0.00027
제4대,정부위원,민한기,3,0,0,0,0,0,3,0,3,2,3710,내무부토목국장,0.809,0.809,0.0,0.00046
제4대,위원장,김두일,0,0,0,2,1,0,0,3,3,22,24643,중앙선거위원장,0.122,0.0,0.122,0.00308
제4대,정부위원,김송환,0,2,0,0,1,0,2,1,3,20,9693,상공부상역국장,0.31,0.206,0.103,0.00121
제4대,기타,이경춘,3,0,0,0,0,0,3,0,3,4,411,공군본부군수국차장,7.299,7.299,0.0,0.00005
제4대,정부위원,정두길,1,0,0,0,1,1,1,2,3,31,3064,교통부공전국장,0.979,0.326,0.653,0.00038
제4대,정부위원,수리비의,3,0,0,0,0,0,3,0,3,1,156,육군본부관리국장,19.231,19.231,0.0,0.00002
제4대,증인·참고인,최경남,0,0,0,1,1,0,0,2,2,113,21465,증인,0.093,0.0,0.093,0.00269
제4대,의원,이회근,0,0,0,2,0,0,0,2,2,28,5622,전문위원,0.356,0.0,0.356,0.0007
제4대,정부위원,신현확,0,0,0,0,2,0,0,2,2,26,21335,외자청장서리,0.094,0.0,0.094,0.00267
제4대,정부위원,최창언,2,0,0,0,0,0,2,0,2,8,2243,육군본부정훈국장,0.892,0.892,0.0,0.00028
제4대,증인·참고인,김규성,0,0,2,0,0,0,2,0,2,6,622,증인,3.215,3.215,0.0,0.00008
제4대,기타,최하영,1,0,0,0,1,0,1,1,2,13,15553,심계원장,0.129,0.064,0.064,0.00195
제4대,정부위원,박동균,2,0,0,0,0,0,2,0,2,29,5569,육군본부병무국장,0.359,0.359,0.0,0.0007
제4대,기타,최영희,2,0,0,0,0,0,2,0,2,5,1651,교육총본부총장,1.211,1.211,0.0,0.00021
제4대,의원,류순석,0,0,0,0,2,0,0,2,2,2,8804,위원,0.227,0.0,0.227,0.0011
제4대,정부위원,이강학,1,0,0,1,0,0,1,1,2,27,18481,내무부치안국장,0.108,0.054,0.054,0.00231
제4대,국무위원,김치영,2,0,0,0,0,0,2,0,2,2,739,상공부차관,2.706,2.706,0.0,0.00009
제4대,기타,첫째,2,0,0,0,0,0,2,0,2,1,570,해병진해기지사령관,3.509,3.509,0.0,0.00007
제4대,정부위원,윤우경,1,0,0,0,0,1,1,1,2,64,48173,구황실재산관리사무총국장,0.042,0.021,0.021,0.00603
제4대,정부위원,안정근,2,0,0,0,0,0,2,0,2,16,13681,전매청장,0.146,0.146,0.0,0.00171
제4대,기타,이재룡,2,0,0,0,0,0,2,0,2,38,2391,부산병기기지사령관,0.836,0.836,0.0,0.0003
제4대,증인·참고인,류경호,1,0,0,0,1,0,1,1,2,116,2710,증인,0.738,0.369,0.369,0.00034
제4대,증인·참고인,박영두,0,0,0,1,1,0,0,2,2,38,11750,증인,0.17,0.0,0.17,0.00147
제4대,기타,백선엽,0,0,0,0,2,0,0,2,2,23,16952,연합참모본부총장,0.118,0.0,0.118,0.00212
제4대,정부위원,김인순,2,0,0,0,0,0,2,0,2,1,3709,보건사회부부녀국장,0.539,0.539,0.0,0.00046
제4대,정부위원,정의필,0,2,0,0,0,0,2,0,2,7,3594,문교부보통교육국장,0.556,0.556,0.0,0.00045
제4대,정부위원,오임근,2,0,0,0,0,0,2,0,2,23,25222,재무부예산국장,0.079,0.079,0.0,0.00316
제4대,기타,이효,2,0,0,0,0,0,2,0,2,27,3613,육군본부관리차장,0.554,0.554,0.0,0.00045
제4대,증인·참고인,윤용길,0,0,2,0,0,0,2,0,2,17,2928,증인,0.683,0.683,0.0,0.00037
제4대,정부위원,김효섭,2,0,0,0,0,0,2,0,2,1,1323,상공부광무국장,1.512,1.512,0.0,0.00017
제4대,정부위원,한상봉,1,0,0,0,1,0,1,1,2,9,2716,문교부고등교육국장,0.736,0.368,0.368,0.00034
제4대,증인·참고인,이영선,0,0,2,0,0,0,2,0,2,12,912,증인,2.193,2.193,0.0,0.00011
제4대,기타,원용덕,0,0,0,0,2,0,0,2,2,66,22695,헌병사령관,0.088,0.0,0.088,0.00284
제4대,국무위원,보대리,2,0,0,0,0,0,2,0,2,10,1878,국방부차관,1.065,1.065,0.0,0.00023
제4대,정부위원,이신득,1,0,0,0,0,1,1,1,2,21,8096,체신부우정국장,0.247,0.124,0.124,0.00101
제4대,증인·참고인,김동수,0,0,0,0,1,0,0,1,1,61,2160,증인,0.463,0.0,0.463,0.00027
제4대,국무위원,우만형,0,0,0,1,0,0,0,1,1,10,9242,내무부차관,0.108,0.0,0.108,0.00116
제4대,증인·참고인,황응수,0,0,0,0,1,0,0,1,1,17,7819,증인,0.128,0.0,0.128,0.00098
제4대,정부위원,명재억,1,0,0,0,0,0,1,0,1,1,529,농림부농사원교도국장,1.89,1.89,0.0,0.00007
제4대,정부위원,된장,1,0,0,0,0,0,1,0,1,1,493,육군본부군수국장,2.028,2.028,0.0,0.00006
제4대,증인·참고인,김성근,0,0,0,1,0,0,0,1,1,23,5026,증인,0.199,0.0,0.199,0.00063
제4대,정부위원,이성호,1,0,0,0,0,0,1,0,1,7,739,해군본부후방참모부장,1.353,1.353,0.0,0.00009
제4대,위원장,류순식,0,0,0,0,1,0,0,1,1,31,2731,위원장대리,0.366,0.0,0.366,0.00034
제4대,증인·참고인,이재기,1,0,0,0,0,0,1,0,1,33,1458,증인,0.686,0.686,0.0,0.00018
제4대,정부위원,변재갑,0,0,0,0,0,1,0,1,1,2,892,해병대관리국장,1.121,0.0,1.121,0.00011
제4대,정부위원,첫째,1,0,0,0,0,0,1,0,1,1,1751,육군본부군수국장,0.571,0.571,0.0,0.00022
제4대,증인·참고인,이종판,0,0,1,0,0,0,1,0,1,20,3895,증인,0.257,0.257,0.0,0.00049
제4대,기타,유재흥,0,0,0,0,1,0,0,1,1,7,4864,연합참모본부총장,0.206,0.0,0.206,0.00061
제4대,정부위원,안광호,0,0,0,0,1,0,0,1,1,10,3856,국방부관리국장,0.259,0.0,0.259,0.00048
제4대,정부위원,정경모,0,0,0,0,1,0,0,1,1,1,860,보건사회부약정국장,1.163,0.0,1.163,0.00011
제4대,증인·참고인,강지형,0,0,1,0,0,0,1,0,1,10,463,증인,2.16,2.16,0.0,0.00006
제4대,정부위원,박충훈,0,0,0,0,1,0,0,1,1,36,2544,육군본부경리국장,0.393,0.0,0.393,0.00032
제4대,기타,장덕창,1,0,0,0,0,0,1,0,1,11,8174,공군참모총장,0.122,0.122,0.0,0.00102
제4대,정부위원,최석,0,0,0,0,1,0,0,1,1,1,307,육군본부관리참모부장,3.257,0.0,3.257,0.00004
제4대,기타,김용택,1,0,0,0,0,0,1,0,1,1,150,육군본부군수참모부차장,6.667,6.667,0.0,0.00002
제4대,의원,이문세,0,0,1,0,0,0,1,0,1,2,2104,전문위원,0.475,0.475,0.0,0.00026
제4대,정부위원,박인순,1,0,0,0,0,0,1,0,1,1,1540,보건사회부부녀국장,0.649,0.649,0.0,0.00019
제4대,증인·참고인,최병용,0,0,1,0,0,0,1,0,1,6,1179,증인,0.848,0.848,0.0,0.00015
제4대,정부위원,이것은,1,0,0,0,0,0,1,0,1,5,393,육군본부인사국장,2.545,2.545,0.0,0.00005
제4대,증인·참고인,조호갑,0,0,1,0,0,0,1,0,1,27,1126,증인,0.888,0.888,0.0,0.00014
제4대,정부위원,최병환,0,1,0,0,0,0,1,0,1,19,22198,내무부지방국장,0.045,0.045,0.0,0.00278
제4대,정부위원,고재필,0,0,0,0,0,1,0,1,1,10,2929,법제조사국장,0.341,0.0,0.341,0.00037
제4대,기타,부산병기,1,0,0,0,0,0,1,0,1,5,340,기지사령부생산처장,2.941,2.941,0.0,0.00004
제4대,증인·참고인,이원,0,0,1,0,0,0,1,0,1,3,754,증인,1.326,1.326,0.0,0.00009
제4대,정부위원,이병학,0,0,0,0,1,0,0,1,1,1,3097,보건사회부방역국장,0.323,0.0,0.323,0.00039
제4대,증인·참고인,박주복,1,0,0,0,0,0,1,0,1,9,1001,증인,0.999,0.999,0.0,0.00013
제4대,정부위원,윤유선,0,0,1,0,0,0,1,0,1,4,2150,보건사회부의정국장,0.465,0.465,0.0,0.00027
제4대,정부위원,안춘생,1,0,0,0,0,0,1,0,1,17,2196,육군본부인사참모부장,0.455,0.455,0.0,0.00027
제4대,의원,이선교,0,0,0,0,1,0,0,1,1,6,2803,전문위원,0.357,0.0,0.357,0.00035
제4대,증인·참고인,강정규,1,0,0,0,0,0,1,0,1,28,2560,증인,0.391,0.391,0.0,0.00032
제4대,정부위원,김신서,1,0,0,0,0,0,1,0,1,15,6721,재무부세관국장,0.149,0.149,0.0,0.00084
제4대,기타,이호상,0,0,0,0,1,0,0,1,1,59,13106,농업은행부총재,0.076,0.0,0.076,0.00164
제4대,증인·참고인,김경술,0,1,0,0,0,0,1,0,1,56,12395,증인,0.081,0.081,0.0,0.00155
제4대,정부위원,이상훈,0,0,0,0,1,0,0,1,1,19,2928,교통부육운국장,0.342,0.0,0.342,0.00037
제4대,기타,한성수,1,0,0,0,0,0,1,0,1,8,9099,법원행정처장,0.11,0.11,0.0,0.00114
제4대,정부위원,오길영,0,0,0,0,1,0,0,1,1,17,1654,교통부경리국장,0.605,0.0,0.605,0.00021
제4대,의원,박영빈,0,0,0,0,1,0,0,1,1,1,26,전문위원,38.462,0.0,38.462,0.0
제4대,증인·참고인,신용권,0,0,1,0,0,0,1,0,1,5,596,증인,1.678,1.678,0.0,0.00007
제4대,정부위원,이것을,1,0,0,0,0,0,1,0,1,2,265,해병대사령부군수국장,3.774,3.774,0.0,0.00003
제4대,정부위원,지당한,0,0,0,0,0,0,0,0,0,1,174,국방부경리국장,0.0,0.0,0.0,0.00002
제4대,의원,권중섭,0,0,0,0,0,0,0,0,0,1,29,위원,0.0,0.0,0.0,0.0
제4대,기타,육본에서,0,0,0,0,0,0,0,0,0,1,35,경상북도병사구사령관,0.0,0.0,0.0,0.0
제4대,기타,아직까지,0,0,0,0,0,0,0,0,0,1,15,부산경비사령관,0.0,0.0,0.0,0.0
제4대,증인·참고인,최유영,0,0,0,0,0,0,0,0,0,4,2135,증인,0.0,0.0,0.0,0.00027
제4대,정부위원,김정렴,0,0,0,0,0,0,0,0,0,9,3885,재무부이재국장,0.0,0.0,0.0,0.00049
제4대,정부위원,아닙니다,0,0,0,0,0,0,0,0,0,1,53,해병대사령부인사국장,0.0,0.0,0.0,0.00001
제4대,증인·참고인,변재준,0,0,0,0,0,0,0,0,0,3,355,증인,0.0,0.0,0.0,0.00004
제4대,정부위원,주로,0,0,0,0,0,0,0,0,0,2,184,육군본부작전교육국장,0.0,0.0,0.0,0.00002
제4대,정부위원,아직,0,0,0,0,0,0,0,0,0,1,106,육군본부보도실장,0.0,0.0,0.0,0.00001
제4대,기타,황인표,0,0,0,0,0,0,0,0,0,3,395,경상북도병사구사령관,0.0,0.0,0.0,0.00005
제4대,정부위원,이동희,0,0,0,0,0,0,0,0,0,61,9746,교통부경리국장,0.0,0.0,0.0,0.00122
제4대,기타,나빠질,0,0,0,0,0,0,0,0,0,1,19,경상북도병사구사령관,0.0,0.0,0.0,0.0
제4대,증인·참고인,조래운,0,0,0,0,0,0,0,0,0,14,547,증인,0.0,0.0,0.0,0.00007
제4대,기타,대강,0,0,0,0,0,0,0,0,0,1,22,경기병사구사령관,0.0,0.0,0.0,0.0
제4대,기타,없습니다,0,0,0,0,0,0,0,0,0,4,47,부산경비사령관,0.0,0.0,0.0,0.00001
제4대,기타,김희찬,0,0,0,0,0,0,0,0,0,4,303,국방위원회간사,0.0,0.0,0.0,0.00004
제4대,증인·참고인,김우창,0,0,0,0,0,0,0,0,0,1,25,증인,0.0,0.0,0.0,0.0
제4대,증인·참고인,구봉회,0,0,0,0,0,0,0,0,0,4,2135,증인,0.0,0.0,0.0,0.00027
제4대,정부위원,김신단,0,0,0,0,0,0,0,0,0,1,806,재무부관재국장,0.0,0.0,0.0,0.0001
제4대,정부위원,육해공군,0,0,0,0,0,0,0,0,0,1,86,국방부총무국장대리,0.0,0.0,0.0,0.00001
제4대,기타,작년에,0,0,0,0,0,0,0,0,0,1,132,해군함대사령관,0.0,0.0,0.0,0.00002
제4대,증인·참고인,임봉순,0,0,0,0,0,0,0,0,0,30,1930,증인,0.0,0.0,0.0,0.00024
제4대,의원,박명길,0,0,0,0,0,0,0,0,0,1,26,위원,0.0,0.0,0.0,0.0
제4대,정부위원,젯트기를,0,0,0,0,0,0,0,0,0,1,44,공군사관학교정보국장,0.0,0.0,0.0,0.00001
제4대,의원,박병호,0,0,0,0,0,0,0,0,0,1,10,위원,0.0,0.0,0.0,0.0
제4대,증인·참고인,여덕만,0,0,0,0,0,0,0,0,0,19,502,증인,0.0,0.0,0.0,0.00006
제4대,정부위원,과거에는,0,0,0,0,0,0,0,0,0,1,85,국방부경리국장,0.0,0.0,0.0,0.00001
제4대,국무위원,김영찬,0,0,0,0,0,0,0,0,0,1,214,상공부장관,0.0,0.0,0.0,0.00003
제4대,기타,박기희,0,0,0,0,0,0,0,0,0,1,189,농업은행총재,0.0,0.0,0.0,0.00002
제4대,기타,유경인,0,0,0,0,0,0,0,0,0,24,1440,공군본부인사차장,0.0,0.0,0.0,0.00018
제4대,기타,이덕영,0,0,0,0,0,0,0,0,0,2,252,공군기술교육단인사처장,0.0,0.0,0.0,0.00003
제4대,정부위원,적이,0,0,0,0,0,0,0,0,0,1,1145,육군본부정보국장,0.0,0.0,0.0,0.00014
제4대,국무위원,박도언,0,0,0,0,0,0,0,0,0,2,1472,농림부차관,0.0,0.0,0.0,0.00018
제4대,증인·참고인,정금체,0,0,0,0,0,0,0,0,0,23,576,증인,0.0,0.0,0.0,0.00007
제4대,기타,모르는,0,0,0,0,0,0,0,0,0,1,5,충청남도지구병사구사령관,0.0,0.0,0.0,0.0
제4대,정부위원,외무부의,0,0,0,0,0,0,0,0,0,1,84,국방부총무국장대리,0.0,0.0,0.0,0.00001
제4대,기타,영달,0,0,0,0,0,0,0,0,0,1,13,경기병사구사령관,0.0,0.0,0.0,0.0
제4대,정부위원,강봉수,0,0,0,0,0,0,0,0,0,1,1751,보건사회부원호국장,0.0,0.0,0.0,0.00022
제4대,정부위원,감시는,0,0,0,0,0,0,0,0,0,1,169,해군본부관리참모부장,0.0,0.0,0.0,0.00002
제4대,증인·참고인,전창희,0,0,0,0,0,0,0,0,0,43,7265,증인,0.0,0.0,0.0,0.00091
제4대,정부위원,지금까지,0,0,0,0,0,0,0,0,0,1,93,국방부경리국장,0.0,0.0,0.0,0.00001
제4대,의원,이상룡,0,0,0,0,0,0,0,0,0,3,1141,위원,0.0,0.0,0.0,0.00014
제4대,기타,작년,0,0,0,0,0,0,0,0,0,1,20,부산경비사령관,0.0,0.0,0.0,0.0
제4대,정부위원,전봉희,0,0,0,0,0,0,0,0,0,9,1256,공군본부정보국장,0.0,0.0,0.0,0.00016
제4대,증인·참고인,김형대,0,0,0,0,0,0,0,0,0,32,3608,증인,0.0,0.0,0.0,0.00045
제4대,기타,김영찬,0,0,0,0,0,0,0,0,0,4,1649,한국산업은행총재,0.0,0.0,0.0,0.00021
제4대,기타,업자가,0,0,0,0,0,0,0,0,0,1,137,육군본부조달차장,0.0,0.0,0.0,0.00002
제4대,의원,윤영구,0,0,0,0,0,0,0,0,0,6,153,전문위원,0.0,0.0,0.0,0.00002
제4대,미상,이성호,0,0,0,0,0,0,0,0,0,87,3578,"",0.0,0.0,0.0,0.00045
제4대,증인·참고인,김준기,0,0,0,0,0,0,0,0,0,10,736,증인,0.0,0.0,0.0,0.00009
제4대,기타,없었지요,0,0,0,0,0,0,0,0,0,1,8,경기병사구사령관,0.0,0.0,0.0,0.0
제4대,기타,그다음에,0,0,0,0,0,0,0,0,0,1,480,육군특무부대내정처장,0.0,0.0,0.0,0.00006
제4대,정부위원,김영관,0,0,0,0,0,0,0,0,0,4,412,해군본부인사국장,0.0,0.0,0.0,0.00005
제4대,정부위원,시행령에,0,0,0,0,0,0,0,0,0,1,140,육군본부인사국장,0.0,0.0,0.0,0.00002
제4대,정부위원,이재곤,0,0,0,0,0,0,0,0,0,2,414,체신부전무국장,0.0,0.0,0.0,0.00005
제4대,의원,이두형,0,0,0,0,0,0,0,0,0,3,1440,위원,0.0,0.0,0.0,0.00018
제4대,정부위원,내년에,0,0,0,0,0,0,0,0,0,1,12,공군본부경리국장,0.0,0.0,0.0,0.0
제4대,정부위원,거기서,0,0,0,0,0,0,0,0,0,1,14,육군본부보도실장,0.0,0.0,0.0,0.0
제4대,정부위원,이영우,0,0,0,0,0,0,0,0,0,6,595,해병대사령부작전교육국장,0.0,0.0,0.0,0.00007
제4대,정부위원,여기에,0,0,0,0,0,0,0,0,0,2,245,국방부경리국장,0.0,0.0,0.0,0.00003
제4대,정부위원,함성용,0,0,0,0,0,0,0,0,0,14,1612,외자청관리국장,0.0,0.0,0.0,0.0002
제4대,기타,그것은,0,0,0,0,0,0,0,0,0,5,514,병기기지사령부부사령관,0.0,0.0,0.0,0.00006
제4대,증인·참고인,고철환,0,0,0,0,0,0,0,0,0,24,659,증인,0.0,0.0,0.0,0.00008
제4대,정부위원,저희가,0,0,0,0,0,0,0,0,0,2,399,해군본부관리참모부장,0.0,0.0,0.0,0.00005
제4대,기타,저도,0,0,0,0,0,0,0,0,0,1,28,해군함대사령관,0.0,0.0,0.0,0.0
제4대,정부위원,대개,0,0,0,0,0,0,0,0,0,2,325,수로국장,0.0,0.0,0.0,0.00004
제4대,증인·참고인,주영택,0,0,0,0,0,0,0,0,0,4,356,증인,0.0,0.0,0.0,0.00004
제4대,기타,지금까지,0,0,0,0,0,0,0,0,0,1,201,진해해군통제사령관,0.0,0.0,0.0,0.00003
제4대,정부위원,공군에서,0,0,0,0,0,0,0,0,0,1,98,공군작전참모부장,0.0,0.0,0.0,0.00001
제4대,증인·참고인,박계진,0,0,0,0,0,0,0,0,0,15,1695,증인,0.0,0.0,0.0,0.00021
제4대,증인·참고인,최재섭,0,0,0,0,0,0,0,0,0,40,1730,증인,0.0,0.0,0.0,0.00022
제4대,기타,저희들이,0,0,0,0,0,0,0,0,0,1,22,인천경비부사령관,0.0,0.0,0.0,0.0
제4대,정부위원,발행하지,0,0,0,0,0,0,0,0,0,1,24,수로국장,0.0,0.0,0.0,0.0
제4대,정부위원,다른,0,0,0,0,0,0,0,0,0,2,42,해군본부인사국장,0.0,0.0,0.0,0.00001
제4대,증인·참고인,김봉진,0,0,0,0,0,0,0,0,0,25,3118,증인,0.0,0.0,0.0,0.00039
제4대,기타,최응복,0,0,0,0,0,0,0,0,0,13,2302,서울특별시부시장,0.0,0.0,0.0,0.00029
제4대,정부위원,김응순,0,0,0,0,0,0,0,0,0,3,860,해무청해운국장,0.0,0.0,0.0,0.00011
제4대,기타,이것이,0,0,0,0,0,0,0,0,0,1,184,공군본부정보차장,0.0,0.0,0.0,0.00002
제4대,정부위원,차가,0,0,0,0,0,0,0,0,0,1,214,육군본부인사국장,0.0,0.0,0.0,0.00003
제4대,기타,총액이,0,0,0,0,0,0,0,0,0,1,26,해병진해기지사령관,0.0,0.0,0.0,0.0
제4대,증인·참고인,이필재,0,0,0,0,0,0,0,0,0,17,1979,증인,0.0,0.0,0.0,0.00025
제4대,정부위원,그런,0,0,0,0,0,0,0,0,0,1,29,수로국장,0.0,0.0,0.0,0.0
제4대,정부위원,어디를,0,0,0,0,0,0,0,0,0,1,222,육군본부군수국장,0.0,0.0,0.0,0.00003
제4대,정부위원,수로여비,0,0,0,0,0,0,0,0,0,1,18,수로국장,0.0,0.0,0.0,0.0
제4대,증인·참고인,이은철,0,0,0,0,0,0,0,0,0,21,981,증인,0.0,0.0,0.0,0.00012
제4대,기타,말씀하신,0,0,0,0,0,0,0,0,0,1,634,의무기지사령관,0.0,0.0,0.0,0.00008
제4대,기타,정홍섭,0,0,0,0,0,0,0,0,0,12,2014,사무차장,0.0,0.0,0.0,0.00025
제4대,정부위원,도망자에,0,0,0,0,0,0,0,0,0,1,28,해병대사령부인사국장,0.0,0.0,0.0,0.0
제4대,기타,아마,0,0,0,0,0,0,0,0,0,1,22,진해해군통제부사령관,0.0,0.0,0.0,0.0
제4대,기타,총장,0,0,0,0,0,0,0,0,0,1,79,교육총본부부총장,0.0,0.0,0.0,0.00001
제4대,증인·참고인,정현팔,0,0,0,0,0,0,0,0,0,12,1902,증인,0.0,0.0,0.0,0.00024
제4대,기타,봉급,0,0,0,0,0,0,0,0,0,1,25,해군본부경비부사령관,0.0,0.0,0.0,0.0
제4대,기타,그래서,0,0,0,0,0,0,0,0,0,1,105,병기기지사령부부사령관,0.0,0.0,0.0,0.00001
제4대,증인·참고인,신정강,0,0,0,0,0,0,0,0,0,21,642,증인,0.0,0.0,0.0,0.00008
제4대,의원,이수용,0,0,0,0,0,0,0,0,0,44,1151,전문위원,0.0,0.0,0.0,0.00014
제4대,기타,감사한,0,0,0,0,0,0,0,0,0,1,451,진해해군통제사령관,0.0,0.0,0.0,0.00006
제4대,정부위원,솔직히,0,0,0,0,0,0,0,0,0,2,117,육군본부군수국장,0.0,0.0,0.0,0.00001
제4대,정부위원,대략,0,0,0,0,0,0,0,0,0,1,31,공군작전참모부장,0.0,0.0,0.0,0.0
제4대,증인·참고인,김화수,0,0,0,0,0,0,0,0,0,35,2551,증인,0.0,0.0,0.0,0.00032
제4대,기타,조태준,0,0,0,0,0,0,0,0,0,12,701,공군기술교육단경리처장,0.0,0.0,0.0,0.00009
제4대,정부위원,제가,0,0,0,0,0,0,0,0,0,2,288,해병대사령부군수국장,0.0,0.0,0.0,0.00004
제4대,기타,그렇지,0,0,0,0,0,0,0,0,0,1,149,충청남도지구병사구사령관,0.0,0.0,0.0,0.00002
제4대,정부위원,이종우,0,0,0,0,0,0,0,0,0,19,1045,연합참모본부장,0.0,0.0,0.0,0.00013
제4대,증인·참고인,김성립,0,0,0,0,0,0,0,0,0,14,2084,증인,0.0,0.0,0.0,0.00026
제4대,증인·참고인,허형구,0,0,0,0,0,0,0,0,0,26,4548,증인,0.0,0.0,0.0,0.00057
제4대,증인·참고인,김무신,0,0,0,0,0,0,0,0,0,8,1643,증인,0.0,0.0,0.0,0.00021
제4대,위원장,류지원,0,0,0,0,0,0,0,0,0,88,15294,위원장,0.0,0.0,0.0,0.00191
제4대,기타,김일병,0,0,0,0,0,0,0,0,0,1,438,해군참모차장,0.0,0.0,0.0,0.00005
제4대,정부위원,그것이,0,0,0,0,0,0,0,0,0,1,122,육군본부작전교육국장,0.0,0.0,0.0,0.00002
제4대,증인·참고인,주희국,0,0,0,0,0,0,0,0,0,50,2928,증인,0.0,0.0,0.0,0.00037
제4대,의원,나상한,0,0,0,0,0,0,0,0,0,1,40,위원,0.0,0.0,0.0,0.00001
제4대,기타,정정해서,0,0,0,0,0,0,0,0,0,1,10,부산경비사령관,0.0,0.0,0.0,0.0
제4대,정부위원,현시학,0,0,0,0,0,0,0,0,0,2,414,해군본부작전참모부장,0.0,0.0,0.0,0.00005
제4대,기타,이두황,0,0,0,0,0,0,0,0,0,93,9010,전남지구병사구사령관,0.0,0.0,0.0,0.00113
제4대,기타,박숙희,0,0,0,0,0,0,0,0,0,10,3805,농업은행총재,0.0,0.0,0.0,0.00048
제4대,정부위원,작년도,0,0,0,0,0,0,0,0,0,1,105,육군특무부대경리실장,0.0,0.0,0.0,0.00001
제4대,정부위원,윤대은,0,0,0,0,0,0,0,0,0,10,1742,체신부전무국장,0.0,0.0,0.0,0.00022
제4대,증인·참고인,강태호,0,0,0,0,0,0,0,0,0,17,4296,증인,0.0,0.0,0.0,0.00054
제4대,증인·참고인,박세현,0,0,0,0,0,0,0,0,0,9,2666,증인,0.0,0.0,0.0,0.00033
제4대,기타,김이호,0,0,0,0,0,0,0,0,0,1,22,공군기술교육단군수처장,0.0,0.0,0.0,0.0
제4대,정부위원,김창우,0,0,0,0,0,0,0,0,0,1,265,한국운수외자부장,0.0,0.0,0.0,0.00003
제4대,증인·참고인,박용록,0,0,0,0,0,0,0,0,0,17,2580,증인,0.0,0.0,0.0,0.00032
제4대,기타,재료비는,0,0,0,0,0,0,0,0,0,1,9,육군병기기지사령관,0.0,0.0,0.0,0.0
제4대,정부위원,이진호,0,0,0,0,0,0,0,0,0,1,476,의사국장,0.0,0.0,0.0,0.00006
제4대,정부위원,강명옥,0,0,0,0,0,0,0,0,0,11,4658,법무부법제실장,0.0,0.0,0.0,0.00058
제4대,정부위원,박병권,0,0,0,0,0,0,0,0,0,1,294,육군본부관리부장,0.0,0.0,0.0,0.00004
제4대,기타,상신한,0,0,0,0,0,0,0,0,0,1,86,경상남도지구병사구사령관,0.0,0.0,0.0,0.00001
제4대,증인·참고인,최영빈,0,0,0,0,0,0,0,0,0,8,321,증인,0.0,0.0,0.0,0.00004
제4대,기타,잘하고,0,0,0,0,0,0,0,0,0,1,23,진해해군통제사령관,0.0,0.0,0.0,0.0
제4대,국무위원,정동기,0,0,0,0,0,0,0,0,0,1,91,국방장관,0.0,0.0,0.0,0.00001
제4대,정부위원,강호륜,0,0,0,0,0,0,0,0,0,7,1072,공군본부작전국장,0.0,0.0,0.0,0.00013
제4대,기타,금년에,0,0,0,0,0,0,0,0,0,2,94,부산경비사령관,0.0,0.0,0.0,0.00001
제4대,정부위원,재정법에,0,0,0,0,0,0,0,0,0,1,31,해군본부함정국장,0.0,0.0,0.0,0.0
제4대,국무위원,박종권,0,0,0,0,0,0,0,0,0,1,1035,재무부차관,0.0,0.0,0.0,0.00013
제4대,정부위원,이것이,0,0,0,0,0,0,0,0,0,1,36,해병대사령부군수국장,0.0,0.0,0.0,0.0
제4대,기타,연천의,0,0,0,0,0,0,0,0,0,1,63,육군본부조달차장,0.0,0.0,0.0,0.00001
제4대,정부위원,육대이상,0,0,0,0,0,0,0,0,0,1,8,국방부총무국장대리,0.0,0.0,0.0,0.0
제4대,증인·참고인,성원경,0,0,0,0,0,0,0,0,0,13,297,증인,0.0,0.0,0.0,0.00004
제4대,증인·참고인,차형기,0,0,0,0,0,0,0,0,0,33,1555,증인,0.0,0.0,0.0,0.00019
제4대,의원,이태준,0,0,0,0,0,0,0,0,0,2,3467,전문위원,0.0,0.0,0.0,0.00043
제4대,기타,부산에,0,0,0,0,0,0,0,0,0,1,18,부산경비사령관,0.0,0.0,0.0,0.0
제4대,기타,항만과는,0,0,0,0,0,0,0,0,0,1,107,병기기지사령부부사령관,0.0,0.0,0.0,0.00001
제4대,기타,사금만을,0,0,0,0,0,0,0,0,0,1,38,충청남도지구병사구사령관,0.0,0.0,0.0,0.0
제4대,정부위원,가격은,0,0,0,0,0,0,0,0,0,1,23,육군본부군수국장,0.0,0.0,0.0,0.0
제4대,기타,국방부와,0,0,0,0,0,0,0,0,0,1,31,경상북도병사구사령관,0.0,0.0,0.0,0.0
제4대,증인·참고인,이종시,0,0,0,0,0,0,0,0,0,10,489,증인,0.0,0.0,0.0,0.00006
제4대,정부위원,최남규,0,0,0,0,0,0,0,0,0,14,13237,경상남도경찰국장,0.0,0.0,0.0,0.00166
제4대,정부위원,김형일,0,0,0,0,0,0,0,0,0,1,1147,연합참모본부장,0.0,0.0,0.0,0.00014
제4대,정부위원,그중에서,0,0,0,0,0,0,0,0,0,1,445,육군본부군수국장,0.0,0.0,0.0,0.00006
제4대,기타,많이,0,0,0,0,0,0,0,0,0,1,5,경기병사구사령관,0.0,0.0,0.0,0.0
제4대,정부위원,여기는,0,0,0,0,0,0,0,0,0,1,93,육군본부작전교육국장,0.0,0.0,0.0,0.00001
제4대,사무처,정홍섭,0,0,0,0,0,0,0,0,0,42,8049,사무총장대리,0.0,0.0,0.0,0.00101
제4대,의원,정대숙,0,0,0,0,0,0,0,0,0,2,436,전문위원,0.0,0.0,0.0,0.00005
제4대,기타,직접,0,0,0,0,0,0,0,0,0,1,42,육군병기기지사령관,0.0,0.0,0.0,0.00001
제4대,기타,강명현,0,0,0,0,0,0,0,0,0,8,951,육군특무부대특무처장,0.0,0.0,0.0,0.00012
제4대,증인·참고인,배경주,0,0,0,0,0,0,0,0,0,35,1078,증인,0.0,0.0,0.0,0.00013
제4대,기타,김수명,0,0,0,0,0,0,0,0,0,2,1868,육군의무교육기지사령관,0.0,0.0,0.0,0.00023
제4대,증인·참고인,박성희,0,0,0,0,0,0,0,0,0,3,253,증인,0.0,0.0,0.0,0.00003
제4대,증인·참고인,김술남,0,0,0,0,0,0,0,0,0,11,1378,증인,0.0,0.0,0.0,0.00017
제4대,증인·참고인,김남학,0,0,0,0,0,0,0,0,0,1,35,증인,0.0,0.0,0.0,0.0
제4대,의원,김희찬,0,0,0,0,0,0,0,0,0,1,17,전문위원,0.0,0.0,0.0,0.0
제4대,의원,정완영,0,0,0,0,0,0,0,0,0,13,5280,전문위원,0.0,0.0,0.0,0.00066
제4대,기타,재래의,0,0,0,0,0,0,0,0,0,1,38,경기병사구사령관,0.0,0.0,0.0,0.0
제4대,증인·참고인,이만호,0,0,0,0,0,0,0,0,0,47,3363,증인,0.0,0.0,0.0,0.00042
제4대,정부위원,부정을,0,0,0,0,0,0,0,0,0,1,34,국방부경리국장,0.0,0.0,0.0,0.0
제4대,기타,해군하고,0,0,0,0,0,0,0,0,0,1,15,의무기지사령관,0.0,0.0,0.0,0.0
제4대,기타,관재비,0,0,0,0,0,0,0,0,0,1,39,인천경비부사령관,0.0,0.0,0.0,0.0
제4대,정부위원,사실이,0,0,0,0,0,0,0,0,0,1,92,육군본부군수국장,0.0,0.0,0.0,0.00001
제4대,기타,이진갑,0,0,0,0,0,0,0,0,0,1,313,경북병사구사령관,0.0,0.0,0.0,0.00004
제4대,기타,자세한,0,0,0,0,0,0,0,0,0,1,98,진해해군통제사령관,0.0,0.0,0.0,0.00001
제4대,기타,그것을,0,0,0,0,0,0,0,0,0,1,32,인천경비부사령관,0.0,0.0,0.0,0.0
제4대,정부위원,그래서,0,0,0,0,0,0,0,0,0,2,191,육군본부인사국장,0.0,0.0,0.0,0.00002
제4대,정부위원,그것은,0,0,0,0,0,0,0,0,0,10,629,국방부경리국장,0.0,0.0,0.0,0.00008
제4대,정부위원,장경수,0,0,0,0,0,0,0,0,0,1,52,해군본부수로국장,0.0,0.0,0.0,0.00001
제4대,증인·참고인,이학만,0,0,0,0,0,0,0,0,0,21,858,증인,0.0,0.0,0.0,0.00011
제4대,정부위원,조인구,0,0,0,0,0,0,0,0,0,29,5133,내무부치안국장,0.0,0.0,0.0,0.00064
제4대,기타,옛날에는,0,0,0,0,0,0,0,0,0,1,53,경기병사구사령관,0.0,0.0,0.0,0.00001
제4대,기타,그런,0,0,0,0,0,0,0,0,0,5,339,육군본부조달차장,0.0,0.0,0.0,0.00004
제4대,기타,전부터,0,0,0,0,0,0,0,0,0,1,378,해병진해기지사령관,0.0,0.0,0.0,0.00005
제4대,정부위원,사령관의,0,0,0,0,0,0,0,0,0,1,36,해병대사령부인사국장,0.0,0.0,0.0,0.0
제4대,기타,현재,0,0,0,0,0,0,0,0,0,2,225,경상남도지구병사구사령관,0.0,0.0,0.0,0.00003
제4대,기타,박주희,0,0,0,0,0,0,0,0,0,2,1763,농업은행총재,0.0,0.0,0.0,0.00022
제4대,증인·참고인,곽근호,0,0,0,0,0,0,0,0,0,6,202,증인,0.0,0.0,0.0,0.00003
제4대,기타,죽게,0,0,0,0,0,0,0,0,0,1,4,부산경비사령관,0.0,0.0,0.0,0.0
제4대,증인·참고인,김치은,0,0,0,0,0,0,0,0,0,18,585,증인,0.0,0.0,0.0,0.00007
제4대,증인·참고인,최진국,0,0,0,0,0,0,0,0,0,21,2426,증인,0.0,0.0,0.0,0.0003
제4대,정부위원,최진복,0,0,0,0,0,0,0,0,0,4,566,군의학교군종실장,0.0,0.0,0.0,0.00007
제4대,증인·참고인,이명선,0,0,0,0,0,0,0,0,0,13,2104,증인,0.0,0.0,0.0,0.00026
제4대,증인·참고인,조신환,0,0,0,0,0,0,0,0,0,32,3580,증인,0.0,0.0,0.0,0.00045
제4대,기타,이것은,0,0,0,0,0,0,0,0,0,2,123,해군경비사령관,0.0,0.0,0.0,0.00002
제4대,증인·참고인,안여하,0,0,0,0,0,0,0,0,0,7,241,증인,0.0,0.0,0.0,0.00003
제4대,정부위원,부채는,0,0,0,0,0,0,0,0,0,1,6,육군특무부대경리실장,0.0,0.0,0.0,0.0
제4대,증인·참고인,손석래,0,0,0,0,0,0,0,0,0,190,8882,증인,0.0,0.0,0.0,0.00111
제4대,기타,저희들은,0,0,0,0,0,0,0,0,0,1,97,육군특무부대내정처장,0.0,0.0,0.0,0.00001
제4대,증인·참고인,이존일,0,0,0,0,0,0,0,0,0,8,2349,증인,0.0,0.0,0.0,0.00029
제4대,기타,저희는,0,0,0,0,0,0,0,0,0,1,86,병기기지사령부부사령관,0.0,0.0,0.0,0.00001
제4대,정부위원,김계원,0,0,0,0,0,0,0,0,0,1,42,육군본부정보참모부장,0.0,0.0,0.0,0.00001
제4대,정부위원,신응균,0,0,0,0,0,0,0,0,0,1,1713,육군본부행정참모부장,0.0,0.0,0.0,0.00021
제4대,정부위원,김봉렬,0,0,0,0,0,0,0,0,0,34,8769,체신부경리국장,0.0,0.0,0.0,0.0011
제4대,정부위원,정영기,0,0,0,0,0,0,0,0,0,7,3960,상공부광무국장,0.0,0.0,0.0,0.0005
제4대,증인·참고인,권종림,0,0,0,0,0,0,0,0,0,11,1929,증인,0.0,0.0,0.0,0.00024
제4대,기타,홍성준,0,0,0,0,0,0,0,0,0,16,1166,서울지구병사구사령관,0.0,0.0,0.0,0.00015
제4대,증인·참고인,박윤식,0,0,0,0,0,0,0,0,0,14,1542,증인,0.0,0.0,0.0,0.00019
제4대,정부위원,거기에,0,0,0,0,0,0,0,0,0,2,851,해병대사령부인사국장,0.0,0.0,0.0,0.00011
제4대,증인·참고인,박삼철,0,0,0,0,0,0,0,0,0,1,214,증인,0.0,0.0,0.0,0.00003
제4대,증인·참고인,권소협이,0,0,0,0,0,0,0,0,0,2,72,증인,0.0,0.0,0.0,0.00001
제4대,정부위원,월별로,0,0,0,0,0,0,0,0,0,1,6,육군특무부대경리실장,0.0,0.0,0.0,0.0
제4대,증인·참고인,정남규,0,0,0,0,0,0,0,0,0,22,814,증인,0.0,0.0,0.0,0.0001
제4대,정부위원,우선,0,0,0,0,0,0,0,0,0,1,281,육군본부인사국장,0.0,0.0,0.0,0.00004
제4대,증인·참고인,서득용,0,0,0,0,0,0,0,0,0,12,420,증인,0.0,0.0,0.0,0.00005
제4대,기타,총병력이,0,0,0,0,0,0,0,0,0,1,58,육군의무교육기지부사령관,0.0,0.0,0.0,0.00001
제4대,기타,예결에서,0,0,0,0,0,0,0,0,0,1,53,육군본부조달차장,0.0,0.0,0.0,0.00001
제4대,정부위원,한계를,0,0,0,0,0,0,0,0,0,1,34,국방부총무국장대리,0.0,0.0,0.0,0.0
제4대,의원,이동진,0,0,0,0,0,0,0,0,0,1,745,위원,0.0,0.0,0.0,0.00009
제4대,증인·참고인,김성용,0,0,0,0,0,0,0,0,0,3,6202,증인,0.0,0.0,0.0,0.00078
제4대,정부위원,어떻게,0,0,0,0,0,0,0,0,0,1,31,국방부총무국장대리,0.0,0.0,0.0,0.0
제4대,기타,거기에,0,0,0,0,0,0,0,0,0,1,390,진해해군통제사령관,0.0,0.0,0.0,0.00005
제4대,기타,이용을,0,0,0,0,0,0,0,0,0,1,19,충청남도지구병사구사령관,0.0,0.0,0.0,0.0
제4대,증인·참고인,김봉두,0,0,0,0,0,0,0,0,0,10,526,증인,0.0,0.0,0.0,0.00007
제4대,정부위원,작년에도,0,0,0,0,0,0,0,0,0,1,67,육군본부인사국장,0.0,0.0,0.0,0.00001
제4대,정부위원,이규일,0,0,0,0,0,0,0,0,0,4,728,공보실방송관리국장,0.0,0.0,0.0,0.00009
제4대,국무위원,이성호,0,0,0,0,0,0,0,0,0,1,139,재무장관,0.0,0.0,0.0,0.00002
제4대,증인·참고인,김만,0,0,0,0,0,0,0,0,0,3,376,증인,0.0,0.0,0.0,0.00005
제4대,증인·참고인,김순희,0,0,0,0,0,0,0,0,0,14,1632,증인,0.0,0.0,0.0,0.0002
제4대,정부위원,김석근,0,0,0,0,0,0,0,0,0,2,338,해군본부경리부국장,0.0,0.0,0.0,0.00004
제4대,정부위원,봉급에,0,0,0,0,0,0,0,0,0,1,60,헌병사령부경리실장,0.0,0.0,0.0,0.00001
제4대,증인·참고인,제길윤,0,0,0,0,0,0,0,0,0,7,610,증인,0.0,0.0,0.0,0.00008
제4대,기타,그것이,0,0,0,0,0,0,0,0,0,1,230,병기기지사령부부사령관,0.0,0.0,0.0,0.00003
제4대,의원,심재현,0,0,0,0,0,0,0,0,0,1,419,위원,0.0,0.0,0.0,0.00005
제4대,증인·참고인,김봉준,0,0,0,0,0,0,0,0,0,21,3187,증인,0.0,0.0,0.0,0.0004
제4대,증인·참고인,석주암,0,0,0,0,0,0,0,0,0,33,4385,증인,0.0,0.0,0.0,0.00055
제4대,의원,이항령,0,0,0,0,0,0,0,0,0,1,182,전문위원,0.0,0.0,0.0,0.00002
제4대,기타,이흥배,0,0,0,0,0,0,0,0,0,1,669,심계원차장,0.0,0.0,0.0,0.00008
제4대,정부위원,이번에,0,0,0,0,0,0,0,0,0,1,202,육군본부총무국장,0.0,0.0,0.0,0.00003
제4대,증인·참고인,권찬주,0,0,0,0,0,0,0,0,0,10,632,증인,0.0,0.0,0.0,0.00008
제4대,기타,중사,0,0,0,0,0,0,0,0,0,1,21,병기기지사령부부사령관,0.0,0.0,0.0,0.0
제4대,기타,김충남,0,0,0,0,0,0,0,0,0,1,280,해군참모차장,0.0,0.0,0.0,0.00004
제4대,기타,최선을,0,0,0,0,0,0,0,0,0,1,28,해군함대사령관,0.0,0.0,0.0,0.0
제4대,정부위원,저희는,0,0,0,0,0,0,0,0,0,1,215,해군본부관리참모부장,0.0,0.0,0.0,0.00003
제4대,기타,오히려,0,0,0,0,0,0,0,0,0,1,53,진해해군통제부사령관,0.0,0.0,0.0,0.00001
제4대,정부위원,교재창이,0,0,0,0,0,0,0,0,0,1,109,수로국장,0.0,0.0,0.0,0.00001
제4대,증인·참고인,김완길,0,0,0,0,0,0,0,0,0,5,4427,증인,0.0,0.0,0.0,0.00055
제4대,정부위원,군에서,0,0,0,0,0,0,0,0,0,1,254,국방부총무국장대리,0.0,0.0,0.0,0.00003
제4대,기타,전과,0,0,0,0,0,0,0,0,0,1,31,경기병사구사령관,0.0,0.0,0.0,0.0
제4대,정부위원,봉급,0,0,0,0,0,0,0,0,0,1,76,해군본부인사국장,0.0,0.0,0.0,0.00001
제4대,증인·참고인,허판수,0,0,0,0,0,0,0,0,0,16,3525,증인,0.0,0.0,0.0,0.00044
제4대,정부위원,이우용,0,0,0,0,0,0,0,0,0,12,1830,해군본부경리국장,0.0,0.0,0.0,0.00023
제4대,정부위원,이중춘,0,0,0,0,0,0,0,0,0,1,555,농림부양정국장,0.0,0.0,0.0,0.00007
제4대,정부위원,저희들이,0,0,0,0,0,0,0,0,0,4,589,해병대사령부군수국장,0.0,0.0,0.0,0.00007
제4대,의원,이병용,0,0,0,0,0,0,0,0,0,1,37,전문위원,0.0,0.0,0.0,0.0
제4대,기타,김장훈,0,0,0,0,0,0,0,0,0,1,119,함대부사령관,0.0,0.0,0.0,0.00001
제4대,증인·참고인,장병균,0,0,0,0,0,0,0,0,0,28,2551,증인,0.0,0.0,0.0,0.00032
제4대,정부위원,일관된,0,0,0,0,0,0,0,0,0,1,24,국방부경리국장,0.0,0.0,0.0,0.0
제4대,정부위원,강두기,0,0,0,0,0,0,0,0,0,4,1428,해무청시설국장,0.0,0.0,0.0,0.00018
제4대,기타,훈련소에,0,0,0,0,0,0,0,0,0,1,42,경상남도지구병사구사령관,0.0,0.0,0.0,0.00001
제4대,정부위원,권병호,0,0,0,0,0,0,0,0,0,12,658,국방부정훈국장,0.0,0.0,0.0,0.00008
제4대,의원,박병권,0,0,0,0,0,0,0,0,0,1,26,위원,0.0,0.0,0.0,0.0
제4대,기타,박건원,0,0,0,0,0,0,0,0,0,4,785,헌병사령부부사령관,0.0,0.0,0.0,0.0001
제4대,정부위원,사실은,0,0,0,0,0,0,0,0,0,1,465,육군본부인사국장,0.0,0.0,0.0,0.00006
제4대,의원,윤택선,0,0,0,0,0,0,0,0,0,8,4847,전문위원,0.0,0.0,0.0,0.00061
제4대,정부위원,대위,0,0,0,0,0,0,0,0,0,17,560,부산경비사령부장,0.0,0.0,0.0,0.00007
제4대,증인·참고인,정상숙,0,0,0,0,0,0,0,0,0,15,713,증인,0.0,0.0,0.0,0.00009
제4대,정부위원,없습니다,0,0,0,0,0,0,0,0,0,1,21,수로국장,0.0,0.0,0.0,0.0
제4대,정부위원,작전에,0,0,0,0,0,0,0,0,0,1,32,공군작전참모부장,0.0,0.0,0.0,0.0
제4대,정부위원,본부에서,0,0,0,0,0,0,0,0,0,1,51,공군본부경리국장,0.0,0.0,0.0,0.00001
제4대,기타,육군에서,0,0,0,0,0,0,0,0,0,1,69,경상북도병사구사령관,0.0,0.0,0.0,0.00001
제4대,기타,나머지는,0,0,0,0,0,0,0,0,0,1,16,부산경비사령관,0.0,0.0,0.0,0.0
제4대,의원,서일교,0,0,0,0,0,0,0,0,0,20,1590,전문위원,0.0,0.0,0.0,0.0002
제4대,의원,김영륜,0,0,0,0,0,0,0,0,0,1,1861,전문위원,0.0,0.0,0.0,0.00023
제4대,기타,곤란한,0,0,0,0,0,0,0,0,0,1,41,인천경비부사령관,0.0,0.0,0.0,0.00001
제4대,정부위원,김영간,0,0,0,0,0,0,0,0,0,1,907,법무부법무국장,0.0,0.0,0.0,0.00011
제4대,기타,제가,0,0,0,0,0,0,0,0,0,3,292,병기기지사령부부사령관,0.0,0.0,0.0,0.00004
제4대,정부위원,저희들은,0,0,0,0,0,0,0,0,0,1,181,공군사관학교정보국장,0.0,0.0,0.0,0.00002
제4대,정부위원,정의택,0,0,0,0,0,0,0,0,0,17,4941,문교부보통교육국장,0.0,0.0,0.0,0.00062
제4대,기타,수령을,0,0,0,0,0,0,0,0,0,1,48,충청남도지구병사구사령관,0.0,0.0,0.0,0.00001
제4대,기타,종전에,0,0,0,0,0,0,0,0,0,1,40,충청남도지구병사구사령관,0.0,0.0,0.0,0.00001
제4대,의원,이환녕,0,0,0,0,0,0,0,0,0,2,831,전문위원,0.0,0.0,0.0,0.0001
제4대,정부위원,이강내,0,0,0,0,0,0,0,0,0,1,65,헌병부장,0.0,0.0,0.0,0.00001
제4대,기타,현재까지,0,0,0,0,0,0,0,0,0,1,108,육군특무부대내정처장,0.0,0.0,0.0,0.00001
제4대,미상,류지원,0,0,0,0,0,0,0,0,0,1,394,"",0.0,0.0,0.0,0.00005
제4대,정부위원,김창옥,0,0,0,0,0,0,0,0,0,1,334,해병대군수국장,0.0,0.0,0.0,0.00004
제4대,기타,연간,0,0,0,0,0,0,0,0,0,1,160,공군본부관리차장,0.0,0.0,0.0,0.00002
제4대,기타,해병대사,0,0,0,0,0,0,0,0,0,2,87,령부작전교육국차장,0.0,0.0,0.0,0.00001
제4대,기타,수의계약,0,0,0,0,0,0,0,0,0,1,182,육군본부조달차장,0.0,0.0,0.0,0.00002
제4대,증인·참고인,안광훈,0,0,0,0,0,0,0,0,0,24,1572,증인,0.0,0.0,0.0,0.0002
제4대,증인·참고인,이양수,0,0,0,0,0,0,0,0,0,16,3578,증인,0.0,0.0,0.0,0.00045
제4대,정부위원,현재,0,0,0,0,0,0,0,0,0,1,26,해병대사령부군수국장,0.0,0.0,0.0,0.0
제4대,기타,법적,0,0,0,0,0,0,0,0,0,1,15,충청남도지구병사구사령관,0.0,0.0,0.0,0.0
제4대,기타,징병검사,0,0,0,0,0,0,0,0,0,1,16,경기병사구사령관,0.0,0.0,0.0,0.0
제4대,의원,유태영,0,0,0,0,0,0,0,0,0,19,17583,전문위원,0.0,0.0,0.0,0.0022
제4대,정부위원,한상구,0,0,0,0,0,0,0,0,0,2,742,외자청경리국장,0.0,0.0,0.0,0.00009
제4대,정부위원,적어도,0,0,0,0,0,0,0,0,0,1,81,해군본부인사국장,0.0,0.0,0.0,0.00001
제4대,기타,사람이,0,0,0,0,0,0,0,0,0,1,101,병기기지사령부부사령관,0.0,0.0,0.0,0.00001
제4대,정부위원,명칭은,0,0,0,0,0,0,0,0,0,1,59,육군본부인사국장,0.0,0.0,0.0,0.00001
제4대,증인·참고인,연락해서,0,0,0,0,0,0,0,0,0,1,5,증인,0.0,0.0,0.0,0.0
제4대,의원,김찬현,0,0,0,0,0,0,0,0,0,1,938,위원,0.0,0.0,0.0,0.00012
제4대,기타,현지,0,0,0,0,0,0,0,0,0,1,63,해군함대사령관,0.0,0.0,0.0,0.00001
제4대,정부위원,임춘무,0,0,0,0,0,0,0,0,0,2,1940,내무부통계국장,0.0,0.0,0.0,0.00024
제4대,증인·참고인,김봉규,0,0,0,0,0,0,0,0,0,42,1997,증인,0.0,0.0,0.0,0.00025
제4대,정부위원,말씀하신,0,0,0,0,0,0,0,0,0,1,13,국방부총무국장대리,0.0,0.0,0.0,0.0
제4대,정부위원,그렇게,0,0,0,0,0,0,0,0,0,2,265,육군본부총무국장,0.0,0.0,0.0,0.00003
제4대,정부위원,확실한,0,0,0,0,0,0,0,0,0,1,19,국방부총무국장대리,0.0,0.0,0.0,0.0
제4대,기타,함정은,0,0,0,0,0,0,0,0,0,1,240,해군함대사령관,0.0,0.0,0.0,0.00003
제4대,증인·참고인,김희덕,0,0,0,0,0,0,0,0,0,35,3988,증인,0.0,0.0,0.0,0.0005
제4대,증인·참고인,천기홍,0,0,0,0,0,0,0,0,0,14,975,증인,0.0,0.0,0.0,0.00012
제4대,정부위원,최윤기,0,0,0,0,0,0,0,0,0,7,746,외자청구매국장,0.0,0.0,0.0,0.00009
제4대,정부위원,북한에서,0,0,0,0,0,0,0,0,0,1,178,공군작전참모부장,0.0,0.0,0.0,0.00002
제4대,정부위원,제대증을,0,0,0,0,0,0,0,0,0,1,176,육군본부인사국장,0.0,0.0,0.0,0.00002
제4대,정부위원,이병선,0,0,0,0,0,0,0,0,0,1,115,해군본부경리국장,0.0,0.0,0.0,0.00001
제4대,증인·참고인,최원구,0,0,0,0,0,0,0,0,0,14,3131,증인,0.0,0.0,0.0,0.00039
제4대,정부위원,신문은,0,0,0,0,0,0,0,0,0,1,101,육군본부인사국장,0.0,0.0,0.0,0.00001
제4대,기타,김진형,0,0,0,0,0,0,0,0,0,2,2026,한국은행총재,0.0,0.0,0.0,0.00025
제4대,증인·참고인,김효창,0,0,0,0,0,0,0,0,0,28,6759,증인,0.0,0.0,0.0,0.00085
제4대,기타,강태승,0,0,0,0,0,0,0,0,0,1,63,해군대학총장,0.0,0.0,0.0,0.00001
제4대,증인·참고인,정경도,0,0,0,0,0,0,0,0,0,6,970,증인,0.0,0.0,0.0,0.00012
제4대,정부위원,박원석,0,0,0,0,0,0,0,0,0,12,1845,공군본부군수국장,0.0,0.0,0.0,0.00023
제4대,정부위원,연참에서,0,0,0,0,0,0,0,0,0,1,13,공군작전참모부장,0.0,0.0,0.0,0.0
제4대,기타,송재규,0,0,0,0,0,0,0,0,0,1,28,농업은행특수업무부차장,0.0,0.0,0.0,0.0
제4대,증인·참고인,정순조,0,0,0,0,0,0,0,0,0,11,631,증인,0.0,0.0,0.0,0.00008
제4대,정부위원,양회경,0,0,0,0,0,0,0,0,0,1,57,해군본부정보국장,0.0,0.0,0.0,0.00001
제4대,기타,저희들,0,0,0,0,0,0,0,0,0,1,95,인천경비부사령관,0.0,0.0,0.0,0.00001
제4대,증인·참고인,노태선,0,0,0,0,0,0,0,0,0,13,697,증인,0.0,0.0,0.0,0.00009
제4대,정부위원,이용철,0,0,0,0,0,0,0,0,0,7,1325,재무부세관국장,0.0,0.0,0.0,0.00017
제4대,증인·참고인,이갑도,0,0,0,0,0,0,0,0,0,24,848,증인,0.0,0.0,0.0,0.00011
제4대,정부위원,균등히,0,0,0,0,0,0,0,0,0,1,159,육군본부총무국장,0.0,0.0,0.0,0.00002
제4대,정부위원,알고는,0,0,0,0,0,0,0,0,0,1,47,육군본부인사국장,0.0,0.0,0.0,0.00001
제4대,증인·참고인,박종표,0,0,0,0,0,0,0,0,0,36,2323,증인,0.0,0.0,0.0,0.00029
제4대,기타,사실은,0,0,0,0,0,0,0,0,0,1,14,해군함대사령관,0.0,0.0,0.0,0.0
제4대,기타,배영호,0,0,0,0,0,0,0,0,0,7,6075,법원행정처장,0.0,0.0,0.0,0.00076
제4대,기타,책정된,0,0,0,0,0,0,0,0,0,1,54,병기기지사령부부사령관,0.0,0.0,0.0,0.00001
제4대,기타,여기에,0,0,0,0,0,0,0,0,0,1,116,해군함대사령관,0.0,0.0,0.0,0.00001
제4대,기타,오바,0,0,0,0,0,0,0,0,0,1,225,진해해군통제부사령관,0.0,0.0,0.0,0.00003
제4대,정부위원,특별한,0,0,0,0,0,0,0,0,0,1,50,수로국장,0.0,0.0,0.0,0.00001
제4대,정부위원,최구철,0,0,0,0,0,0,0,0,0,2,215,교통부총무국장,0.0,0.0,0.0,0.00003
제4대,기타,시골에,0,0,0,0,0,0,0,0,0,1,42,경상북도병사구사령관,0.0,0.0,0.0,0.00001
제4대,기타,현재로서,0,0,0,0,0,0,0,0,0,1,81,해군함대사령관,0.0,0.0,0.0,0.00001
제4대,기타,사무용품,0,0,0,0,0,0,0,0,0,1,23,인천경비부사령관,0.0,0.0,0.0,0.0
제4대,기타,금년도,0,0,0,0,0,0,0,0,0,1,108,공군본부관리처장,0.0,0.0,0.0,0.00001
제4대,기타,최경록,0,0,0,0,0,0,0,0,0,1,250,국방연구원장,0.0,0.0,0.0,0.00003
제4대,국무위원,이동환,0,0,0,0,0,0,0,0,0,6,1225,내무부차관,0.0,0.0,0.0,0.00015
제4대,정부위원,변시민,0,0,0,0,0,0,0,0,0,3,1120,문교부문화국장,0.0,0.0,0.0,0.00014
제4대,기타,저희,0,0,0,0,0,0,0,0,0,2,166,교육총본부부총장,0.0,0.0,0.0,0.00002
제4대,기타,조용순,0,0,0,0,0,0,0,0,0,1,1475,대법원장,0.0,0.0,0.0,0.00018
제4대,기타,현찰이,0,0,0,0,0,0,0,0,0,1,31,경상남도지구병사구사령관,0.0,0.0,0.0,0.0
제4대,정부위원,연구는,0,0,0,0,0,0,0,0,0,1,154,국방부경리국장,0.0,0.0,0.0,0.00002
제4대,기타,공군의,0,0,0,0,0,0,0,0,0,1,384,공군본부정보차장,0.0,0.0,0.0,0.00005
제4대,증인·참고인,심진택,0,0,0,0,0,0,0,0,0,39,1675,증인,0.0,0.0,0.0,0.00021
제4대,기타,고철로,0,0,0,0,0,0,0,0,0,1,39,병기기지사령부부사령관,0.0,0.0,0.0,0.0
제4대,기타,근근히,0,0,0,0,0,0,0,0,0,1,11,경상남도지구병사구사령관,0.0,0.0,0.0,0.0
제4대,정부위원,군원,0,0,0,0,0,0,0,0,0,1,118,국방부경리국장,0.0,0.0,0.0,0.00001
제4대,정부위원,결국은,0,0,0,0,0,0,0,0,0,1,128,국방부경리국장,0.0,0.0,0.0,0.00002
제4대,정부위원,정년이,0,0,0,0,0,0,0,0,0,1,105,해군본부인사국장,0.0,0.0,0.0,0.00001
제4대,증인·참고인,김병국,0,0,0,0,0,0,0,0,0,42,6824,증인,0.0,0.0,0.0,0.00085
제4대,정부위원,이근상,0,0,0,0,0,0,0,0,0,6,1294,공보실공보국장,0.0,0.0,0.0,0.00016
제4대,증인·참고인,백운붕,0,0,0,0,0,0,0,0,0,27,1113,증인,0.0,0.0,0.0,0.00014
제4대,증인·참고인,김규진,0,0,0,0,0,0,0,0,0,3,515,증인,0.0,0.0,0.0,0.00006
제4대,기타,한국운수,0,0,0,0,0,0,0,0,0,1,8,부산경비사령관,0.0,0.0,0.0,0.0
제4대,기타,박임항,0,0,0,0,0,0,0,0,0,6,6634,국방연구원장,0.0,0.0,0.0,0.00083
제4대,기타,훈련소의,0,0,0,0,0,0,0,0,0,1,46,경상남도지구병사구사령관,0.0,0.0,0.0,0.00001
제4대,정부위원,여기에는,0,0,0,0,0,0,0,0,0,1,52,육군본부작전교육국장,0.0,0.0,0.0,0.00001
제4대,정부위원,박희동,0,0,0,0,0,0,0,0,0,1,44,국장,0.0,0.0,0.0,0.00001
제4대,기타,수송비가,0,0,0,0,0,0,0,0,0,1,66,부산경비사령관,0.0,0.0,0.0,0.00001
제4대,기타,인쇄비,0,0,0,0,0,0,0,0,0,1,144,병기기지사령부부사령관,0.0,0.0,0.0,0.00002
제4대,증인·참고인,엄요섭,0,0,0,0,0,0,0,0,0,15,8806,증인,0.0,0.0,0.0,0.0011
제4대,정부위원,금년도에,0,0,0,0,0,0,0,0,0,1,83,해병대사령부인사국장,0.0,0.0,0.0,0.00001
제4대,정부위원,저도,0,0,0,0,0,0,0,0,0,3,745,육군본부인사국장,0.0,0.0,0.0,0.00009
제4대,기타,해군본부,0,0,0,0,0,0,0,0,0,1,226,진해해군통제부사령관,0.0,0.0,0.0,0.00003
제4대,정부위원,봉급이,0,0,0,0,0,0,0,0,0,1,70,육군본부작전교육국장,0.0,0.0,0.0,0.00001
제4대,기타,전부,0,0,0,0,0,0,0,0,0,2,107,해군함대사령관,0.0,0.0,0.0,0.00001
제4대,증인·참고인,민영학,0,0,0,0,0,0,0,0,0,13,3902,증인,0.0,0.0,0.0,0.00049
제4대,기타,통례가,0,0,0,0,0,0,0,0,0,1,113,충청남도지구병사구사령관,0.0,0.0,0.0,0.00001
제4대,정부위원,그것을,0,0,0,0,0,0,0,0,0,1,278,해병대사령부군수국장,0.0,0.0,0.0,0.00003
제헌,국무위원,장희창,1,105,0,0,0,0,106,0,106,19,27263,재무부차관,3.888,3.888,0.0,0.01083
제헌,정부위원,허남수,15,25,19,4,8,11,59,23,82,198,316890,의사국장,0.259,0.186,0.073,0.1259
제헌,국무위원,이범석,21,4,12,14,10,0,37,24,61,69,190539,국무총리,0.32,0.194,0.126,0.0757
제헌,의원,조국현,12,15,5,9,10,8,32,27,59,399,200171,의원,0.295,0.16,0.135,0.07953
제헌,국무위원,안호상,48,0,0,3,0,0,48,3,51,30,49953,문교부장관,1.021,0.961,0.06,0.01985
제헌,의원,황두연,16,2,7,7,7,8,25,22,47,179,155597,의원,0.302,0.161,0.141,0.06182
제헌,국무위원,장경근,10,11,2,2,1,1,23,4,27,47,112178,내무부차관,0.241,0.205,0.036,0.04457
제헌,위원장,지대형,1,0,0,2,1,22,1,25,26,139,38900,위원장,0.668,0.026,0.643,0.01546
제헌,의원,유진오,4,0,6,2,3,11,10,16,26,89,78958,전문위원,0.329,0.127,0.203,0.03137
제헌,국무위원,조정환,13,0,0,0,1,10,13,11,24,13,17638,외무부차관,1.361,0.737,0.624,0.00701
제헌,정부위원,한창수,6,4,2,1,3,7,12,11,23,15,41443,총무국장,0.555,0.29,0.265,0.01647
제헌,기타,이순탁,8,7,0,0,4,0,15,4,19,23,71236,기획처장,0.267,0.211,0.056,0.0283
제헌,국무위원,윤보선,7,0,3,2,3,1,10,6,16,21,25422,상공부장관,0.629,0.393,0.236,0.0101
제헌,국무위원,이종현,10,0,5,0,1,0,15,1,16,55,94040,농림부장관,0.17,0.16,0.011,0.03736
제헌,의원,윤길중,4,2,0,7,0,0,6,7,13,43,47965,전문위원,0.271,0.125,0.146,0.01906
제헌,국무위원,정구흥,8,0,0,2,1,0,8,3,11,30,39622,농림부차관,0.278,0.202,0.076,0.01574
제헌,의원,김장렬,4,0,4,0,2,0,8,2,10,41,38468,의원,0.26,0.208,0.052,0.01528
제헌,의원,전진항,0,0,9,0,0,0,9,0,9,1,2060,의원,4.369,4.369,0.0,0.00082
제헌,사무처,이철원,0,2,4,0,2,0,6,2,8,23,32426,사무총장,0.247,0.185,0.062,0.01288
제헌,국무위원,김유택,5,2,0,0,0,0,7,0,7,14,11632,재무부차관,0.602,0.602,0.0,0.00462
제헌,사무처,전규홍,0,0,1,2,4,0,1,6,7,103,28223,사무총장,0.248,0.035,0.213,0.01121
제헌,기타,유진오,6,0,0,1,0,0,6,1,7,13,26284,법제처장,0.266,0.228,0.038,0.01044
제헌,국무위원,민희식,6,0,0,0,0,0,6,0,6,2,6082,교통부장관,0.987,0.987,0.0,0.00242
제헌,국무위원,장택상,0,0,0,1,0,5,0,6,6,16,14901,외무부장관,0.403,0.0,0.403,0.00592
제헌,국무위원,장창희,0,5,0,0,1,0,5,1,6,2,1645,재무부차관,3.647,3.04,0.608,0.00065
제헌,국무위원,윤영선,2,0,1,1,1,0,3,2,5,20,23732,농림부장관,0.211,0.126,0.084,0.00943
제헌,국무위원,김갑수,3,0,1,0,1,0,4,1,5,24,45883,법무부차관,0.109,0.087,0.022,0.01823
제헌,의원,권승열,0,0,1,0,0,4,1,4,5,41,32022,전문위원,0.156,0.031,0.125,0.01272
제헌,기타,현근,5,0,0,0,0,0,5,0,5,1,4749,농사개량원장,1.053,1.053,0.0,0.00189
제헌,정부위원,차윤홍,1,0,0,1,1,2,1,4,5,223,108345,의사국장,0.046,0.009,0.037,0.04305
제헌,기타,이철원,0,0,0,3,1,0,0,4,4,6,14448,공보처장,0.277,0.0,0.277,0.00574
제헌,의원,이구수,0,0,1,2,1,0,1,3,4,94,30081,의원,0.133,0.033,0.1,0.01195
제헌,국무위원,신성모,1,0,0,2,1,0,1,3,4,21,46625,국방부장관,0.086,0.021,0.064,0.01852
제헌,국무위원,최창순,2,0,2,0,0,0,4,0,4,2,5281,사회부차관,0.757,0.757,0.0,0.0021
제헌,정부위원,현영익,1,0,3,0,0,0,4,0,4,4,4113,의사국장,0.973,0.973,0.0,0.00163
제헌,의원,김익로,0,0,3,1,0,0,3,1,4,32,14724,의원,0.272,0.204,0.068,0.00585
제헌,국무위원,권승렬,0,0,0,2,1,1,0,4,4,28,59922,법무부장관,0.067,0.0,0.067,0.02381
제헌,사무처,이종선,0,3,0,0,0,0,3,0,3,11,25466,사무총장,0.118,0.118,0.0,0.01012
제헌,국무위원,김윤근,2,0,0,1,0,0,2,1,3,6,7129,법무부차관,0.421,0.281,0.14,0.00283
제헌,기타,김병로,3,0,0,0,0,0,3,0,3,7,13180,대법원장,0.228,0.228,0.0,0.00524
제헌,의원,김용갑,3,0,0,0,0,0,3,0,3,1,7428,전문위원,0.404,0.404,0.0,0.00295
제헌,국무위원,최용덕,2,0,0,0,1,0,2,1,3,45,42681,국방부차관,0.07,0.047,0.023,0.01696
제헌,의원,오택렬,1,0,0,0,1,1,1,2,3,69,8935,의원,0.336,0.112,0.224,0.00355
제헌,기타,전규홍,1,0,0,0,1,0,1,1,2,8,8407,총무처장,0.238,0.119,0.119,0.00334
제헌,의원,이청천,0,0,0,2,0,0,0,2,2,14,14992,의원,0.133,0.0,0.133,0.00596
제헌,의원,류성갑,0,0,1,0,0,1,1,1,2,42,16815,의원,0.119,0.059,0.059,0.00668
제헌,위원장,배은희,0,0,0,2,0,0,0,2,2,2,7664,고시위원장,0.261,0.0,0.261,0.00304
제헌,국무위원,권승열,1,0,0,0,1,0,1,1,2,6,26686,법무부차관,0.075,0.037,0.037,0.0106
제헌,기타,권승렬,2,0,0,0,0,0,2,0,2,9,21350,검찰총장,0.094,0.094,0.0,0.00848
제헌,의장단,김익희,0,0,0,1,0,0,0,1,1,1,524,의장,1.908,0.0,1.908,0.00021
제헌,기타,김훈,1,0,0,0,0,0,1,0,1,20,22527,기획처장,0.044,0.044,0.0,0.00895
제헌,국무위원,백성욱,0,0,0,1,0,0,0,1,1,14,14356,내무부장관,0.07,0.0,0.07,0.0057
제헌,정부위원,김병완,0,0,0,1,0,0,0,1,1,2,2944,내무부치안국장서리,0.34,0.0,0.34,0.00117
제헌,기타,홍은표,0,0,0,0,1,0,0,1,1,1,679,기획처차장,1.473,0.0,1.473,0.00027
제헌,의원,유홍렬,0,0,0,1,0,0,0,1,1,16,3819,의원,0.262,0.0,0.262,0.00152
제헌,위원장,정인보,1,0,0,0,0,0,1,0,1,3,7399,감찰위원장,0.135,0.135,0.0,0.00294
제헌,의원,류홍열,0,0,0,1,0,0,0,1,1,3,583,의원,1.715,0.0,1.715,0.00023
제헌,의원,차윤홍,0,0,0,1,0,0,0,1,1,4,6244,전문위원,0.16,0.0,0.16,0.00248
제헌,국무위원,강직순,0,0,0,0,1,0,0,1,1,3,1176,체신부차관,0.85,0.0,0.85,0.00047
제헌,기타,신태익,0,0,0,1,0,0,0,1,1,11,14383,법제처장,0.07,0.0,0.07,0.00571
제헌,기타,김동성,0,0,0,0,0,1,0,1,1,14,11565,공보처장,0.086,0.0,0.086,0.00459
제헌,의원,박혜정,0,0,0,1,0,0,0,1,1,1,2058,의원,0.486,0.0,0.486,0.00082
제헌,국무위원,김석관,1,0,0,0,0,0,1,0,1,1,2048,교통부차관,0.488,0.488,0.0,0.00081
제헌,의장단,호주대표,0,0,0,0,0,0,0,0,0,1,1506,의장,0.0,0.0,0.0,0.0006
제헌,의원,벡관수,0,0,0,0,0,0,0,0,0,3,687,의원,0.0,0.0,0.0,0.00027
제헌,위원장,노진설,0,0,0,0,0,0,0,0,0,7,7517,국회선거위원장,0.0,0.0,0.0,0.00299
제헌,의원,김광균,0,0,0,0,0,0,0,0,0,2,70,의원,0.0,0.0,0.0,0.00003
제헌,기타,채병덕,0,0,0,0,0,0,0,0,0,10,17713,참모총장대리,0.0,0.0,0.0,0.00704
제헌,의원,황병구,0,0,0,0,0,0,0,0,0,1,2555,의원,0.0,0.0,0.0,0.00102
제헌,의원,서우식,0,0,0,0,0,0,0,0,0,1,6,의원,0.0,0.0,0.0,0.0
제헌,의원,노익환,0,0,0,0,0,0,0,0,0,1,1512,위원,0.0,0.0,0.0,0.0006
제헌,의장단,윤친영,0,0,0,0,0,0,0,0,0,1,77,부의장,0.0,0.0,0.0,0.00003
제헌,의원,손진백,0,0,0,0,0,0,0,0,0,1,1547,의원,0.0,0.0,0.0,0.00061
제헌,의장단,심익희,0,0,0,0,0,0,0,0,0,4,606,의장,0.0,0.0,0.0,0.00024
제헌,의원,김명인,0,0,0,0,0,0,0,0,0,2,1132,의원,0.0,0.0,0.0,0.00045
제헌,의원,황달수,0,0,0,0,0,0,0,0,0,1,6,의원,0.0,0.0,0.0,0.0
제헌,의원,김연준,0,0,0,0,0,0,0,0,0,1,22,의원,0.0,0.0,0.0,0.00001
제헌,의원,기초,0,0,0,0,0,0,0,0,0,1,422,위원,0.0,0.0,0.0,0.00017
제헌,정부위원,허남원,0,0,0,0,0,0,0,0,0,1,1764,의사국장,0.0,0.0,0.0,0.0007
제헌,의원,김호석,0,0,0,0,0,0,0,0,0,2,1248,의원,0.0,0.0,0.0,0.0005
제헌,기타,노진호,0,0,0,0,0,0,0,0,0,1,75,사무차장,0.0,0.0,0.0,0.00003
제헌,기타,권승열,0,0,0,0,0,0,0,0,0,1,3064,검찰총장,0.0,0.0,0.0,0.00122
제헌,의원,이석구,0,0,0,0,0,0,0,0,0,1,290,의원,0.0,0.0,0.0,0.00012
제헌,의원,이국현,0,0,0,0,0,0,0,0,0,1,6,의원,0.0,0.0,0.0,0.0
제헌,국무위원,박종만,0,0,0,0,0,0,0,0,0,3,3184,문교부차관,0.0,0.0,0.0,0.00127
제헌,의원,이상규,0,0,0,0,0,0,0,0,0,4,5488,전문위원,0.0,0.0,0.0,0.00218
제헌,의원,김억기,0,0,0,0,0,0,0,0,0,1,6,의원,0.0,0.0,0.0,0.0
제헌,위원장,황두연,0,0,0,0,0,0,0,0,0,3,2063,산업위원장대리,0.0,0.0,0.0,0.00082
제헌,기타,이종선,0,0,0,0,0,0,0,0,0,2,80,사무차장,0.0,0.0,0.0,0.00003
제헌,정부위원,김병로,0,0,0,0,0,0,0,0,0,2,6224,특별재판부장,0.0,0.0,0.0,0.00247
제헌,의원,장도영,0,0,0,0,0,0,0,0,0,1,23,의원,0.0,0.0,0.0,0.00001
제헌,의원,빅윤원,0,0,0,0,0,0,0,0,0,1,893,의원,0.0,0.0,0.0,0.00035
제헌,위원장,진정서,0,0,0,0,0,0,0,0,0,2,1158,내무치안위원장,0.0,0.0,0.0,0.00046
제헌,의원,김영도,0,0,0,0,0,0,0,0,0,1,6,의원,0.0,0.0,0.0,0.0
제헌,기타,박성준,0,0,0,0,0,0,0,0,0,1,465,대검찰청차장,0.0,0.0,0.0,0.00018
제헌,의원,깅욱중,0,0,0,0,0,0,0,0,0,1,774,의원,0.0,0.0,0.0,0.00031
제헌,의원,이종선,0,0,0,0,0,0,0,0,0,1,6,의원,0.0,0.0,0.0,0.0
제헌,의원,징홍염,0,0,0,0,0,0,0,0,0,2,2163,의원,0.0,0.0,0.0,0.00086
제헌,의장단,긴동원,0,0,0,0,0,0,0,0,0,1,13,부의장,0.0,0.0,0.0,0.00001
제헌,의원,신셩균,0,0,0,0,0,0,0,0,0,1,1946,의원,0.0,0.0,0.0,0.00077
제헌,의원,징병민,0,0,0,0,0,0,0,0,0,1,510,의원,0.0,0.0,0.0,0.0002
제헌,위원장,대리,0,0,0,0,0,0,0,0,0,3,6063,산업위원장,0.0,0.0,0.0,0.00241
제헌,기타,백두진,0,0,0,0,0,0,0,0,0,1,2862,외자총국총장,0.0,0.0,0.0,0.00114
제헌,의원,이우선,0,0,0,0,0,0,0,0,0,1,6,의원,0.0,0.0,0.0,0.0
제헌,의원,김인,0,0,0,0,0,0,0,0,0,1,207,의원,0.0,0.0,0.0,0.00008
제헌,기타,이성준,0,0,0,0,0,0,0,0,0,1,545,대검찰청차장,0.0,0.0,0.0,0.00022
제헌,의원,한엄회,0,0,0,0,0,0,0,0,0,1,7,의원,0.0,0.0,0.0,0.0
제헌,의원,김뱡회,0,0,0,0,0,0,0,0,0,1,6,의원,0.0,0.0,0.0,0.0
제헌,의장단,김동운,0,0,0,0,0,0,0,0,0,1,73,부의장,0.0,0.0,0.0,0.00003
제헌,의원,펴현태,0,0,0,0,0,0,0,0,0,1,22,의원,0.0,0.0,0.0,0.00001
제헌,기타,대리,0,0,0,0,0,0,0,0,0,7,4337,참모총장,0.0,0.0,0.0,0.00172
제헌,의원,유진수,0,0,0,0,0,0,0,0,0,1,6,의원,0.0,0.0,0.0,0.0
제헌,의원,김우삭,0,0,0,0,0,0,0,0,0,1,6,의원,0.0,0.0,0.0,0.0
제헌,국무위원,백한성,0,0,0,0,0,0,0,0,0,3,3977,법무부차관,0.0,0.0,0.0,0.00158
제헌,국무위원,김수학,0,0,0,0,0,0,0,0,0,1,1087,상공부차관,0.0,0.0,0.0,0.00043
제헌,위원장,최윤봉,0,0,0,0,0,0,0,0,0,1,544,외무국방위원장대리,0.0,0.0,0.0,0.00022
제헌,사무처,임철원,0,0,0,0,0,0,0,0,0,1,103,사무총장,0.0,0.0,0.0,0.00004
제헌,의원,오기영,0,0,0,0,0,0,0,0,0,1,6,의원,0.0,0.0,0.0,0.0
제헌,의원,박우결,0,0,0,0,0,0,0,0,0,1,461,의원,0.0,0.0,0.0,0.00018
제헌,의원,이상학,0,0,0,0,0,0,0,0,0,2,12,의원,0.0,0.0,0.0,0.0
제헌,의원,유내완,0,0,0,0,0,0,0,0,0,15,1891,의원,0.0,0.0,0.0,0.00075
제헌,의원,박유경,0,0,0,0,0,0,0,0,0,1,274,의원,0.0,0.0,0.0,0.00011
제헌,국무위원,임병직,0,0,0,0,0,0,0,0,0,7,7663,외무부장관,0.0,0.0,0.0,0.00304
제헌,의원,원용환,0,0,0,0,0,0,0,0,0,1,6,의원,0.0,0.0,0.0,0.0
제헌,의원,빅헤정,0,0,0,0,0,0,0,0,0,1,1174,의원,0.0,0.0,0.0,0.00047
제헌,의원,류래완,0,0,0,0,0,0,0,0,0,10,1528,의원,0.0,0.0,0.0,0.00061
제헌,위원장,이청천,0,0,0,0,0,0,0,0,0,1,255,전원위원장,0.0,0.0,0.0,0.0001
제헌,의장단,신익회,0,0,0,0,0,0,0,0,0,1,81,의장,0.0,0.0,0.0,0.00003
제헌,의원,미국상원,0,0,0,0,0,0,0,0,0,1,2081,의원,0.0,0.0,0.0,0.00083
제헌,기타,김익진,0,0,0,0,0,0,0,0,0,2,1210,검찰총장,0.0,0.0,0.0,0.00048
제헌,의원,겸경도,0,0,0,0,0,0,0,0,0,1,889,의원,0.0,0.0,0.0,0.00035
제헌,의원,김병주,0,0,0,0,0,0,0,0,0,3,696,의원,0.0,0.0,0.0,0.00028
제헌,의원,조현영,0,0,0,0,0,0,0,0,0,1,2016,의원,0.0,0.0,0.0,0.0008
제헌,의장단,이승만원,0,0,0,0,0,0,0,0,0,1,225,의장,0.0,0.0,0.0,0.00009
제헌,의원,김준영,0,0,0,0,0,0,0,0,0,1,6,의원,0.0,0.0,0.0,0.0
제헌,의원,초운교,0,0,0,0,0,0,0,0,0,1,840,의원,0.0,0.0,0.0,0.00033
제헌,정부위원,박현욱,0,0,0,0,0,0,0,0,0,1,37,총무국장,0.0,0.0,0.0,0.00001
제헌,의원,베중혁,0,0,0,0,0,0,0,0,0,2,34,의원,0.0,0.0,0.0,0.00001
제헌,기타,김순탁,0,0,0,0,0,0,0,0,0,1,2072,기획처장,0.0,0.0,0.0,0.00082
제헌,국무위원,황희찬,0,0,0,0,0,0,0,0,0,7,4593,내무부차관,0.0,0.0,0.0,0.00182
제헌,의원,깁봉조,0,0,0,0,0,0,0,0,0,1,15,의원,0.0,0.0,0.0,0.00001
제헌,의원,고병국,0,0,0,0,0,0,0,0,0,3,2206,전문위원,0.0,0.0,0.0,0.00088
제헌,의원,지대형,0,0,0,0,0,0,0,0,0,7,1648,의원,0.0,0.0,0.0,0.00065
제헌,의원,황호연,0,0,0,0,0,0,0,0,0,1,238,의원,0.0,0.0,0.0,0.00009
제헌,국무위원,김홍진,0,0,0,0,0,0,0,0,0,2,352,재무부차관대리,0.0,0.0,0.0,0.00014
제헌,정부위원,백남칠,0,0,0,0,0,0,0,0,0,2,5922,관재총국장,0.0,0.0,0.0,0.00235
제헌,위원장,의장은,0,0,0,0,0,0,0,0,0,2,264,내무치안위원장,0.0,0.0,0.0,0.0001
제헌,의원,빅순석,0,0,0,0,0,0,0,0,0,5,4039,의원,0.0,0.0,0.0,0.0016
제헌,의원,박희병,0,0,0,0,0,0,0,0,0,2,1827,전문위원,0.0,0.0,0.0,0.00073
제헌,의원,이택관,0,0,0,0,0,0,0,0,0,1,6,의원,0.0,0.0,0.0,0.0
제헌,기타,김형원,0,0,0,0,0,0,0,0,0,3,6852,공보처차장,0.0,0.0,0.0,0.00272
제헌,위원장,역시,0,0,0,0,0,0,0,0,0,2,1366,내무치안위원장,0.0,0.0,0.0,0.00054
제헌,의원,권태의,0,0,0,0,0,0,0,0,0,1,489,의원,0.0,0.0,0.0,0.00019
제헌,의원,깁병회,0,0,0,0,0,0,0,0,0,1,6,의원,0.0,0.0,0.0,0.0
제헌,기타,노용호,0,0,0,0,0,0,0,0,0,3,1641,사무차장,0.0,0.0,0.0,0.00065
제헌,의원,뱍해극,0,0,0,0,0,0,0,0,0,1,1480,의원,0.0,0.0,0.0,0.00059
제헌,의원,이석화,0,0,0,0,0,0,0,0,0,1,6,의원,0.0,0.0,0.0,0.0
제헌,정부위원,차인홍,0,0,0,0,0,0,0,0,0,1,808,의사국장,0.0,0.0,0.0,0.00032
제헌,의원,권병로,0,0,0,0,0,0,0,0,0,8,5518,의원,0.0,0.0,0.0,0.00219
제헌,정부위원,이순탁,0,0,0,0,0,0,0,0,0,1,1836,정부위원,0.0,0.0,0.0,0.00073
제헌,의원,최운규,0,0,0,0,0,0,0,0,0,1,6,의원,0.0,0.0,0.0,0.0
제헌,의원,김만선,0,0,0,0,0,0,0,0,0,1,6,의원,0.0,0.0,0.0,0.0
제헌,의장단,윤칭영,0,0,0,0,0,0,0,0,0,1,412,부의장,0.0,0.0,0.0,0.00016
제헌,의장단,윤도영,0,0,0,0,0,0,0,0,0,1,56,부의장,0.0,0.0,0.0,0.00002
제헌,의원,홍순녕,0,0,0,0,0,0,0,0,0,2,135,의원,0.0,0.0,0.0,0.00005
제헌,의원,류준상,0,0,0,0,0,0,0,0,0,2,420,의원,0.0,0.0,0.0,0.00017
제헌,의원,보헌영,0,0,0,0,0,0,0,0,0,1,512,의원,0.0,0.0,0.0,0.0002
제헌,정부위원,최윤전,0,0,0,0,0,0,0,0,0,1,454,의사국장,0.0,0.0,0.0,0.00018
제헌,의원,김병희,0,0,0,0,0,0,0,0,0,1,7,의원,0.0,0.0,0.0,0.0
제헌,국무위원,한통숙,0,0,0,0,0,0,0,0,0,2,4677,상공부차관,0.0,0.0,0.0,0.00186
제헌,의장단,유치영,0,0,0,0,0,0,0,0,0,1,136,부의장,0.0,0.0,0.0,0.00005
제헌,정부위원,권승렬,0,0,0,0,0,0,0,0,0,3,5290,정부위원,0.0,0.0,0.0,0.0021
제헌,의원,박경우,0,0,0,0,0,0,0,0,0,1,7,의원,0.0,0.0,0.0,0.0
제헌,의장단,운치영,0,0,0,0,0,0,0,0,0,1,101,부의장,0.0,0.0,0.0,0.00004
제헌,기타,전유성,0,0,0,0,0,0,0,0,0,1,898,총무처장,0.0,0.0,0.0,0.00036
제헌,국무위원,구영숙,0,0,0,0,0,0,0,0,0,1,600,보건부장관,0.0,0.0,0.0,0.00024
제헌,의장단,긴익희,0,0,0,0,0,0,0,0,0,1,7,의장,0.0,0.0,0.0,0.0
제헌,의원,김덕렬,0,0,0,0,0,0,0,0,0,5,1475,의원,0.0,0.0,0.0,0.00059
제헌,의장단,김동언,0,0,0,0,0,0,0,0,0,1,12,부의장,0.0,0.0,0.0,0.0
