Source,Target,Weight,Edge_Type
제2대-S007|무소속,제2대-S007|민주국민당,1.0,within_session
제2대-S007|무소속,제2대-S007|대한국민당,0.0,within_session
제2대-S007|민주국민당,제2대-S007|대한국민당,0.0,within_session
제2대-S008|일민국락부,제2대-S008|대한독립촉성국민회,0.1451,within_session
제2대-S008|일민국락부,제2대-S008|무소속,0.9662,within_session
제2대-S008|일민국락부,제2대-S008|대한국민당,0.9437,within_session
제2대-S008|일민국락부,제2대-S008|조선민주당,0.1207,within_session
제2대-S008|일민국락부,제2대-S008|민주국민당,0.9915,within_session
제2대-S008|대한독립촉성국민회,제2대-S008|무소속,0.2599,within_session
제2대-S008|대한독립촉성국민회,제2대-S008|대한국민당,0.2514,within_session
제2대-S008|대한독립촉성국민회,제2대-S008|조선민주당,0.9245,within_session
제2대-S008|대한독립촉성국민회,제2대-S008|민주국민당,0.1493,within_session
제2대-S008|무소속,제2대-S008|대한국민당,0.9739,within_session
제2대-S008|무소속,제2대-S008|조선민주당,0.1881,within_session
제2대-S008|무소속,제2대-S008|민주국민당,0.9699,within_session
제2대-S008|대한국민당,제2대-S008|조선민주당,0.1961,within_session
제2대-S008|대한국민당,제2대-S008|민주국민당,0.969,within_session
제2대-S008|조선민주당,제2대-S008|민주국민당,0.0994,within_session
제2대-S009|무소속,제2대-S009|대한국민당,0.8485,within_session
제2대-S010|대한청년단,제2대-S010|조선민주당,0.2169,within_session
제2대-S010|대한청년단,제2대-S010|대한국민당,0.0371,within_session
제2대-S010|대한청년단,제2대-S010|대한독립촉성국민회,0.0,within_session
제2대-S010|대한청년단,제2대-S010|일민국락부,0.7006,within_session
제2대-S010|대한청년단,제2대-S010|민주국민당,0.253,within_session
제2대-S010|대한청년단,제2대-S010|무소속,0.3688,within_session
제2대-S010|대한청년단,제2대-S010|대한부인회,0.4243,within_session
제2대-S010|조선민주당,제2대-S010|대한국민당,0.0535,within_session
제2대-S010|조선민주당,제2대-S010|대한독립촉성국민회,0.0,within_session
제2대-S010|조선민주당,제2대-S010|일민국락부,0.1689,within_session
제2대-S010|조선민주당,제2대-S010|민주국민당,0.0867,within_session
제2대-S010|조선민주당,제2대-S010|무소속,0.5724,within_session
제2대-S010|조선민주당,제2대-S010|대한부인회,0.3068,within_session
제2대-S010|대한국민당,제2대-S010|대한독립촉성국민회,0.9973,within_session
제2대-S010|대한국민당,제2대-S010|일민국락부,0.0453,within_session
제2대-S010|대한국민당,제2대-S010|민주국민당,0.7778,within_session
제2대-S010|대한국민당,제2대-S010|무소속,0.7548,within_session
제2대-S010|대한국민당,제2대-S010|대한부인회,0.0477,within_session
제2대-S010|대한독립촉성국민회,제2대-S010|일민국락부,0.0,within_session
제2대-S010|대한독립촉성국민회,제2대-S010|민주국민당,0.7444,within_session
제2대-S010|대한독립촉성국민회,제2대-S010|무소속,0.7053,within_session
제2대-S010|대한독립촉성국민회,제2대-S010|대한부인회,0.0,within_session
제2대-S010|일민국락부,제2대-S010|민주국민당,0.5339,within_session
제2대-S010|일민국락부,제2대-S010|무소속,0.4288,within_session
제2대-S010|일민국락부,제2대-S010|대한부인회,0.1651,within_session
제2대-S010|민주국민당,제2대-S010|무소속,0.8339,within_session
제2대-S010|민주국민당,제2대-S010|대한부인회,0.3295,within_session
제2대-S010|무소속,제2대-S010|대한부인회,0.4221,within_session
제2대-S011|대한청년단,제2대-S011|중앙불교위원회,0.7954,within_session
제2대-S011|대한청년단,제2대-S011|무소속,0.4414,within_session
제2대-S011|대한청년단,제2대-S011|일민국락부,0.1597,within_session
제2대-S011|대한청년단,제2대-S011|민주국민당,0.4595,within_session
제2대-S011|대한청년단,제2대-S011|대한국민당,0.5551,within_session
제2대-S011|대한청년단,제2대-S011|조선민주당,0.7,within_session
제2대-S011|대한청년단,제2대-S011|대한독립촉성국민회,0.396,within_session
제2대-S011|중앙불교위원회,제2대-S011|무소속,0.4483,within_session
제2대-S011|중앙불교위원회,제2대-S011|일민국락부,0.239,within_session
제2대-S011|중앙불교위원회,제2대-S011|민주국민당,0.4515,within_session
제2대-S011|중앙불교위원회,제2대-S011|대한국민당,0.4973,within_session
제2대-S011|중앙불교위원회,제2대-S011|조선민주당,0.4286,within_session
제2대-S011|중앙불교위원회,제2대-S011|대한독립촉성국민회,0.3479,within_session
제2대-S011|무소속,제2대-S011|일민국락부,0.7955,within_session
제2대-S011|무소속,제2대-S011|민주국민당,0.4568,within_session
제2대-S011|무소속,제2대-S011|대한국민당,0.8743,within_session
제2대-S011|무소속,제2대-S011|조선민주당,0.4619,within_session
제2대-S011|무소속,제2대-S011|대한독립촉성국민회,0.3727,within_session
제2대-S011|일민국락부,제2대-S011|민주국민당,0.4121,within_session
제2대-S011|일민국락부,제2대-S011|대한국민당,0.6354,within_session
제2대-S011|일민국락부,제2대-S011|조선민주당,0.1195,within_session
제2대-S011|일민국락부,제2대-S011|대한독립촉성국민회,0.3881,within_session
제2대-S011|민주국민당,제2대-S011|대한국민당,0.7991,within_session
제2대-S011|민주국민당,제2대-S011|조선민주당,0.1888,within_session
제2대-S011|민주국민당,제2대-S011|대한독립촉성국민회,0.9895,within_session
제2대-S011|대한국민당,제2대-S011|조선민주당,0.5154,within_session
제2대-S011|대한국민당,제2대-S011|대한독립촉성국민회,0.7339,within_session
제2대-S011|조선민주당,제2대-S011|대한독립촉성국민회,0.116,within_session
제2대-S012|대한부인회,제2대-S012|민주국민당,0.2307,within_session
제2대-S012|대한부인회,제2대-S012|대한노동총연맹,1.0,within_session
제2대-S012|대한부인회,제2대-S012|자유당,0.0,within_session
제2대-S012|대한부인회,제2대-S012|대한청년단,0.0,within_session
제2대-S012|대한부인회,제2대-S012|일민국락부,0.5,within_session
제2대-S012|대한부인회,제2대-S012|조선민주당,0.9997,within_session
제2대-S012|대한부인회,제2대-S012|대한독립촉성국민회,0.0,within_session
제2대-S012|대한부인회,제2대-S012|대한국민당,0.4639,within_session
제2대-S012|대한부인회,제2대-S012|무소속,0.6155,within_session
제2대-S012|대한부인회,제2대-S012|중앙불교위원회,0.0,within_session
제2대-S012|민주국민당,제2대-S012|대한노동총연맹,0.2334,within_session
제2대-S012|민주국민당,제2대-S012|자유당,0.4487,within_session
제2대-S012|민주국민당,제2대-S012|대한청년단,0.845,within_session
제2대-S012|민주국민당,제2대-S012|일민국락부,0.7644,within_session
제2대-S012|민주국민당,제2대-S012|조선민주당,0.2379,within_session
제2대-S012|민주국민당,제2대-S012|대한독립촉성국민회,0.645,within_session
제2대-S012|민주국민당,제2대-S012|대한국민당,0.798,within_session
제2대-S012|민주국민당,제2대-S012|무소속,0.8027,within_session
제2대-S012|민주국민당,제2대-S012|중앙불교위원회,0.2884,within_session
제2대-S012|대한노동총연맹,제2대-S012|자유당,0.0065,within_session
제2대-S012|대한노동총연맹,제2대-S012|대한청년단,0.0046,within_session
제2대-S012|대한노동총연맹,제2대-S012|일민국락부,0.5046,within_session
제2대-S012|대한노동총연맹,제2대-S012|조선민주당,0.9999,within_session
제2대-S012|대한노동총연맹,제2대-S012|대한독립촉성국민회,0.0,within_session
제2대-S012|대한노동총연맹,제2대-S012|대한국민당,0.4701,within_session
제2대-S012|대한노동총연맹,제2대-S012|무소속,0.6203,within_session
제2대-S012|대한노동총연맹,제2대-S012|중앙불교위원회,0.0093,within_session
제2대-S012|자유당,제2대-S012|대한청년단,0.6093,within_session
제2대-S012|자유당,제2대-S012|일민국락부,0.7071,within_session
제2대-S012|자유당,제2대-S012|조선민주당,0.0177,within_session
제2대-S012|자유당,제2대-S012|대한독립촉성국민회,0.3162,within_session
제2대-S012|자유당,제2대-S012|대한국민당,0.6411,within_session
제2대-S012|자유당,제2대-S012|무소속,0.5376,within_session
제2대-S012|자유당,제2대-S012|중앙불교위원회,0.7071,within_session
제2대-S012|대한청년단,제2대-S012|일민국락부,0.5539,within_session
제2대-S012|대한청년단,제2대-S012|조선민주당,0.0123,within_session
제2대-S012|대한청년단,제2대-S012|대한독립촉성국민회,0.8257,within_session
제2대-S012|대한청년단,제2대-S012|대한국민당,0.7968,within_session
제2대-S012|대한청년단,제2대-S012|무소속,0.7635,within_session
제2대-S012|대한청년단,제2대-S012|중앙불교위원회,0.4924,within_session
제2대-S012|일민국락부,제2대-S012|조선민주당,0.5123,within_session
제2대-S012|일민국락부,제2대-S012|대한독립촉성국민회,0.2236,within_session
제2대-S012|일민국락부,제2대-S012|대한국민당,0.8329,within_session
제2대-S012|일민국락부,제2대-S012|무소속,0.8116,within_session
제2대-S012|일민국락부,제2대-S012|중앙불교위원회,0.5,within_session
제2대-S012|조선민주당,제2대-S012|대한독립촉성국민회,0.0,within_session
제2대-S012|조선민주당,제2대-S012|대한국민당,0.4806,within_session
제2대-S012|조선민주당,제2대-S012|무소속,0.6284,within_session
제2대-S012|조선민주당,제2대-S012|중앙불교위원회,0.025,within_session
제2대-S012|대한독립촉성국민회,제2대-S012|대한국민당,0.4432,within_session
제2대-S012|대한독립촉성국민회,제2대-S012|무소속,0.5316,within_session
제2대-S012|대한독립촉성국민회,제2대-S012|중앙불교위원회,0.0,within_session
제2대-S012|대한국민당,제2대-S012|무소속,0.9572,within_session
제2대-S012|대한국민당,제2대-S012|중앙불교위원회,0.6748,within_session
제2대-S012|무소속,제2대-S012|중앙불교위원회,0.525,within_session
제2대-S013|자유당,제2대-S013|조선민주당,0.0,within_session
제2대-S013|자유당,제2대-S013|대한국민당,0.4629,within_session
제2대-S013|자유당,제2대-S013|민주국민당,0.1185,within_session
제2대-S013|자유당,제2대-S013|일민국락부,0.0,within_session
제2대-S013|자유당,제2대-S013|무소속,0.3791,within_session
제2대-S013|자유당,제2대-S013|대한청년단,0.0,within_session
제2대-S013|자유당,제2대-S013|대한독립촉성국민회,0.7746,within_session
제2대-S013|조선민주당,제2대-S013|대한국민당,0.8487,within_session
제2대-S013|조선민주당,제2대-S013|민주국민당,0.0711,within_session
제2대-S013|조선민주당,제2대-S013|일민국락부,0.7071,within_session
제2대-S013|조선민주당,제2대-S013|무소속,0.7582,within_session
제2대-S013|조선민주당,제2대-S013|대한청년단,0.9138,within_session
제2대-S013|조선민주당,제2대-S013|대한독립촉성국민회,0.0,within_session
제2대-S013|대한국민당,제2대-S013|민주국민당,0.1299,within_session
제2대-S013|대한국민당,제2대-S013|일민국락부,0.7638,within_session
제2대-S013|대한국민당,제2대-S013|무소속,0.9067,within_session
제2대-S013|대한국민당,제2대-S013|대한청년단,0.8695,within_session
제2대-S013|대한국민당,제2대-S013|대한독립촉성국민회,0.3984,within_session
제2대-S013|민주국민당,제2대-S013|일민국락부,0.0503,within_session
제2대-S013|민주국민당,제2대-S013|무소속,0.4388,within_session
제2대-S013|민주국민당,제2대-S013|대한청년단,0.065,within_session
제2대-S013|민주국민당,제2대-S013|대한독립촉성국민회,0.6428,within_session
제2대-S013|일민국락부,제2대-S013|무소속,0.6823,within_session
제2대-S013|일민국락부,제2대-S013|대한청년단,0.9333,within_session
제2대-S013|일민국락부,제2대-S013|대한독립촉성국민회,0.0,within_session
제2대-S013|무소속,제2대-S013|대한청년단,0.7768,within_session
제2대-S013|무소속,제2대-S013|대한독립촉성국민회,0.5695,within_session
제2대-S013|대한청년단,제2대-S013|대한독립촉성국민회,0.0,within_session
제2대-S014|대한노동총연맹,제2대-S014|대한청년단,0.9363,within_session
제2대-S014|대한노동총연맹,제2대-S014|민주국민당,0.0,within_session
제2대-S014|대한노동총연맹,제2대-S014|대한국민당,0.072,within_session
제2대-S014|대한노동총연맹,제2대-S014|무소속,0.158,within_session
제2대-S014|대한노동총연맹,제2대-S014|일민국락부,0.0,within_session
제2대-S014|대한청년단,제2대-S014|민주국민당,0.1391,within_session
제2대-S014|대한청년단,제2대-S014|대한국민당,0.2117,within_session
제2대-S014|대한청년단,제2대-S014|무소속,0.4202,within_session
제2대-S014|대한청년단,제2대-S014|일민국락부,0.2341,within_session
제2대-S014|민주국민당,제2대-S014|대한국민당,0.9965,within_session
제2대-S014|민주국민당,제2대-S014|무소속,0.8438,within_session
제2대-S014|민주국민당,제2대-S014|일민국락부,0.0583,within_session
제2대-S014|대한국민당,제2대-S014|무소속,0.8644,within_session
제2대-S014|대한국민당,제2대-S014|일민국락부,0.072,within_session
제2대-S014|무소속,제2대-S014|일민국락부,0.4452,within_session
제2대-S015|중앙불교위원회,제2대-S015|대한독립촉성국민회,0.0548,within_session
제2대-S015|중앙불교위원회,제2대-S015|대한청년단,0.037,within_session
제2대-S015|중앙불교위원회,제2대-S015|대한노동총연맹,0.002,within_session
제2대-S015|중앙불교위원회,제2대-S015|일민국락부,0.0135,within_session
제2대-S015|중앙불교위원회,제2대-S015|조선민주당,0.0241,within_session
제2대-S015|중앙불교위원회,제2대-S015|대한국민당,0.0085,within_session
제2대-S015|중앙불교위원회,제2대-S015|무소속,0.0258,within_session
제2대-S015|중앙불교위원회,제2대-S015|민주국민당,0.0212,within_session
제2대-S015|대한독립촉성국민회,제2대-S015|대한청년단,0.9911,within_session
제2대-S015|대한독립촉성국민회,제2대-S015|대한노동총연맹,0.9865,within_session
제2대-S015|대한독립촉성국민회,제2대-S015|일민국락부,0.9891,within_session
제2대-S015|대한독립촉성국민회,제2대-S015|조선민주당,0.9887,within_session
제2대-S015|대한독립촉성국민회,제2대-S015|대한국민당,0.993,within_session
제2대-S015|대한독립촉성국민회,제2대-S015|무소속,0.9921,within_session
제2대-S015|대한독립촉성국민회,제2대-S015|민주국민당,0.9897,within_session
제2대-S015|대한청년단,제2대-S015|대한노동총연맹,0.9987,within_session
제2대-S015|대한청년단,제2대-S015|일민국락부,0.9994,within_session
제2대-S015|대한청년단,제2대-S015|조선민주당,0.9996,within_session
제2대-S015|대한청년단,제2대-S015|대한국민당,0.9987,within_session
제2대-S015|대한청년단,제2대-S015|무소속,0.9996,within_session
제2대-S015|대한청년단,제2대-S015|민주국민당,0.9996,within_session
제2대-S015|대한노동총연맹,제2대-S015|일민국락부,0.9998,within_session
제2대-S015|대한노동총연맹,제2대-S015|조선민주당,0.9997,within_session
제2대-S015|대한노동총연맹,제2대-S015|대한국민당,0.9974,within_session
제2대-S015|대한노동총연맹,제2대-S015|무소속,0.9985,within_session
제2대-S015|대한노동총연맹,제2대-S015|민주국민당,0.9996,within_session
제2대-S015|일민국락부,제2대-S015|조선민주당,0.9999,within_session
제2대-S015|일민국락부,제2대-S015|대한국민당,0.9984,within_session
제2대-S015|일민국락부,제2대-S015|무소속,0.9993,within_session
제2대-S015|일민국락부,제2대-S015|민주국민당,1.0,within_session
제2대-S015|조선민주당,제2대-S015|대한국민당,0.998,within_session
제2대-S015|조선민주당,제2대-S015|무소속,0.9992,within_session
제2대-S015|조선민주당,제2대-S015|민주국민당,0.9999,within_session
제2대-S015|대한국민당,제2대-S015|무소속,0.9996,within_session
제2대-S015|대한국민당,제2대-S015|민주국민당,0.9985,within_session
제2대-S015|무소속,제2대-S015|민주국민당,0.9995,within_session
제2대-S016|일민국락부,제2대-S016|대한청년단,0.5422,within_session
제2대-S016|일민국락부,제2대-S016|대한노동총연맹,0.0,within_session
제2대-S016|일민국락부,제2대-S016|대한국민당,0.5393,within_session
제2대-S016|일민국락부,제2대-S016|대한독립촉성국민회,0.0,within_session
제2대-S016|일민국락부,제2대-S016|민주국민당,0.0905,within_session
제2대-S016|일민국락부,제2대-S016|조선민주당,0.0722,within_session
제2대-S016|일민국락부,제2대-S016|무소속,0.4536,within_session
제2대-S016|일민국락부,제2대-S016|중앙불교위원회,0.0,within_session
제2대-S016|대한청년단,제2대-S016|대한노동총연맹,0.0,within_session
제2대-S016|대한청년단,제2대-S016|대한국민당,0.9184,within_session
제2대-S016|대한청년단,제2대-S016|대한독립촉성국민회,0.3651,within_session
제2대-S016|대한청년단,제2대-S016|민주국민당,0.3698,within_session
제2대-S016|대한청년단,제2대-S016|조선민주당,0.202,within_session
제2대-S016|대한청년단,제2대-S016|무소속,0.7974,within_session
제2대-S016|대한청년단,제2대-S016|중앙불교위원회,0.3651,within_session
제2대-S016|대한노동총연맹,제2대-S016|대한국민당,0.3596,within_session
제2대-S016|대한노동총연맹,제2대-S016|대한독립촉성국민회,0.0,within_session
제2대-S016|대한노동총연맹,제2대-S016|민주국민당,0.7538,within_session
제2대-S016|대한노동총연맹,제2대-S016|조선민주당,0.9631,within_session
제2대-S016|대한노동총연맹,제2대-S016|무소속,0.3138,within_session
제2대-S016|대한노동총연맹,제2대-S016|중앙불교위원회,0.0,within_session
제2대-S016|대한국민당,제2대-S016|대한독립촉성국민회,0.4177,within_session
제2대-S016|대한국민당,제2대-S016|민주국민당,0.6582,within_session
제2대-S016|대한국민당,제2대-S016|조선민주당,0.5535,within_session
제2대-S016|대한국민당,제2대-S016|무소속,0.8332,within_session
제2대-S016|대한국민당,제2대-S016|중앙불교위원회,0.3451,within_session
제2대-S016|대한독립촉성국민회,제2대-S016|민주국민당,0.6396,within_session
제2대-S016|대한독립촉성국민회,제2대-S016|조선민주당,0.1703,within_session
제2대-S016|대한독립촉성국민회,제2대-S016|무소속,0.4842,within_session
제2대-S016|대한독립촉성국민회,제2대-S016|중앙불교위원회,0.5,within_session
제2대-S016|민주국민당,제2대-S016|조선민주당,0.853,within_session
제2대-S016|민주국민당,제2대-S016|무소속,0.6344,within_session
제2대-S016|민주국민당,제2대-S016|중앙불교위원회,0.3198,within_session
제2대-S016|조선민주당,제2대-S016|무소속,0.4757,within_session
제2대-S016|조선민주당,제2대-S016|중앙불교위원회,0.1703,within_session
제2대-S016|무소속,제2대-S016|중앙불교위원회,0.6859,within_session
제2대-S017|무소속,제2대-S017|민주국민당,0.6958,within_session
제2대-S017|무소속,제2대-S017|대한국민당,0.9112,within_session
제2대-S017|무소속,제2대-S017|자유당,0.6833,within_session
제2대-S017|무소속,제2대-S017|일민국락부,0.6833,within_session
제2대-S017|무소속,제2대-S017|대한청년단,0.6819,within_session
제2대-S017|민주국민당,제2대-S017|대한국민당,0.8895,within_session
제2대-S017|민주국민당,제2대-S017|자유당,0.8729,within_session
제2대-S017|민주국민당,제2대-S017|일민국락부,0.0,within_session
제2대-S017|민주국민당,제2대-S017|대한청년단,0.3563,within_session
제2대-S017|대한국민당,제2대-S017|자유당,0.9058,within_session
제2대-S017|대한국민당,제2대-S017|일민국락부,0.3397,within_session
제2대-S017|대한국민당,제2대-S017|대한청년단,0.6009,within_session
제2대-S017|자유당,제2대-S017|일민국락부,0.0,within_session
제2대-S017|자유당,제2대-S017|대한청년단,0.4082,within_session
제2대-S017|일민국락부,제2대-S017|대한청년단,0.4082,within_session
제2대-S018|민주국민당,제2대-S018|대한노동총연맹,0.0286,within_session
제2대-S018|민주국민당,제2대-S018|대한국민당,0.2355,within_session
제2대-S018|민주국민당,제2대-S018|대한청년단,0.0394,within_session
제2대-S018|민주국민당,제2대-S018|조선민주당,0.0481,within_session
제2대-S018|민주국민당,제2대-S018|자유당,0.0394,within_session
제2대-S018|민주국민당,제2대-S018|무소속,0.775,within_session
제2대-S018|민주국민당,제2대-S018|대한독립촉성국민회,0.068,within_session
제2대-S018|대한노동총연맹,제2대-S018|대한국민당,0.4858,within_session
제2대-S018|대한노동총연맹,제2대-S018|대한청년단,0.0,within_session
제2대-S018|대한노동총연맹,제2대-S018|조선민주당,0.7071,within_session
제2대-S018|대한노동총연맹,제2대-S018|자유당,0.0,within_session
제2대-S018|대한노동총연맹,제2대-S018|무소속,0.1744,within_session
제2대-S018|대한노동총연맹,제2대-S018|대한독립촉성국민회,0.6667,within_session
제2대-S018|대한국민당,제2대-S018|대한청년단,0.1267,within_session
제2대-S018|대한국민당,제2대-S018|조선민주당,0.4331,within_session
제2대-S018|대한국민당,제2대-S018|자유당,0.1267,within_session
제2대-S018|대한국민당,제2대-S018|무소속,0.5758,within_session
제2대-S018|대한국민당,제2대-S018|대한독립촉성국민회,0.4788,within_session
제2대-S018|대한청년단,제2대-S018|조선민주당,0.7071,within_session
제2대-S018|대한청년단,제2대-S018|자유당,1.0,within_session
제2대-S018|대한청년단,제2대-S018|무소속,0.3488,within_session
제2대-S018|대한청년단,제2대-S018|대한독립촉성국민회,0.3333,within_session
제2대-S018|조선민주당,제2대-S018|자유당,0.7071,within_session
제2대-S018|조선민주당,제2대-S018|무소속,0.37,within_session
제2대-S018|조선민주당,제2대-S018|대한독립촉성국민회,0.7071,within_session
제2대-S018|자유당,제2대-S018|무소속,0.3488,within_session
제2대-S018|자유당,제2대-S018|대한독립촉성국민회,0.3333,within_session
제2대-S018|무소속,제2대-S018|대한독립촉성국민회,0.5635,within_session
제3대-S019|민주국민당,제3대-S019|무소속,0.965,within_session
제3대-S019|민주국민당,제3대-S019|국민당,0.9446,within_session
제3대-S019|민주국민당,제3대-S019|자유당,0.7907,within_session
제3대-S019|무소속,제3대-S019|국민당,0.8954,within_session
제3대-S019|무소속,제3대-S019|자유당,0.8199,within_session
제3대-S019|국민당,제3대-S019|자유당,0.7959,within_session
제3대-S020|민주국민당,제3대-S020|제헌국회호헌동지회,0.4191,within_session
제3대-S020|민주국민당,제3대-S020|자유당,0.9791,within_session
제3대-S020|민주국민당,제3대-S020|국민당,0.6559,within_session
제3대-S020|민주국민당,제3대-S020|무소속,0.908,within_session
제3대-S020|제헌국회호헌동지회,제3대-S020|자유당,0.3517,within_session
제3대-S020|제헌국회호헌동지회,제3대-S020|국민당,0.7454,within_session
제3대-S020|제헌국회호헌동지회,제3대-S020|무소속,0.417,within_session
제3대-S020|자유당,제3대-S020|국민당,0.6274,within_session
제3대-S020|자유당,제3대-S020|무소속,0.9595,within_session
제3대-S020|국민당,제3대-S020|무소속,0.7425,within_session
제3대-S021|자유당,제3대-S021|무소속,0.9822,within_session
제3대-S021|자유당,제3대-S021|민주국민당,0.8842,within_session
제3대-S021|자유당,제3대-S021|국민당,0.5322,within_session
제3대-S021|무소속,제3대-S021|민주국민당,0.808,within_session
제3대-S021|무소속,제3대-S021|국민당,0.4351,within_session
제3대-S021|민주국민당,제3대-S021|국민당,0.8195,within_session
제3대-S022|국민당,제3대-S022|무소속,0.6621,within_session
제3대-S022|국민당,제3대-S022|민주국민당,0.3787,within_session
제3대-S022|국민당,제3대-S022|자유당,0.4082,within_session
제3대-S022|무소속,제3대-S022|민주국민당,0.9259,within_session
제3대-S022|무소속,제3대-S022|자유당,0.8249,within_session
제3대-S022|민주국민당,제3대-S022|자유당,0.8975,within_session
제3대-S023|자유당,제3대-S023|무소속,0.8993,within_session
제3대-S023|자유당,제3대-S023|민주국민당,0.6107,within_session
제3대-S023|무소속,제3대-S023|민주국민당,0.4934,within_session
제3대-S024|민주국민당,제3대-S024|무소속,0.9084,within_session
제3대-S024|민주국민당,제3대-S024|국민당,0.441,within_session
제3대-S024|민주국민당,제3대-S024|자유당,0.8573,within_session
제3대-S024|무소속,제3대-S024|국민당,0.7237,within_session
제3대-S024|무소속,제3대-S024|자유당,0.9503,within_session
제3대-S024|국민당,제3대-S024|자유당,0.6764,within_session
제3대-S025|민주국민당,제3대-S025|국민회,0.4997,within_session
제3대-S025|민주국민당,제3대-S025|국민당,0.4966,within_session
제3대-S025|민주국민당,제3대-S025|자유당,0.926,within_session
제3대-S025|민주국민당,제3대-S025|제헌국회호헌동지회,0.4997,within_session
제3대-S025|민주국민당,제3대-S025|무소속,0.9032,within_session
제3대-S025|국민회,제3대-S025|국민당,0.3162,within_session
제3대-S025|국민회,제3대-S025|자유당,0.4547,within_session
제3대-S025|국민회,제3대-S025|제헌국회호헌동지회,1.0,within_session
제3대-S025|국민회,제3대-S025|무소속,0.4896,within_session
제3대-S025|국민당,제3대-S025|자유당,0.7795,within_session
제3대-S025|국민당,제3대-S025|제헌국회호헌동지회,0.3162,within_session
제3대-S025|국민당,제3대-S025|무소속,0.7644,within_session
제3대-S025|자유당,제3대-S025|제헌국회호헌동지회,0.4547,within_session
제3대-S025|자유당,제3대-S025|무소속,0.9696,within_session
제3대-S025|제헌국회호헌동지회,제3대-S025|무소속,0.4896,within_session
제3대-S026|무소속,제3대-S026|국민당,0.5916,within_session
제3대-S026|무소속,제3대-S026|국민회,0.5035,within_session
제3대-S026|무소속,제3대-S026|민주국민당,0.9721,within_session
제3대-S026|무소속,제3대-S026|자유당,0.8944,within_session
제3대-S026|국민당,제3대-S026|국민회,0.9493,within_session
제3대-S026|국민당,제3대-S026|민주국민당,0.6496,within_session
제3대-S026|국민당,제3대-S026|자유당,0.8149,within_session
제3대-S026|국민회,제3대-S026|민주국민당,0.5348,within_session
제3대-S026|국민회,제3대-S026|자유당,0.6812,within_session
제3대-S026|민주국민당,제3대-S026|자유당,0.9571,within_session
제3대-S027|무소속,제3대-S027|국민당,0.9341,within_session
제3대-S027|무소속,제3대-S027|민주국민당,0.329,within_session
제3대-S027|무소속,제3대-S027|자유당,0.9332,within_session
제3대-S027|국민당,제3대-S027|민주국민당,0.3422,within_session
제3대-S027|국민당,제3대-S027|자유당,0.926,within_session
제3대-S027|민주국민당,제3대-S027|자유당,0.0599,within_session
제4대-S029|통일당,제4대-S029|무소속,0.447,within_session
제4대-S029|통일당,제4대-S029|자유당,0.2525,within_session
제4대-S029|통일당,제4대-S029|민주당,0.446,within_session
제4대-S029|무소속,제4대-S029|자유당,0.7752,within_session
제4대-S029|무소속,제4대-S029|민주당,0.9289,within_session
제4대-S029|자유당,제4대-S029|민주당,0.9194,within_session
제4대-S030|자유당,제4대-S030|무소속,0.9221,within_session
제4대-S030|자유당,제4대-S030|민주당,0.9395,within_session
제4대-S030|자유당,제4대-S030|통일당,0.2851,within_session
제4대-S030|무소속,제4대-S030|민주당,0.9963,within_session
제4대-S030|무소속,제4대-S030|통일당,0.5361,within_session
제4대-S030|민주당,제4대-S030|통일당,0.5233,within_session
제4대-S031|자유당,제4대-S031|민주당,0.8575,within_session
제4대-S032|민주당,제4대-S032|무소속,0.791,within_session
제4대-S032|민주당,제4대-S032|자유당,0.7413,within_session
제4대-S032|무소속,제4대-S032|자유당,0.4794,within_session
제4대-S033|자유당,제4대-S033|민주당,0.9205,within_session
제4대-S033|자유당,제4대-S033|무소속,0.9652,within_session
제4대-S033|민주당,제4대-S033|무소속,0.9316,within_session
제4대-S034|자유당,제4대-S034|민주당,0.7071,within_session
제4대-S035|민주당,제4대-S035|무소속,0.9492,within_session
제4대-S035|민주당,제4대-S035|자유당,0.8944,within_session
제4대-S035|무소속,제4대-S035|자유당,0.9656,within_session
제헌-S001|대한독립촉성국민회,제헌-S001|단민당,0.5148,within_session
제헌-S001|대한독립촉성국민회,제헌-S001|대동청년당,0.9181,within_session
제헌-S001|대한독립촉성국민회,제헌-S001|조선민족청년단,0.8657,within_session
제헌-S001|대한독립촉성국민회,제헌-S001|교육협회,0.7928,within_session
제헌-S001|대한독립촉성국민회,제헌-S001|대한여자국민당,0.516,within_session
제헌-S001|대한독립촉성국민회,제헌-S001|조선공화당,0.4361,within_session
제헌-S001|대한독립촉성국민회,제헌-S001|무소속,0.8568,within_session
제헌-S001|대한독립촉성국민회,제헌-S001|대한노동총연맹,0.8427,within_session
제헌-S001|대한독립촉성국민회,제헌-S001|한국민주당,0.8759,within_session
제헌-S001|대한독립촉성국민회,제헌-S001|조선민주당,0.5217,within_session
제헌-S001|단민당,제헌-S001|대동청년당,0.2567,within_session
제헌-S001|단민당,제헌-S001|조선민족청년단,0.0901,within_session
제헌-S001|단민당,제헌-S001|교육협회,0.4629,within_session
제헌-S001|단민당,제헌-S001|대한여자국민당,0.1355,within_session
제헌-S001|단민당,제헌-S001|조선공화당,0.5451,within_session
제헌-S001|단민당,제헌-S001|무소속,0.3776,within_session
제헌-S001|단민당,제헌-S001|대한노동총연맹,0.0658,within_session
제헌-S001|단민당,제헌-S001|한국민주당,0.4011,within_session
제헌-S001|단민당,제헌-S001|조선민주당,0.9297,within_session
제헌-S001|대동청년당,제헌-S001|조선민족청년단,0.9817,within_session
제헌-S001|대동청년당,제헌-S001|교육협회,0.6628,within_session
제헌-S001|대동청년당,제헌-S001|대한여자국민당,0.3663,within_session
제헌-S001|대동청년당,제헌-S001|조선공화당,0.1495,within_session
제헌-S001|대동청년당,제헌-S001|무소속,0.728,within_session
제헌-S001|대동청년당,제헌-S001|대한노동총연맹,0.9771,within_session
제헌-S001|대동청년당,제헌-S001|한국민주당,0.7481,within_session
제헌-S001|대동청년당,제헌-S001|조선민주당,0.2223,within_session
제헌-S001|조선민족청년단,제헌-S001|교육협회,0.6294,within_session
제헌-S001|조선민족청년단,제헌-S001|대한여자국민당,0.3485,within_session
제헌-S001|조선민족청년단,제헌-S001|조선공화당,0.0835,within_session
제헌-S001|조선민족청년단,제헌-S001|무소속,0.6884,within_session
제헌-S001|조선민족청년단,제헌-S001|대한노동총연맹,0.9978,within_session
제헌-S001|조선민족청년단,제헌-S001|한국민주당,0.7193,within_session
제헌-S001|조선민족청년단,제헌-S001|조선민주당,0.0815,within_session
제헌-S001|교육협회,제헌-S001|대한여자국민당,0.1952,within_session
제헌-S001|교육협회,제헌-S001|조선공화당,0.7977,within_session
제헌-S001|교육협회,제헌-S001|무소속,0.532,within_session
제헌-S001|교육협회,제헌-S001|대한노동총연맹,0.604,within_session
제헌-S001|교육협회,제헌-S001|한국민주당,0.6883,within_session
제헌-S001|교육협회,제헌-S001|조선민주당,0.5477,within_session
제헌-S001|대한여자국민당,제헌-S001|조선공화당,0.2447,within_session
제헌-S001|대한여자국민당,제헌-S001|무소속,0.8774,within_session
제헌-S001|대한여자국민당,제헌-S001|대한노동총연맹,0.2996,within_session
제헌-S001|대한여자국민당,제헌-S001|한국민주당,0.7664,within_session
제헌-S001|대한여자국민당,제헌-S001|조선민주당,0.0802,within_session
제헌-S001|조선공화당,제헌-S001|무소속,0.356,within_session
제헌-S001|조선공화당,제헌-S001|대한노동총연맹,0.0397,within_session
제헌-S001|조선공화당,제헌-S001|한국민주당,0.4979,within_session
제헌-S001|조선공화당,제헌-S001|조선민주당,0.6242,within_session
제헌-S001|무소속,제헌-S001|대한노동총연맹,0.6458,within_session
제헌-S001|무소속,제헌-S001|한국민주당,0.9523,within_session
제헌-S001|무소속,제헌-S001|조선민주당,0.3264,within_session
제헌-S001|대한노동총연맹,제헌-S001|한국민주당,0.6723,within_session
제헌-S001|대한노동총연맹,제헌-S001|조선민주당,0.0623,within_session
제헌-S001|한국민주당,제헌-S001|조선민주당,0.3349,within_session
제헌-S002|대동청년당,제헌-S002|대한여자국민당,0.8182,within_session
제헌-S002|대동청년당,제헌-S002|교육협회,0.6653,within_session
제헌-S002|대동청년당,제헌-S002|조선공화당,0.7075,within_session
제헌-S002|대동청년당,제헌-S002|대한독립촉성국민회,0.9687,within_session
제헌-S002|대동청년당,제헌-S002|한국민주당,0.9552,within_session
제헌-S002|대동청년당,제헌-S002|조선민족청년단,0.7126,within_session
제헌-S002|대동청년당,제헌-S002|민족통일본부,0.6653,within_session
제헌-S002|대동청년당,제헌-S002|전도회,0.3696,within_session
제헌-S002|대동청년당,제헌-S002|무소속,0.9352,within_session
제헌-S002|대동청년당,제헌-S002|대한노동총연맹,0.3696,within_session
제헌-S002|대한여자국민당,제헌-S002|교육협회,0.9487,within_session
제헌-S002|대한여자국민당,제헌-S002|조선공화당,0.4617,within_session
제헌-S002|대한여자국민당,제헌-S002|대한독립촉성국민회,0.756,within_session
제헌-S002|대한여자국민당,제헌-S002|한국민주당,0.8853,within_session
제헌-S002|대한여자국민당,제헌-S002|조선민족청년단,0.9598,within_session
제헌-S002|대한여자국민당,제헌-S002|민족통일본부,0.9487,within_session
제헌-S002|대한여자국민당,제헌-S002|전도회,0.0,within_session
제헌-S002|대한여자국민당,제헌-S002|무소속,0.8788,within_session
제헌-S002|대한여자국민당,제헌-S002|대한노동총연맹,0.0,within_session
제헌-S002|교육협회,제헌-S002|조선공화당,0.1622,within_session
제헌-S002|교육협회,제헌-S002|대한독립촉성국민회,0.5752,within_session
제헌-S002|교육협회,제헌-S002|한국민주당,0.7912,within_session
제헌-S002|교육협회,제헌-S002|조선민족청년단,0.9973,within_session
제헌-S002|교육협회,제헌-S002|민족통일본부,1.0,within_session
제헌-S002|교육협회,제헌-S002|전도회,0.0,within_session
제헌-S002|교육협회,제헌-S002|무소속,0.8141,within_session
제헌-S002|교육협회,제헌-S002|대한노동총연맹,0.0,within_session
제헌-S002|조선공화당,제헌-S002|대한독립촉성국민회,0.7727,within_session
제헌-S002|조선공화당,제헌-S002|한국민주당,0.5923,within_session
제헌-S002|조선공화당,제헌-S002|조선민족청년단,0.2063,within_session
제헌-S002|조선공화당,제헌-S002|민족통일본부,0.1622,within_session
제헌-S002|조선공화당,제헌-S002|전도회,0.0,within_session
제헌-S002|조선공화당,제헌-S002|무소속,0.5063,within_session
제헌-S002|조선공화당,제헌-S002|대한노동총연맹,0.0,within_session
제헌-S002|대한독립촉성국민회,제헌-S002|한국민주당,0.8996,within_session
제헌-S002|대한독립촉성국민회,제헌-S002|조선민족청년단,0.6303,within_session
제헌-S002|대한독립촉성국민회,제헌-S002|민족통일본부,0.5752,within_session
제헌-S002|대한독립촉성국민회,제헌-S002|전도회,0.4314,within_session
제헌-S002|대한독립촉성국민회,제헌-S002|무소속,0.9096,within_session
제헌-S002|대한독립촉성국민회,제헌-S002|대한노동총연맹,0.4314,within_session
제헌-S002|한국민주당,제헌-S002|조선민족청년단,0.8248,within_session
제헌-S002|한국민주당,제헌-S002|민족통일본부,0.7912,within_session
제헌-S002|한국민주당,제헌-S002|전도회,0.2231,within_session
제헌-S002|한국민주당,제헌-S002|무소속,0.9732,within_session
제헌-S002|한국민주당,제헌-S002|대한노동총연맹,0.2231,within_session
제헌-S002|조선민족청년단,제헌-S002|민족통일본부,0.9973,within_session
제헌-S002|조선민족청년단,제헌-S002|전도회,0.0578,within_session
제헌-S002|조선민족청년단,제헌-S002|무소속,0.852,within_session
제헌-S002|조선민족청년단,제헌-S002|대한노동총연맹,0.0578,within_session
제헌-S002|민족통일본부,제헌-S002|전도회,0.0,within_session
제헌-S002|민족통일본부,제헌-S002|무소속,0.8141,within_session
제헌-S002|민족통일본부,제헌-S002|대한노동총연맹,0.0,within_session
제헌-S002|전도회,제헌-S002|무소속,0.3691,within_session
제헌-S002|전도회,제헌-S002|대한노동총연맹,1.0,within_session
제헌-S002|무소속,제헌-S002|대한노동총연맹,0.3691,within_session
제헌-S003|대한독립촉성국민회,제헌-S003|민족통일본부,0.0,within_session
제헌-S003|대한독립촉성국민회,제헌-S003|단민당,0.6061,within_session
제헌-S003|대한독립촉성국민회,제헌-S003|대동청년당,0.7011,within_session
제헌-S003|대한독립촉성국민회,제헌-S003|무소속,0.6577,within_session
제헌-S003|대한독립촉성국민회,제헌-S003|한국민주당,0.7403,within_session
제헌-S003|민족통일본부,제헌-S003|단민당,0.0,within_session
제헌-S003|민족통일본부,제헌-S003|대동청년당,0.0,within_session
제헌-S003|민족통일본부,제헌-S003|무소속,0.2671,within_session
제헌-S003|민족통일본부,제헌-S003|한국민주당,0.0405,within_session
제헌-S003|단민당,제헌-S003|대동청년당,0.8165,within_session
제헌-S003|단민당,제헌-S003|무소속,0.3339,within_session
제헌-S003|단민당,제헌-S003|한국민주당,0.081,within_session
제헌-S003|대동청년당,제헌-S003|무소속,0.6679,within_session
제헌-S003|대동청년당,제헌-S003|한국민주당,0.1818,within_session
제헌-S003|무소속,제헌-S003|한국민주당,0.2258,within_session
제헌-S004|전도회,제헌-S004|교육협회,0.8944,within_session
제헌-S004|전도회,제헌-S004|한국민주당,0.1403,within_session
제헌-S004|전도회,제헌-S004|대한노동총연맹,0.0131,within_session
제헌-S004|전도회,제헌-S004|민족통일본부,0.2,within_session
제헌-S004|전도회,제헌-S004|조선민족청년단,0.0,within_session
제헌-S004|전도회,제헌-S004|무소속,0.7889,within_session
제헌-S004|전도회,제헌-S004|대한독립촉성국민회,0.0654,within_session
제헌-S004|전도회,제헌-S004|조선민주당,0.4472,within_session
제헌-S004|전도회,제헌-S004|대동청년당,0.0194,within_session
제헌-S004|교육협회,제헌-S004|한국민주당,0.1434,within_session
제헌-S004|교육협회,제헌-S004|대한노동총연맹,0.0,within_session
제헌-S004|교육협회,제헌-S004|민족통일본부,0.0,within_session
제헌-S004|교육협회,제헌-S004|조선민족청년단,0.0,within_session
제헌-S004|교육협회,제헌-S004|무소속,0.7577,within_session
제헌-S004|교육협회,제헌-S004|대한독립촉성국민회,0.0698,within_session
제헌-S004|교육협회,제헌-S004|조선민주당,0.0,within_session
제헌-S004|교육협회,제헌-S004|대동청년당,0.0,within_session
제헌-S004|한국민주당,제헌-S004|대한노동총연맹,0.0053,within_session
제헌-S004|한국민주당,제헌-S004|민족통일본부,0.0842,within_session
제헌-S004|한국민주당,제헌-S004|조선민족청년단,0.0807,within_session
제헌-S004|한국민주당,제헌-S004|무소속,0.3469,within_session
제헌-S004|한국민주당,제헌-S004|대한독립촉성국민회,0.9953,within_session
제헌-S004|한국민주당,제헌-S004|조선민주당,0.0269,within_session
제헌-S004|한국민주당,제헌-S004|대동청년당,0.0126,within_session
제헌-S004|대한노동총연맹,제헌-S004|민족통일본부,0.0131,within_session
제헌-S004|대한노동총연맹,제헌-S004|조선민족청년단,0.0,within_session
제헌-S004|대한노동총연맹,제헌-S004|무소속,0.1848,within_session
제헌-S004|대한노동총연맹,제헌-S004|대한독립촉성국민회,0.0168,within_session
제헌-S004|대한노동총연맹,제헌-S004|조선민주당,0.0294,within_session
제헌-S004|대한노동총연맹,제헌-S004|대동청년당,0.9961,within_session
제헌-S004|민족통일본부,제헌-S004|조선민족청년단,0.8944,within_session
제헌-S004|민족통일본부,제헌-S004|무소속,0.5983,within_session
제헌-S004|민족통일본부,제헌-S004|대한독립촉성국민회,0.0238,within_session
제헌-S004|민족통일본부,제헌-S004|조선민주당,0.4472,within_session
제헌-S004|민족통일본부,제헌-S004|대동청년당,0.0968,within_session
제헌-S004|조선민족청년단,제헌-S004|무소속,0.5446,within_session
제헌-S004|조선민족청년단,제헌-S004|대한독립촉성국민회,0.0233,within_session
제헌-S004|조선민족청년단,제헌-S004|조선민주당,0.0,within_session
제헌-S004|조선민족청년단,제헌-S004|대동청년당,0.0865,within_session
제헌-S004|무소속,제헌-S004|대한독립촉성국민회,0.2591,within_session
제헌-S004|무소속,제헌-S004|조선민주당,0.2486,within_session
제헌-S004|무소속,제헌-S004|대동청년당,0.2347,within_session
제헌-S004|대한독립촉성국민회,제헌-S004|조선민주당,0.0066,within_session
제헌-S004|대한독립촉성국민회,제헌-S004|대동청년당,0.0188,within_session
제헌-S004|조선민주당,제헌-S004|대동청년당,0.0433,within_session
제헌-S005|무소속,제헌-S005|대한독립촉성국민회,0.9802,within_session
제헌-S005|무소속,제헌-S005|조선민족청년단,0.8695,within_session
제헌-S005|무소속,제헌-S005|한국민주당,0.962,within_session
제헌-S005|무소속,제헌-S005|민주국민당,0.7231,within_session
제헌-S005|무소속,제헌-S005|대한여자국민당,0.7686,within_session
제헌-S005|무소속,제헌-S005|대동청년당,0.7383,within_session
제헌-S005|무소속,제헌-S005|대한노동총연맹,0.5672,within_session
제헌-S005|대한독립촉성국민회,제헌-S005|조선민족청년단,0.7829,within_session
제헌-S005|대한독립촉성국민회,제헌-S005|한국민주당,0.9929,within_session
제헌-S005|대한독립촉성국민회,제헌-S005|민주국민당,0.724,within_session
제헌-S005|대한독립촉성국민회,제헌-S005|대한여자국민당,0.7741,within_session
제헌-S005|대한독립촉성국민회,제헌-S005|대동청년당,0.7344,within_session
제헌-S005|대한독립촉성국민회,제헌-S005|대한노동총연맹,0.5909,within_session
제헌-S005|조선민족청년단,제헌-S005|한국민주당,0.7222,within_session
제헌-S005|조선민족청년단,제헌-S005|민주국민당,0.795,within_session
제헌-S005|조선민족청년단,제헌-S005|대한여자국민당,0.4144,within_session
제헌-S005|조선민족청년단,제헌-S005|대동청년당,0.3888,within_session
제헌-S005|조선민족청년단,제헌-S005|대한노동총연맹,0.1538,within_session
제헌-S005|한국민주당,제헌-S005|민주국민당,0.6561,within_session
제헌-S005|한국민주당,제헌-S005|대한여자국민당,0.8109,within_session
제헌-S005|한국민주당,제헌-S005|대동청년당,0.7745,within_session
제헌-S005|한국민주당,제헌-S005|대한노동총연맹,0.6466,within_session
제헌-S005|민주국민당,제헌-S005|대한여자국민당,0.1907,within_session
제헌-S005|민주국민당,제헌-S005|대동청년당,0.1693,within_session
제헌-S005|민주국민당,제헌-S005|대한노동총연맹,0.0,within_session
제헌-S005|대한여자국민당,제헌-S005|대동청년당,0.99,within_session
제헌-S005|대한여자국민당,제헌-S005|대한노동총연맹,0.9499,within_session
제헌-S005|대동청년당,제헌-S005|대한노동총연맹,0.9651,within_session
제헌-S006|전도회,제헌-S006|무소속,0.6021,within_session
제헌-S006|전도회,제헌-S006|대한여자국민당,0.9806,within_session
제헌-S006|전도회,제헌-S006|조선민주당,1.0,within_session
제헌-S006|전도회,제헌-S006|한국민주당,0.326,within_session
제헌-S006|전도회,제헌-S006|교육협회,0.0,within_session
제헌-S006|전도회,제헌-S006|대동청년당,0.2341,within_session
제헌-S006|전도회,제헌-S006|대한독립촉성국민회,0.16,within_session
제헌-S006|전도회,제헌-S006|조선민족청년단,0.1302,within_session
제헌-S006|전도회,제헌-S006|단민당,0.1925,within_session
제헌-S006|무소속,제헌-S006|대한여자국민당,0.661,within_session
제헌-S006|무소속,제헌-S006|조선민주당,0.6021,within_session
제헌-S006|무소속,제헌-S006|한국민주당,0.6237,within_session
제헌-S006|무소속,제헌-S006|교육협회,0.3597,within_session
제헌-S006|무소속,제헌-S006|대동청년당,0.3267,within_session
제헌-S006|무소속,제헌-S006|대한독립촉성국민회,0.8429,within_session
제헌-S006|무소속,제헌-S006|조선민족청년단,0.8531,within_session
제헌-S006|무소속,제헌-S006|단민당,0.4816,within_session
제헌-S006|대한여자국민당,제헌-S006|조선민주당,0.9806,within_session
제헌-S006|대한여자국민당,제헌-S006|한국민주당,0.4049,within_session
제헌-S006|대한여자국민당,제헌-S006|교육협회,0.1961,within_session
제헌-S006|대한여자국민당,제헌-S006|대동청년당,0.2754,within_session
제헌-S006|대한여자국민당,제헌-S006|대한독립촉성국민회,0.1895,within_session
제헌-S006|대한여자국민당,제헌-S006|조선민족청년단,0.2043,within_session
제헌-S006|대한여자국민당,제헌-S006|단민당,0.3774,within_session
제헌-S006|조선민주당,제헌-S006|한국민주당,0.326,within_session
제헌-S006|조선민주당,제헌-S006|교육협회,0.0,within_session
제헌-S006|조선민주당,제헌-S006|대동청년당,0.2341,within_session
제헌-S006|조선민주당,제헌-S006|대한독립촉성국민회,0.16,within_session
제헌-S006|조선민주당,제헌-S006|조선민족청년단,0.1302,within_session
제헌-S006|조선민주당,제헌-S006|단민당,0.1925,within_session
제헌-S006|한국민주당,제헌-S006|교육협회,0.4347,within_session
제헌-S006|한국민주당,제헌-S006|대동청년당,0.2825,within_session
제헌-S006|한국민주당,제헌-S006|대한독립촉성국민회,0.395,within_session
제헌-S006|한국민주당,제헌-S006|조선민족청년단,0.4456,within_session
제헌-S006|한국민주당,제헌-S006|단민당,0.5019,within_session
제헌-S006|교육협회,제헌-S006|대동청년당,0.2341,within_session
제헌-S006|교육협회,제헌-S006|대한독립촉성국민회,0.1666,within_session
제헌-S006|교육협회,제헌-S006|조선민족청년단,0.3906,within_session
제헌-S006|교육협회,제헌-S006|단민당,0.9623,within_session
제헌-S006|대동청년당,제헌-S006|대한독립촉성국민회,0.1802,within_session
제헌-S006|대동청년당,제헌-S006|조선민족청년단,0.1219,within_session
제헌-S006|대동청년당,제헌-S006|단민당,0.4505,within_session
제헌-S006|대한독립촉성국민회,제헌-S006|조선민족청년단,0.9666,within_session
제헌-S006|대한독립촉성국민회,제헌-S006|단민당,0.2116,within_session
제헌-S006|조선민족청년단,제헌-S006|단민당,0.4009,within_session
제2대-S007|무소속,제2대-S008|무소속,0.1433,temporal
제2대-S008|무소속,제2대-S009|무소속,0.1775,temporal
제2대-S009|무소속,제2대-S010|무소속,0.3639,temporal
제2대-S010|무소속,제2대-S011|무소속,0.747,temporal
제2대-S011|무소속,제2대-S012|무소속,0.6262,temporal
제2대-S012|무소속,제2대-S013|무소속,0.9433,temporal
제2대-S013|무소속,제2대-S014|무소속,0.6231,temporal
제2대-S014|무소속,제2대-S015|무소속,0.204,temporal
제2대-S015|무소속,제2대-S016|무소속,0.3646,temporal
제2대-S016|무소속,제2대-S017|무소속,0.75,temporal
제2대-S017|무소속,제2대-S018|무소속,0.6249,temporal
제2대-S007|민주국민당,제2대-S008|민주국민당,0.1991,temporal
제2대-S008|민주국민당,제2대-S009|민주국민당,,temporal
제2대-S009|민주국민당,제2대-S010|민주국민당,,temporal
제2대-S010|민주국민당,제2대-S011|민주국민당,0.9173,temporal
제2대-S011|민주국민당,제2대-S012|민주국민당,0.7716,temporal
제2대-S012|민주국민당,제2대-S013|민주국민당,0.649,temporal
제2대-S013|민주국민당,제2대-S014|민주국민당,0.9783,temporal
제2대-S014|민주국민당,제2대-S015|민주국민당,0.0113,temporal
제2대-S015|민주국민당,제2대-S016|민주국민당,0.7687,temporal
제2대-S016|민주국민당,제2대-S017|민주국민당,0.5922,temporal
제2대-S017|민주국민당,제2대-S018|민주국민당,0.2749,temporal
제2대-S007|대한국민당,제2대-S008|대한국민당,0.2667,temporal
제2대-S008|대한국민당,제2대-S009|대한국민당,0.2319,temporal
제2대-S009|대한국민당,제2대-S010|대한국민당,0.0477,temporal
제2대-S010|대한국민당,제2대-S011|대한국민당,0.5841,temporal
제2대-S011|대한국민당,제2대-S012|대한국민당,0.8257,temporal
제2대-S012|대한국민당,제2대-S013|대한국민당,0.8086,temporal
제2대-S013|대한국민당,제2대-S014|대한국민당,0.1037,temporal
제2대-S014|대한국민당,제2대-S015|대한국민당,0.0974,temporal
제2대-S015|대한국민당,제2대-S016|대한국민당,0.4175,temporal
제2대-S016|대한국민당,제2대-S017|대한국민당,0.5322,temporal
제2대-S017|대한국민당,제2대-S018|대한국민당,0.4879,temporal
제2대-S008|일민국락부,제2대-S010|일민국락부,0.1071,temporal
제2대-S010|일민국락부,제2대-S011|일민국락부,0.1557,temporal
제2대-S011|일민국락부,제2대-S012|일민국락부,0.6708,temporal
제2대-S012|일민국락부,제2대-S013|일민국락부,0.7071,temporal
제2대-S013|일민국락부,제2대-S014|일민국락부,0.7071,temporal
제2대-S014|일민국락부,제2대-S015|일민국락부,0.0135,temporal
제2대-S015|일민국락부,제2대-S016|일민국락부,0.0081,temporal
제2대-S016|일민국락부,제2대-S017|일민국락부,0.6,temporal
제2대-S017|일민국락부,제2대-S018|일민국락부,,temporal
제2대-S008|대한독립촉성국민회,제2대-S009|대한독립촉성국민회,,temporal
제2대-S009|대한독립촉성국민회,제2대-S010|대한독립촉성국민회,,temporal
제2대-S010|대한독립촉성국민회,제2대-S011|대한독립촉성국민회,0.8677,temporal
제2대-S011|대한독립촉성국민회,제2대-S012|대한독립촉성국민회,0.9701,temporal
제2대-S012|대한독립촉성국민회,제2대-S013|대한독립촉성국민회,0.5774,temporal
제2대-S013|대한독립촉성국민회,제2대-S014|대한독립촉성국민회,,temporal
제2대-S014|대한독립촉성국민회,제2대-S015|대한독립촉성국민회,,temporal
제2대-S015|대한독립촉성국민회,제2대-S016|대한독립촉성국민회,0.1162,temporal
제2대-S016|대한독립촉성국민회,제2대-S017|대한독립촉성국민회,,temporal
제2대-S017|대한독립촉성국민회,제2대-S018|대한독립촉성국민회,,temporal
제2대-S008|조선민주당,제2대-S010|조선민주당,0.1903,temporal
제2대-S010|조선민주당,제2대-S011|조선민주당,0.3889,temporal
제2대-S011|조선민주당,제2대-S012|조선민주당,0.5344,temporal
제2대-S012|조선민주당,제2대-S013|조선민주당,0.9997,temporal
제2대-S013|조선민주당,제2대-S014|조선민주당,,temporal
제2대-S014|조선민주당,제2대-S015|조선민주당,,temporal
제2대-S015|조선민주당,제2대-S016|조선민주당,0.97,temporal
제2대-S016|조선민주당,제2대-S017|조선민주당,,temporal
제2대-S017|조선민주당,제2대-S018|조선민주당,,temporal
제2대-S008|대한청년단,제2대-S010|대한청년단,,temporal
제2대-S010|대한청년단,제2대-S011|대한청년단,0.9051,temporal
제2대-S011|대한청년단,제2대-S012|대한청년단,0.2149,temporal
제2대-S012|대한청년단,제2대-S013|대한청년단,0.1,temporal
제2대-S013|대한청년단,제2대-S014|대한청년단,0.9507,temporal
제2대-S014|대한청년단,제2대-S015|대한청년단,0.9524,temporal
제2대-S015|대한청년단,제2대-S016|대한청년단,0.0477,temporal
제2대-S016|대한청년단,제2대-S017|대한청년단,0.4216,temporal
제2대-S017|대한청년단,제2대-S018|대한청년단,0.4082,temporal
제2대-S010|애국단체연합회,제2대-S011|애국단체연합회,,temporal
제2대-S010|중앙불교위원회,제2대-S011|중앙불교위원회,,temporal
제2대-S011|중앙불교위원회,제2대-S012|중앙불교위원회,0.5345,temporal
제2대-S012|중앙불교위원회,제2대-S015|중앙불교위원회,0.0,temporal
제2대-S015|중앙불교위원회,제2대-S016|중앙불교위원회,0.7071,temporal
제2대-S016|중앙불교위원회,제2대-S017|중앙불교위원회,,temporal
제2대-S010|대한부인회,제2대-S011|대한부인회,,temporal
제2대-S011|대한부인회,제2대-S012|대한부인회,,temporal
제2대-S012|대한부인회,제2대-S016|대한부인회,,temporal
제2대-S012|대한노동총연맹,제2대-S014|대한노동총연맹,1.0,temporal
제2대-S014|대한노동총연맹,제2대-S015|대한노동총연맹,1.0,temporal
제2대-S015|대한노동총연맹,제2대-S016|대한노동총연맹,1.0,temporal
제2대-S016|대한노동총연맹,제2대-S018|대한노동총연맹,1.0,temporal
제2대-S012|자유당,제2대-S013|자유당,0.7071,temporal
제2대-S013|자유당,제2대-S014|자유당,,temporal
제2대-S014|자유당,제2대-S015|자유당,,temporal
제2대-S015|자유당,제2대-S016|자유당,,temporal
제2대-S016|자유당,제2대-S017|자유당,,temporal
제2대-S017|자유당,제2대-S018|자유당,1.0,temporal
제3대-S019|민주국민당,제3대-S020|민주국민당,0.9294,temporal
제3대-S020|민주국민당,제3대-S021|민주국민당,0.6824,temporal
제3대-S021|민주국민당,제3대-S022|민주국민당,0.9215,temporal
제3대-S022|민주국민당,제3대-S023|민주국민당,0.6434,temporal
제3대-S023|민주국민당,제3대-S024|민주국민당,0.5993,temporal
제3대-S024|민주국민당,제3대-S025|민주국민당,0.9285,temporal
제3대-S025|민주국민당,제3대-S026|민주국민당,0.7754,temporal
제3대-S026|민주국민당,제3대-S027|민주국민당,0.522,temporal
제3대-S019|국민회,제3대-S025|국민회,,temporal
제3대-S025|국민회,제3대-S026|국민회,0.2747,temporal
제3대-S019|무소속,제3대-S020|무소속,0.9844,temporal
제3대-S020|무소속,제3대-S021|무소속,0.9408,temporal
제3대-S021|무소속,제3대-S022|무소속,0.8795,temporal
제3대-S022|무소속,제3대-S023|무소속,0.6206,temporal
제3대-S023|무소속,제3대-S024|무소속,0.7231,temporal
제3대-S024|무소속,제3대-S025|무소속,0.9581,temporal
제3대-S025|무소속,제3대-S026|무소속,0.7998,temporal
제3대-S026|무소속,제3대-S027|무소속,0.599,temporal
제3대-S019|국민당,제3대-S020|국민당,0.8413,temporal
제3대-S020|국민당,제3대-S021|국민당,0.8783,temporal
제3대-S021|국민당,제3대-S022|국민당,0.5648,temporal
제3대-S022|국민당,제3대-S023|국민당,,temporal
제3대-S023|국민당,제3대-S024|국민당,,temporal
제3대-S024|국민당,제3대-S025|국민당,0.6708,temporal
제3대-S025|국민당,제3대-S026|국민당,0.9561,temporal
제3대-S026|국민당,제3대-S027|국민당,0.8832,temporal
제3대-S019|자유당,제3대-S020|자유당,0.819,temporal
제3대-S020|자유당,제3대-S021|자유당,0.9426,temporal
제3대-S021|자유당,제3대-S022|자유당,0.8213,temporal
제3대-S022|자유당,제3대-S023|자유당,0.6523,temporal
제3대-S023|자유당,제3대-S024|자유당,0.8963,temporal
제3대-S024|자유당,제3대-S025|자유당,0.9734,temporal
제3대-S025|자유당,제3대-S026|자유당,0.8857,temporal
제3대-S026|자유당,제3대-S027|자유당,0.5826,temporal
제3대-S027|자유당,제3대-S028|자유당,0.0266,temporal
제3대-S020|제헌국회호헌동지회,제3대-S024|제헌국회호헌동지회,,temporal
제3대-S024|제헌국회호헌동지회,제3대-S025|제헌국회호헌동지회,,temporal
제3대-S024|민주당,제3대-S026|민주당,,temporal
제4대-S029|통일당,제4대-S030|통일당,0.9487,temporal
제4대-S029|무소속,제4대-S030|무소속,0.8935,temporal
제4대-S030|무소속,제4대-S031|무소속,,temporal
제4대-S031|무소속,제4대-S032|무소속,,temporal
제4대-S032|무소속,제4대-S033|무소속,0.4528,temporal
제4대-S033|무소속,제4대-S035|무소속,0.3962,temporal
제4대-S029|자유당,제4대-S030|자유당,0.976,temporal
제4대-S030|자유당,제4대-S031|자유당,0.8262,temporal
제4대-S031|자유당,제4대-S032|자유당,0.8272,temporal
제4대-S032|자유당,제4대-S033|자유당,0.9648,temporal
제4대-S033|자유당,제4대-S034|자유당,0.1643,temporal
제4대-S034|자유당,제4대-S035|자유당,0.7022,temporal
제4대-S029|민주당,제4대-S030|민주당,0.9797,temporal
제4대-S030|민주당,제4대-S031|민주당,0.6973,temporal
제4대-S031|민주당,제4대-S032|민주당,0.7623,temporal
제4대-S032|민주당,제4대-S033|민주당,0.8389,temporal
제4대-S033|민주당,제4대-S034|민주당,0.7107,temporal
제4대-S034|민주당,제4대-S035|민주당,0.7562,temporal
제헌-S001|대한독립촉성국민회,제헌-S002|대한독립촉성국민회,0.7298,temporal
제헌-S002|대한독립촉성국민회,제헌-S003|대한독립촉성국민회,0.6355,temporal
제헌-S003|대한독립촉성국민회,제헌-S004|대한독립촉성국민회,0.6503,temporal
제헌-S004|대한독립촉성국민회,제헌-S005|대한독립촉성국민회,0.2229,temporal
제헌-S005|대한독립촉성국민회,제헌-S006|대한독립촉성국민회,0.7792,temporal
제헌-S001|단민당,제헌-S003|단민당,0.8018,temporal
제헌-S003|단민당,제헌-S005|단민당,,temporal
제헌-S005|단민당,제헌-S006|단민당,,temporal
제헌-S001|대동청년당,제헌-S002|대동청년당,0.3931,temporal
제헌-S002|대동청년당,제헌-S003|대동청년당,0.6941,temporal
제헌-S003|대동청년당,제헌-S004|대동청년당,0.424,temporal
제헌-S004|대동청년당,제헌-S005|대동청년당,0.9808,temporal
제헌-S005|대동청년당,제헌-S006|대동청년당,0.9341,temporal
제헌-S001|조선민족청년단,제헌-S002|조선민족청년단,0.1006,temporal
제헌-S002|조선민족청년단,제헌-S003|조선민족청년단,,temporal
제헌-S003|조선민족청년단,제헌-S004|조선민족청년단,,temporal
제헌-S004|조선민족청년단,제헌-S005|조선민족청년단,0.9744,temporal
제헌-S005|조선민족청년단,제헌-S006|조선민족청년단,0.9563,temporal
제헌-S001|민족통일본부,제헌-S002|민족통일본부,,temporal
제헌-S002|민족통일본부,제헌-S003|민족통일본부,1.0,temporal
제헌-S003|민족통일본부,제헌-S004|민족통일본부,0.8944,temporal
제헌-S004|민족통일본부,제헌-S005|민족통일본부,,temporal
제헌-S001|교육협회,제헌-S002|교육협회,0.0,temporal
제헌-S002|교육협회,제헌-S003|교육협회,,temporal
제헌-S003|교육협회,제헌-S004|교육협회,,temporal
제헌-S004|교육협회,제헌-S005|교육협회,,temporal
제헌-S005|교육협회,제헌-S006|교육협회,,temporal
제헌-S001|대한여자국민당,제헌-S002|대한여자국민당,0.882,temporal
제헌-S002|대한여자국민당,제헌-S005|대한여자국민당,0.2558,temporal
제헌-S005|대한여자국민당,제헌-S006|대한여자국민당,0.1322,temporal
제헌-S001|조선공화당,제헌-S002|조선공화당,0.6724,temporal
제헌-S002|조선공화당,제헌-S003|조선공화당,,temporal
제헌-S001|무소속,제헌-S002|무소속,0.9295,temporal
제헌-S002|무소속,제헌-S003|무소속,0.6817,temporal
제헌-S003|무소속,제헌-S004|무소속,0.6345,temporal
제헌-S004|무소속,제헌-S005|무소속,0.7628,temporal
제헌-S005|무소속,제헌-S006|무소속,0.7717,temporal
제헌-S001|전도회,제헌-S002|전도회,,temporal
제헌-S002|전도회,제헌-S004|전도회,0.4472,temporal
제헌-S004|전도회,제헌-S005|전도회,,temporal
제헌-S005|전도회,제헌-S006|전도회,,temporal
제헌-S001|대한노동총연맹,제헌-S002|대한노동총연맹,0.0492,temporal
제헌-S002|대한노동총연맹,제헌-S004|대한노동총연맹,0.0294,temporal
제헌-S004|대한노동총연맹,제헌-S005|대한노동총연맹,0.9997,temporal
제헌-S001|한국민주당,제헌-S002|한국민주당,0.7849,temporal
제헌-S002|한국민주당,제헌-S003|한국민주당,0.3532,temporal
제헌-S003|한국민주당,제헌-S004|한국민주당,0.9788,temporal
제헌-S004|한국민주당,제헌-S005|한국민주당,0.3409,temporal
제헌-S005|한국민주당,제헌-S006|한국민주당,0.6149,temporal
제헌-S001|한국독립당,제헌-S002|한국독립당,,temporal
제헌-S002|한국독립당,제헌-S005|한국독립당,,temporal
제헌-S001|조선민주당,제헌-S002|조선민주당,,temporal
제헌-S002|조선민주당,제헌-S004|조선민주당,,temporal
제헌-S004|조선민주당,제헌-S006|조선민주당,1.0,temporal
제헌-S005|민주국민당,제헌-S006|민주국민당,,temporal
