Assembly_Num,Session_No,Party,Technology,Income,Labor,Immigration,Migration,Foreigner,Total_Chars,Speech_Count,Distinct_Speakers,Start_Date,Dev,Bnd,Technology_1k,Income_1k,Labor_1k,Immigration_1k,Migration_1k,Foreigner_1k,Id
제2대,7,무소속,0,0,0,0,1,0,14052,41,13,1950-06-19,0,1,0.0,0.0,0.0,0.0,0.07116424708226587,0.0,제2대-S007|무소속
제2대,7,민주국민당,0,0,0,0,1,0,15543,41,4,1950-06-19,0,1,0.0,0.0,0.0,0.0,0.06433764395547835,0.0,제2대-S007|민주국민당
제2대,7,대한국민당,0,0,0,3,0,0,8182,13,7,1950-06-19,0,3,0.0,0.0,0.0,0.36665851869958443,0.0,0.0,제2대-S007|대한국민당
제2대,8,일민국락부,0,8,1,0,1,0,12152,14,2,1950-11-01,9,1,0.0,0.6583278472679394,0.08229098090849242,0.0,0.08229098090849242,0.0,제2대-S008|일민국락부
제2대,8,대한독립촉성국민회,1,0,3,2,2,0,18351,22,5,1950-11-01,4,4,0.054492943163860275,0.0,0.16347882949158082,0.10898588632772055,0.10898588632772055,0.0,제2대-S008|대한독립촉성국민회
제2대,8,무소속,21,86,11,10,13,0,263426,334,60,1950-10-30,118,23,0.07971878250438452,0.32646739501795574,0.04175745750229666,0.037961325002087876,0.04934972250271424,0.0,제2대-S008|무소속
제2대,8,대한국민당,2,14,0,4,3,0,106118,253,13,1950-10-31,16,7,0.018846943968035584,0.13192860777624907,0.0,0.03769388793607117,0.028270415952053374,0.0,제2대-S008|대한국민당
제2대,8,조선민주당,0,0,4,3,1,0,10015,4,1,1950-10-31,4,4,0.0,0.0,0.39940089865202194,0.29955067398901647,0.09985022466300549,0.0,제2대-S008|조선민주당
제2대,8,대한청년단,0,0,0,0,0,0,5131,23,5,1950-11-07,0,0,0.0,0.0,0.0,0.0,0.0,0.0,제2대-S008|대한청년단
제2대,8,민주국민당,1,54,2,3,11,1,151219,272,14,1950-10-30,57,15,0.006612925624425502,0.3570979837189771,0.013225851248851004,0.019838776873276506,0.07274218186868052,0.006612925624425502,제2대-S008|민주국민당
제2대,9,무소속,0,0,0,1,2,0,48018,120,31,1950-12-11,0,3,0.0,0.0,0.0,0.02082552376192261,0.04165104752384522,0.0,제2대-S009|무소속
제2대,9,대한국민당,1,0,0,0,3,0,26593,102,9,1950-12-11,1,3,0.03760388072049036,0.0,0.0,0.0,0.11281164216147106,0.0,제2대-S009|대한국민당
제2대,9,민주국민당,0,0,0,0,0,0,14200,45,5,1950-12-08,0,0,0.0,0.0,0.0,0.0,0.0,0.0,제2대-S009|민주국민당
제2대,9,대한독립촉성국민회,0,0,0,0,0,0,2729,10,5,1950-12-11,0,0,0.0,0.0,0.0,0.0,0.0,0.0,제2대-S009|대한독립촉성국민회
제2대,10,대한청년단,0,0,2,0,1,0,30372,24,6,1950-12-21,2,1,0.0,0.0,0.06585012511523772,0.0,0.03292506255761886,0.0,제2대-S010|대한청년단
제2대,10,애국단체연합회,0,0,0,0,0,0,4149,8,1,1951-02-14,0,0,0.0,0.0,0.0,0.0,0.0,0.0,제2대-S010|애국단체연합회
제2대,10,조선민주당,4,0,1,0,0,0,25721,24,1,1951-01-15,5,0,0.15551494887446055,0.0,0.038878737218615136,0.0,0.0,0.0,제2대-S010|조선민주당
제2대,10,중앙불교위원회,0,0,0,0,0,0,8597,3,1,1951-03-06,0,0,0.0,0.0,0.0,0.0,0.0,0.0,제2대-S010|중앙불교위원회
제2대,10,대한국민당,26,529,13,17,18,7,716000,1567,19,1950-12-21,568,42,0.036312849162011177,0.7388268156424581,0.018156424581005588,0.023743016759776536,0.025139664804469275,0.009776536312849162,제2대-S010|대한국민당
제2대,10,대한독립촉성국민회,0,1,0,0,0,0,28438,45,4,1950-12-24,1,0,0.0,0.035164216892889795,0.0,0.0,0.0,0.0,제2대-S010|대한독립촉성국민회
제2대,10,일민국락부,0,0,4,4,1,0,48314,24,2,1951-01-29,4,5,0.0,0.0,0.08279173738460902,0.08279173738460902,0.020697934346152254,0.0,제2대-S010|일민국락부
제2대,10,민주국민당,2,25,4,19,11,1,309287,544,15,1950-12-20,31,31,0.006466485820613216,0.08083107275766521,0.012932971641226433,0.06143161529582556,0.03556567201337269,0.003233242910306608,제2대-S010|민주국민당
제2대,10,무소속,96,130,51,50,50,16,1616723,1998,81,1950-12-21,277,116,0.05937937420324941,0.0804095692335669,0.03154529254547625,0.030926757397525734,0.030926757397525734,0.009896562367208235,제2대-S010|무소속
제2대,10,대한부인회,1,0,0,0,3,0,11174,5,1,1951-01-20,1,3,0.08949346697691068,0.0,0.0,0.0,0.26848040093073205,0.0,제2대-S010|대한부인회
제2대,11,대한청년단,3,4,24,0,3,5,93872,76,7,1951-06-08,31,8,0.031958411453894664,0.04261121527185955,0.2556672916311573,0.0,0.031958411453894664,0.05326401908982444,제2대-S011|대한청년단
제2대,11,애국단체연합회,0,0,0,0,0,0,9443,6,1,1951-07-11,0,0,0.0,0.0,0.0,0.0,0.0,0.0,제2대-S011|애국단체연합회
제2대,11,중앙불교위원회,0,0,3,2,1,0,17771,9,1,1951-06-06,3,3,0.0,0.0,0.16881436047493106,0.11254290698328738,0.05627145349164369,0.0,제2대-S011|중앙불교위원회
제2대,11,무소속,155,18,51,40,98,28,1921156,2296,84,1951-06-01,224,166,0.08068059022796692,0.009369358865183254,0.026546516784685885,0.02082079747818501,0.051010953821553275,0.014574558234729508,제2대-S011|무소속
제2대,11,일민국락부,3,0,0,0,6,0,43539,23,2,1951-06-02,3,6,0.06890374147316199,0.0,0.0,0.0,0.13780748294632397,0.0,제2대-S011|일민국락부
제2대,11,민주국민당,2,27,9,7,14,1,386554,1026,14,1951-06-01,38,22,0.005173921366743069,0.06984793845103143,0.023282646150343807,0.018108724783600736,0.03621744956720147,0.0025869606833715344,제2대-S011|민주국민당
제2대,11,대한국민당,34,31,19,14,25,14,775639,2087,18,1951-06-01,84,53,0.04383482522152703,0.03996704652550993,0.02449593174144157,0.018049633914746423,0.03223148913347575,0.018049633914746423,제2대-S011|대한국민당
제2대,11,조선민주당,1,0,2,0,0,3,13238,18,1,1951-06-08,3,3,0.07554011179936546,0.0,0.1510802235987309,0.0,0.0,0.2266203353980964,제2대-S011|조선민주당
제2대,11,대한독립촉성국민회,0,8,2,1,4,0,48029,92,5,1951-06-07,10,5,0.0,0.16656603302171605,0.04164150825542901,0.020820754127714506,0.08328301651085802,0.0,제2대-S011|대한독립촉성국민회
제2대,11,대한부인회,0,0,0,0,0,0,6800,6,1,1951-06-01,0,0,0.0,0.0,0.0,0.0,0.0,0.0,제2대-S011|대한부인회
제2대,12,대한부인회,0,0,4,0,0,0,3985,3,1,1952-02-15,4,0,0.0,0.0,1.0037641154328731,0.0,0.0,0.0,제2대-S012|대한부인회
제2대,12,민주국민당,23,19,8,10,12,2,410570,722,14,1951-12-20,50,24,0.056019679957132765,0.046277126921109676,0.01948510607204618,0.024356382590057724,0.029227659108069272,0.004871276518011545,제2대-S012|민주국민당
제2대,12,대한노동총연맹,0,0,108,1,0,0,10219,5,1,1952-02-14,108,1,0.0,0.0,10.568548781681182,0.09785693316371466,0.0,0.0,제2대-S012|대한노동총연맹
제2대,12,자유당,0,0,0,1,1,0,6947,8,3,1952-02-14,0,2,0.0,0.0,0.0,0.14394702749388227,0.14394702749388227,0.0,제2대-S012|자유당
제2대,12,대한청년단,2,6,0,4,3,1,89856,71,6,1951-12-21,8,8,0.022257834757834757,0.06677350427350429,0.0,0.044515669515669515,0.03338675213675214,0.011128917378917379,제2대-S012|대한청년단
제2대,12,일민국락부,1,0,1,1,1,0,32011,13,2,1952-01-18,2,2,0.031239261503858046,0.0,0.031239261503858046,0.031239261503858046,0.031239261503858046,0.0,제2대-S012|일민국락부
제2대,12,조선민주당,0,0,40,1,0,0,17072,20,1,1951-12-21,40,1,0.0,0.0,2.3430178069353325,0.05857544517338332,0.0,0.0,제2대-S012|조선민주당
제2대,12,대한독립촉성국민회,0,2,0,0,1,0,26962,48,3,1951-12-22,2,1,0.0,0.07417847340701729,0.0,0.0,0.037089236703508645,0.0,제2대-S012|대한독립촉성국민회
제2대,12,대한국민당,14,18,22,32,11,10,378028,752,17,1951-12-21,54,53,0.03703429375601807,0.047615520543451806,0.05819674733088554,0.08464981429946988,0.02909837366544277,0.026453066968584335,제2대-S012|대한국민당
제2대,12,무소속,41,79,102,87,39,7,982290,873,82,1951-12-21,222,133,0.04173920125421209,0.08042431461177453,0.10383898848608862,0.0885685490028403,0.03970314265644565,0.007126205092182553,제2대-S012|무소속
제2대,12,중앙불교위원회,0,0,0,3,0,0,12686,8,1,1952-02-15,0,3,0.0,0.0,0.0,0.23648116033422673,0.0,0.0,제2대-S012|중앙불교위원회
제2대,13,자유당,0,0,0,1,0,0,15514,6,2,1952-07-12,0,1,0.0,0.0,0.0,0.06445790898543251,0.0,0.0,제2대-S013|자유당
제2대,13,조선민주당,0,0,7,0,0,0,2017,3,1,1952-07-03,7,0,0.0,0.0,3.4705007436787305,0.0,0.0,0.0,제2대-S013|조선민주당
제2대,13,대한국민당,3,0,11,6,1,1,165461,481,12,1952-07-03,14,8,0.01813116081735273,0.0,0.06648092299696,0.03626232163470546,0.00604372027245091,0.00604372027245091,제2대-S013|대한국민당
제2대,13,민주국민당,0,41,3,5,8,0,234395,378,9,1952-07-03,44,13,0.0,0.17491840696260585,0.012798907826532136,0.021331513044220225,0.03413042087075236,0.0,제2대-S013|민주국민당
제2대,13,일민국락부,1,0,1,0,0,0,18799,12,2,1952-07-03,2,0,0.05319431884674717,0.0,0.05319431884674717,0.0,0.0,0.0,제2대-S013|일민국락부
제2대,13,무소속,6,8,22,11,11,4,355043,380,51,1952-07-01,36,26,0.016899361485791863,0.022532481981055816,0.06196432544790349,0.030982162723951746,0.030982162723951746,0.011266240990527908,제2대-S013|무소속
제2대,13,대한청년단,4,0,9,0,0,0,21239,23,5,1952-07-03,13,0,0.18833278402937992,0.0,0.4237487640661048,0.0,0.0,0.0,제2대-S013|대한청년단
제2대,13,대한독립촉성국민회,0,2,0,3,1,1,28295,37,5,1952-07-03,2,5,0.0,0.0706838664074925,0.0,0.10602579961123873,0.03534193320374625,0.03534193320374625,제2대-S013|대한독립촉성국민회
제2대,14,대한노동총연맹,0,0,29,0,0,0,2211,1,1,1952-11-25,29,0,0.0,0.0,13.116236996834012,0.0,0.0,0.0,제2대-S014|대한노동총연맹
제2대,14,대한청년단,2,1,8,0,2,0,14862,12,6,1952-10-25,11,2,0.13457139012245997,0.06728569506122999,0.5382855604898399,0.0,0.13457139012245997,0.0,제2대-S014|대한청년단
제2대,14,민주국민당,11,188,0,3,7,4,176600,246,10,1952-10-15,199,14,0.0622876557191393,1.0645526613816536,0.0,0.016987542468856174,0.03963759909399773,0.022650056625141562,제2대-S014|민주국민당
제2대,14,대한국민당,9,124,9,6,6,0,324903,903,17,1952-10-16,142,12,0.027700575248612663,0.38165237009199665,0.027700575248612663,0.018467050165741773,0.018467050165741773,0.0,제2대-S014|대한국민당
제2대,14,조선민주당,0,0,0,0,0,0,5771,6,1,1952-10-16,0,0,0.0,0.0,0.0,0.0,0.0,0.0,제2대-S014|조선민주당
제2대,14,무소속,31,56,11,11,22,5,614423,421,63,1952-10-16,98,38,0.05045384043240569,0.09114242142628125,0.017902975637305245,0.017902975637305245,0.03580595127461049,0.00813771619877511,제2대-S014|무소속
제2대,14,대한독립촉성국민회,0,0,0,0,0,0,20612,30,5,1952-10-18,0,0,0.0,0.0,0.0,0.0,0.0,0.0,제2대-S014|대한독립촉성국민회
제2대,14,자유당,0,0,0,0,0,0,7003,6,2,1952-11-11,0,0,0.0,0.0,0.0,0.0,0.0,0.0,제2대-S014|자유당
제2대,14,일민국락부,1,0,0,0,0,0,30564,11,2,1952-10-16,1,0,0.03271823059808925,0.0,0.0,0.0,0.0,0.0,제2대-S014|일민국락부
제2대,15,중앙불교위원회,0,0,0,0,1,0,6172,4,1,1953-02-26,0,1,0.0,0.0,0.0,0.0,0.16202203499675957,0.0,제2대-S015|중앙불교위원회
제2대,15,대한독립촉성국민회,2,0,18,2,1,0,22902,40,6,1953-01-21,20,3,0.08732861758798358,0.0,0.7859575582918522,0.08732861758798358,0.04366430879399179,0.0,제2대-S015|대한독립촉성국민회
제2대,15,대한청년단,2,0,54,0,2,0,38897,40,8,1952-12-23,56,2,0.051417847134740464,0.0,1.3882818726379926,0.0,0.051417847134740464,0.0,제2대-S015|대한청년단
제2대,15,대한노동총연맹,0,0,512,0,1,0,37948,42,1,1953-01-16,512,1,0.0,0.0,13.49214714872984,0.0,0.02635184989986297,0.0,제2대-S015|대한노동총연맹
제2대,15,일민국락부,2,1,148,1,2,0,38714,27,2,1952-12-22,151,3,0.05166089786640492,0.02583044893320246,3.822906442113964,0.02583044893320246,0.05166089786640492,0.0,제2대-S015|일민국락부
제2대,15,조선민주당,1,0,83,0,2,0,24550,25,1,1953-01-14,84,2,0.04073319755600814,0.0,3.380855397148676,0.0,0.08146639511201628,0.0,제2대-S015|조선민주당
제2대,15,대한국민당,45,14,702,11,6,14,714457,1743,16,1952-12-22,761,31,0.062984896221886,0.019595301046808976,0.9825643810614215,0.01539630796534991,0.008397986162918132,0.019595301046808976,제2대-S015|대한국민당
제2대,15,무소속,60,29,1393,14,36,13,1198889,1111,74,1952-12-22,1482,63,0.050046334564751195,0.02418906170629641,1.161909067478307,0.011677478065108613,0.03002780073885072,0.010843372489029425,제2대-S015|무소속
제2대,15,민주국민당,7,4,424,3,9,0,252183,479,12,1952-12-20,435,12,0.027757620458159354,0.01586149740466249,1.6813187248942236,0.011896123053496865,0.0356883691604906,0.0,제2대-S015|민주국민당
제2대,15,자유당,0,0,0,0,0,0,18517,14,3,1953-03-16,0,0,0.0,0.0,0.0,0.0,0.0,0.0,제2대-S015|자유당
제2대,16,일민국락부,3,0,0,0,0,4,11309,10,2,1953-06-13,3,4,0.2652754443363693,0.0,0.0,0.0,0.0,0.3537005924484924,제2대-S016|일민국락부
제2대,16,대한청년단,7,1,0,1,3,0,36144,34,7,1953-06-08,8,4,0.1936697653829128,0.027667109340416114,0.0,0.027667109340416114,0.08300132802124834,0.0,제2대-S016|대한청년단
제2대,16,대한노동총연맹,0,0,1,0,0,0,3722,2,1,1953-07-23,1,0,0.0,0.0,0.2686727565824826,0.0,0.0,0.0,제2대-S016|대한노동총연맹
제2대,16,대한국민당,31,1,14,5,18,3,421969,1543,18,1953-06-03,46,26,0.07346511236607428,0.002369842334389493,0.033177792681452906,0.011849211671947467,0.042657162019010875,0.007109527003168479,제2대-S016|대한국민당
제2대,16,대한독립촉성국민회,0,0,0,1,1,0,22628,49,3,1953-06-04,0,2,0.0,0.0,0.0,0.044193035177656007,0.044193035177656007,0.0,제2대-S016|대한독립촉성국민회
제2대,16,대한부인회,0,0,0,0,0,0,3599,4,1,1953-07-03,0,0,0.0,0.0,0.0,0.0,0.0,0.0,제2대-S016|대한부인회
제2대,16,자유당,0,0,0,0,0,0,5163,4,2,1953-06-13,0,0,0.0,0.0,0.0,0.0,0.0,0.0,제2대-S016|자유당
제2대,16,민주국민당,2,0,10,6,6,0,108416,119,12,1953-06-10,12,12,0.01844746162927981,0.0,0.09223730814639905,0.055342384887839435,0.055342384887839435,0.0,제2대-S016|민주국민당
제2대,16,조선민주당,1,0,8,0,2,0,18368,22,1,1953-06-30,9,2,0.05444250871080139,0.0,0.4355400696864111,0.0,0.10888501742160278,0.0,제2대-S016|조선민주당
제2대,16,무소속,41,38,22,18,30,9,842593,869,66,1953-06-04,101,57,0.04865931713175875,0.04509887929284957,0.026109877485333964,0.021362627033455064,0.035604378389091765,0.010681313516727532,제2대-S016|무소속
제2대,16,중앙불교위원회,0,1,0,0,1,0,9573,7,1,1953-06-05,1,1,0.0,0.10446046171524079,0.0,0.0,0.10446046171524079,0.0,제2대-S016|중앙불교위원회
제2대,17,무소속,18,2,4,18,5,1,418952,470,53,1953-11-11,24,24,0.04296434913784873,0.004773816570872081,0.009547633141744161,0.04296434913784873,0.011934541427180203,0.0023869082854360403,제2대-S017|무소속
제2대,17,민주국민당,0,1,0,4,2,0,98922,239,9,1953-11-10,1,6,0.0,0.01010897474778108,0.0,0.04043589899112432,0.02021794949556216,0.0,제2대-S017|민주국민당
제2대,17,대한국민당,3,0,1,8,2,0,128795,541,11,1953-11-11,4,10,0.02329282969059358,0.0,0.007764276563531193,0.06211421250824954,0.015528553127062385,0.0,제2대-S017|대한국민당
제2대,17,대한독립촉성국민회,0,0,0,0,0,0,5381,11,3,1953-11-11,0,0,0.0,0.0,0.0,0.0,0.0,0.0,제2대-S017|대한독립촉성국민회
제2대,17,자유당,0,0,0,3,0,0,12549,6,1,1953-11-20,0,3,0.0,0.0,0.0,0.2390628735357399,0.0,0.0,제2대-S017|자유당
제2대,17,조선민주당,0,0,0,0,0,0,4198,5,1,1953-11-11,0,0,0.0,0.0,0.0,0.0,0.0,0.0,제2대-S017|조선민주당
제2대,17,중앙불교위원회,0,0,0,0,0,0,4267,3,1,1953-11-17,0,0,0.0,0.0,0.0,0.0,0.0,0.0,제2대-S017|중앙불교위원회
제2대,17,일민국락부,1,0,0,0,0,0,4618,4,2,1953-11-16,1,0,0.21654395842355997,0.0,0.0,0.0,0.0,0.0,제2대-S017|일민국락부
제2대,17,대한청년단,2,0,4,2,0,0,16971,9,3,1953-11-13,6,2,0.11784809380708267,0.0,0.23569618761416533,0.11784809380708267,0.0,0.0,제2대-S017|대한청년단
제2대,18,민주국민당,20,278,8,11,15,3,315001,440,12,1953-12-21,306,29,0.06349186193059705,0.882536880835299,0.025396744772238817,0.03492052406182838,0.047618896447947784,0.009523779289589557,제2대-S018|민주국민당
제2대,18,대한노동총연맹,0,0,3,0,0,0,6631,1,1,1954-03-02,3,0,0.0,0.0,0.4524204494043131,0.0,0.0,0.0,제2대-S018|대한노동총연맹
제2대,18,대한국민당,78,14,46,12,16,13,428926,702,15,1953-12-22,138,41,0.18184954980579401,0.03263966278565533,0.10724460629572467,0.027976853816276,0.03730247175503467,0.030308258300965667,제2대-S018|대한국민당
제2대,18,대한청년단,0,0,0,1,0,0,12948,7,3,1954-01-08,0,1,0.0,0.0,0.0,0.07723200494284832,0.0,0.0,제2대-S018|대한청년단
제2대,18,조선민주당,0,0,1,1,0,0,6119,4,1,1954-01-23,1,1,0.0,0.0,0.16342539630658603,0.16342539630658603,0.0,0.0,제2대-S018|조선민주당
제2대,18,자유당,0,0,0,1,0,0,7701,3,1,1954-01-08,0,1,0.0,0.0,0.0,0.1298532658096351,0.0,0.0,제2대-S018|자유당
제2대,18,무소속,23,53,13,26,37,2,611723,678,55,1953-12-22,89,65,0.037598717066384624,0.08664052193558194,0.02125144877665218,0.04250289755330436,0.06048489267201004,0.003269453657946489,제2대-S018|무소속
제2대,18,대한독립촉성국민회,0,0,2,1,2,0,7527,13,2,1953-12-26,2,3,0.0,0.0,0.26571011026969577,0.13285505513484788,0.26571011026969577,0.0,제2대-S018|대한독립촉성국민회
제2대,18,일민국락부,0,0,0,0,0,0,9951,6,2,1953-12-22,0,0,0.0,0.0,0.0,0.0,0.0,0.0,제2대-S018|일민국락부
제3대,19,민주국민당,71,31,15,56,30,1,841096,459,15,1954-06-10,117,87,0.0844136697832352,0.03685667272225763,0.017833873897866594,0.06657979588536861,0.03566774779573319,0.0011889249265244395,제3대-S019|민주국민당
제3대,19,국민회,0,0,0,0,0,0,2228,2,1,1954-09-27,0,0,0.0,0.0,0.0,0.0,0.0,0.0,제3대-S019|국민회
제3대,19,무소속,83,43,50,66,43,13,1226153,1966,48,1954-06-09,176,122,0.06769138924750827,0.03506903298364886,0.040777945329824254,0.05382688783536802,0.03506903298364886,0.010602265785754305,제3대-S019|무소속
제3대,19,국민당,8,6,0,9,8,0,125112,57,3,1954-06-11,14,17,0.06394270733422854,0.0479570305006714,0.0,0.0719355457510071,0.06394270733422854,0.0,제3대-S019|국민당
제3대,19,자유당,234,430,122,130,136,13,2732541,3613,95,1954-06-09,786,279,0.08563457968242745,0.15736268916001628,0.04464708855237671,0.04757476649023747,0.04977052494363305,0.004757476649023747,제3대-S019|자유당
제3대,20,민주국민당,42,9,11,13,17,6,425357,295,12,1955-03-03,62,36,0.09874058731841724,0.02115869728251798,0.02586063001196642,0.030562562741414858,0.03996642820031174,0.01410579818834532,제3대-S020|민주국민당
제3대,20,제헌국회호헌동지회,0,0,0,1,1,1,8613,5,1,1955-04-23,0,3,0.0,0.0,0.0,0.11610356437942645,0.11610356437942645,0.11610356437942645,제3대-S020|제헌국회호헌동지회
제3대,20,호헌동지회,0,0,0,0,0,0,10555,4,1,1955-04-29,0,0,0.0,0.0,0.0,0.0,0.0,0.0,제3대-S020|호헌동지회
제3대,20,자유당,234,98,97,67,93,20,2877858,5826,92,1955-02-21,429,180,0.08131047466553248,0.03405310477445377,0.033705624113489964,0.023281204284575543,0.03231570146963471,0.0069496132192762815,제3대-S020|자유당
제3대,20,국민당,1,0,1,3,2,0,39744,27,3,1955-03-05,2,5,0.025161030595813205,0.0,0.025161030595813205,0.07548309178743962,0.05032206119162641,0.0,제3대-S020|국민당
제3대,20,무소속,46,30,34,29,24,1,925005,1118,50,1955-02-22,110,54,0.049729460921832856,0.032432257122934474,0.03675655807265907,0.03135118188550332,0.025945805698347577,0.001081075237431149,제3대-S020|무소속
제3대,21,자유당,91,75,39,63,64,16,2349790,4282,86,1955-09-15,205,143,0.0387268649538895,0.031917745841117715,0.016597227837381212,0.026810906506538883,0.027236476451087118,0.0068091191127717795,제3대-S021|자유당
제3대,21,무소속,37,22,8,17,21,5,771994,776,45,1955-09-16,67,43,0.04792783363601272,0.028497630810602154,0.010362774840218966,0.022020896535465302,0.027202283955574783,0.006476734275136854,제3대-S021|무소속
제3대,21,민주국민당,13,20,10,34,14,1,491958,311,12,1955-09-16,43,49,0.0264250200220344,0.040653876956976004,0.020326938478488002,0.0691115908268592,0.028457713869883203,0.0020326938478488,제3대-S021|민주국민당
제3대,21,국민당,0,0,1,5,1,1,85281,40,3,1955-10-07,1,7,0.0,0.0,0.011725941299937852,0.05862970649968926,0.011725941299937852,0.011725941299937852,제3대-S021|국민당
제3대,22,국민당,5,0,22,10,2,0,109134,51,3,1956-02-27,27,12,0.04581523631498891,0.0,0.20158703978595122,0.09163047262997782,0.018326094525995564,0.0,제3대-S022|국민당
제3대,22,무소속,61,79,55,94,45,16,1419698,2112,49,1956-02-21,195,155,0.0429668845064232,0.05564563731159725,0.038740633571365174,0.0662112646492423,0.03169688201293514,0.011270002493488052,제3대-S022|무소속
제3대,22,민주국민당,20,58,8,41,26,3,716131,516,13,1956-02-21,86,70,0.027927851189237726,0.08099076844878939,0.011171140475695089,0.057252094937937335,0.036306206546009044,0.004189177678385659,제3대-S022|민주국민당
제3대,22,자유당,171,556,195,105,132,60,3603794,5911,101,1956-02-20,922,297,0.04744999297962092,0.15428184851853352,0.05410964111711158,0.029135960601521616,0.036628064756198606,0.016649120343726637,제3대-S022|자유당
제3대,23,자유당,44,17,11,19,33,13,619859,715,48,1957-01-10,72,65,0.07098388504482471,0.027425591949136817,0.017745971261206177,0.03065213217844703,0.053237913783618536,0.020972511490516394,제3대-S023|자유당
제3대,23,국민당,0,0,0,0,0,0,7481,9,3,1957-01-18,0,0,0.0,0.0,0.0,0.0,0.0,0.0,제3대-S023|국민당
제3대,23,무소속,33,0,3,8,13,0,202826,104,28,1957-01-11,36,21,0.16270103438415193,0.0,0.014791003125831993,0.03944267500221865,0.06409434687860531,0.0,제3대-S023|무소속
제3대,23,민주국민당,2,0,0,10,4,1,112261,43,8,1957-01-12,2,15,0.017815626085639715,0.0,0.0,0.08907813042819858,0.03563125217127943,0.008907813042819858,제3대-S023|민주국민당
제3대,24,민주국민당,2,6,6,5,5,0,131058,59,8,1957-03-06,14,10,0.015260419051107145,0.04578125715332143,0.04578125715332143,0.03815104762776786,0.03815104762776786,0.0,제3대-S024|민주국민당
제3대,24,무소속,11,10,7,13,16,1,349965,286,34,1957-03-06,28,30,0.03143171460003143,0.028574286000028575,0.020002000200020003,0.03714657180003715,0.045718857600045716,0.0028574286000028573,제3대-S024|무소속
제3대,24,국민당,1,0,0,0,1,0,13781,4,2,1957-03-06,1,1,0.07256367462448299,0.0,0.0,0.0,0.07256367462448299,0.0,제3대-S024|국민당
제3대,24,민주당,0,0,0,0,0,0,10462,1,1,1957-04-13,0,0,0.0,0.0,0.0,0.0,0.0,0.0,제3대-S024|민주당
제3대,24,제헌국회호헌동지회,0,0,0,0,0,0,3506,1,1,1957-03-08,0,0,0.0,0.0,0.0,0.0,0.0,0.0,제3대-S024|제헌국회호헌동지회
제3대,24,자유당,37,14,26,42,30,1,930554,970,57,1957-03-05,77,73,0.03976126049643546,0.015044801268921524,0.0279403452137114,0.045134403806764575,0.032238859861974695,0.0010746286620658232,제3대-S024|자유당
제3대,25,민주국민당,10,6,16,14,14,1,318167,170,12,1957-06-03,32,29,0.031430035170209356,0.018858021102125613,0.050288056272334965,0.0440020492382931,0.0440020492382931,0.0031430035170209353,제3대-S025|민주국민당
제3대,25,국민회,0,0,0,1,0,0,2834,2,2,1957-06-26,0,1,0.0,0.0,0.0,0.35285815102328866,0.0,0.0,제3대-S025|국민회
제3대,25,국민당,3,0,0,1,0,0,25299,19,3,1957-06-07,3,1,0.11858176212498517,0.0,0.0,0.03952725404166173,0.0,0.0,제3대-S025|국민당
제3대,25,자유당,84,13,51,57,51,6,1256099,1767,81,1957-05-15,148,114,0.06687370979516742,0.010349502706394958,0.04060189523278022,0.04537858878957789,0.04060189523278022,0.0047766935567976725,제3대-S025|자유당
제3대,25,제헌국회호헌동지회,0,0,0,1,0,0,6232,3,1,1957-06-13,0,1,0.0,0.0,0.0,0.16046213093709882,0.0,0.0,제3대-S025|제헌국회호헌동지회
제3대,25,무소속,42,18,16,32,30,2,685026,585,41,1957-06-03,76,64,0.061311541459740215,0.026276374911317235,0.023356777698948655,0.04671355539789731,0.043793958185528725,0.002919597212368582,제3대-S025|무소속
제3대,26,무소속,78,153,14,95,40,1,984387,1182,45,1957-09-03,245,136,0.07923712929975711,0.1554266767033697,0.014222048848674352,0.09650676004457596,0.04063442528192673,0.001015860632048168,제3대-S026|무소속
제3대,26,국민당,10,0,0,5,3,0,41924,31,3,1957-09-03,10,8,0.23852685812422478,0.0,0.0,0.11926342906211239,0.07155805743726744,0.0,제3대-S026|국민당
제3대,26,국민회,7,0,0,2,0,0,12600,14,2,1957-12-03,7,2,0.5555555555555556,0.0,0.0,0.15873015873015872,0.0,0.0,제3대-S026|국민회
제3대,26,민주당,0,0,0,0,0,0,2954,2,1,1957-10-16,0,0,0.0,0.0,0.0,0.0,0.0,0.0,제3대-S026|민주당
제3대,26,민주국민당,21,35,9,36,11,0,372589,255,12,1957-09-05,65,47,0.05636237248013226,0.0939372874668871,0.024155302491485255,0.09662120996594102,0.02952314748959309,0.0,제3대-S026|민주국민당
제3대,26,자유당,175,135,56,229,102,18,2656850,4264,85,1957-09-02,366,349,0.06586747464102226,0.050812051865931455,0.021077591885127124,0.08619229538739484,0.038391328076481546,0.006774940248790861,제3대-S026|자유당
제3대,27,무소속,15,1,0,5,5,0,139512,70,16,1958-02-06,16,10,0.10751763289179425,0.007167842192786284,0.0,0.03583921096393142,0.03583921096393142,0.0,제3대-S027|무소속
제3대,27,국민당,5,0,1,0,2,0,18836,9,3,1958-02-07,6,2,0.2654491399447866,0.0,0.05308982798895732,0.0,0.10617965597791464,0.0,제3대-S027|국민당
제3대,27,민주국민당,0,0,4,3,4,0,39285,21,8,1958-02-07,4,7,0.0,0.0,0.10182003309151076,0.07636502481863307,0.10182003309151076,0.0,제3대-S027|민주국민당
제3대,27,자유당,187,5,1,12,8,5,372160,521,38,1958-02-05,193,25,0.5024720550300945,0.013435081685296647,0.002687016337059329,0.03224419604471195,0.021496130696474634,0.013435081685296647,제3대-S027|자유당
제3대,28,자유당,0,1,0,0,0,0,3223,2,1,1958-05-21,1,0,0.0,0.31026993484331367,0.0,0.0,0.0,0.0,제3대-S028|자유당
제4대,29,통일당,0,0,0,1,0,0,23314,26,1,1958-06-09,0,1,0.0,0.0,0.0,0.04289268250836407,0.0,0.0,제4대-S029|통일당
제4대,29,무소속,24,60,22,35,14,7,587565,508,23,1958-06-09,106,56,0.040846544637614564,0.1021163615940364,0.037442665917813346,0.05956787759652124,0.023827151038608493,0.011913575519304246,제4대-S029|무소속
제4대,29,자유당,159,88,14,51,69,15,1711259,4842,99,1958-06-07,261,135,0.0929140474936874,0.051424126914745225,0.008181111100073104,0.029802619007409163,0.04032119042178887,0.008765476178649754,제4대-S029|자유당
제4대,29,민주당,165,179,76,142,127,5,2702909,2195,71,1958-06-09,420,274,0.061045340409166565,0.06622494504994435,0.028117853764222177,0.052535989927888806,0.04698641352705548,0.0018498588002777748,제4대-S029|민주당
제4대,30,자유당,267,97,67,65,86,18,1790088,4764,107,1958-09-01,431,169,0.1491546784292169,0.054187280178404636,0.03742832754590836,0.03631106403707527,0.048042330879822674,0.010055371579497768,제4대-S030|자유당
제4대,30,무소속,25,18,13,19,11,3,342245,509,26,1958-09-02,56,33,0.0730470861517334,0.05259390202924805,0.03798448479890137,0.05551578547531739,0.0321407179067627,0.008765650338208008,제4대-S030|무소속
제4대,30,민주당,166,112,72,113,83,10,2020114,1895,75,1958-09-02,350,206,0.08217358030289379,0.055442415626048826,0.03564155290245996,0.055937437194138545,0.041086790151446895,0.004950215680897217,제4대-S030|민주당
제4대,30,통일당,0,0,0,3,1,0,7175,7,1,1958-10-11,0,4,0.0,0.0,0.0,0.4181184668989547,0.13937282229965156,0.0,제4대-S030|통일당
제4대,31,자유당,1,1,0,1,1,0,26090,104,6,1959-01-12,2,2,0.038328861632809505,0.038328861632809505,0.0,0.038328861632809505,0.038328861632809505,0.0,제4대-S031|자유당
제4대,31,민주당,0,3,0,4,3,0,89114,76,11,1959-02-03,3,7,0.0,0.03366474403572951,0.0,0.04488632538097268,0.03366474403572951,0.0,제4대-S031|민주당
제4대,31,무소속,0,0,0,0,0,0,5950,28,2,1959-02-03,0,0,0.0,0.0,0.0,0.0,0.0,0.0,제4대-S031|무소속
제4대,32,민주당,54,64,106,107,77,32,1775394,1563,71,1959-02-19,224,216,0.030415783764054627,0.036048336312953635,0.059705057018329455,0.060268312273219354,0.04337065462652234,0.018024168156476818,제4대-S032|민주당
제4대,32,무소속,15,13,72,11,11,14,258882,656,20,1959-02-20,100,36,0.05794145595290519,0.05021592849251783,0.27811898857394485,0.04249040103213047,0.04249040103213047,0.05407869222271151,제4대-S032|무소속
제4대,32,자유당,107,17,24,47,43,19,944617,2678,81,1959-02-18,148,109,0.11327342192655859,0.017996711894873795,0.025407122675115947,0.04975561523876873,0.04552109479291607,0.020113972117800125,제4대-S032|자유당
제4대,33,자유당,294,70,62,53,67,39,1774961,4743,96,1959-09-01,426,159,0.1656374421747858,0.03943748623209186,0.03493034494842422,0.02985981100429812,0.03774730825071649,0.02197231375787975,제4대-S033|자유당
제4대,33,민주당,289,198,132,130,122,43,2647486,2067,67,1959-10-06,619,295,0.10916016175345214,0.07478793088990839,0.04985862059327226,0.04910318694791965,0.04608145236650921,0.016241823375081114,제4대-S033|민주당
제4대,33,무소속,81,26,17,14,42,2,588455,1023,26,1959-09-22,124,58,0.13764858825228776,0.04418349746369731,0.02888920988010978,0.023791114018913935,0.07137334205674181,0.0033987305741305625,제4대-S033|무소속
제4대,34,자유당,0,0,0,3,0,0,23575,64,5,1960-02-02,0,3,0.0,0.0,0.0,0.12725344644750794,0.0,0.0,제4대-S034|자유당
제4대,34,민주당,1,0,0,1,0,0,25236,36,8,1960-02-16,1,1,0.03962593120938342,0.0,0.0,0.03962593120938342,0.0,0.0,제4대-S034|민주당
제4대,35,민주당,5,0,1,36,12,2,357454,1372,30,1960-03-18,6,50,0.013987813816602976,0.0,0.002797562763320595,0.10071225947954142,0.033570753159847144,0.00559512552664119,제4대-S035|민주당
제4대,35,무소속,0,1,1,9,6,0,119246,355,11,1960-03-18,2,15,0.0,0.008386025527061703,0.008386025527061703,0.07547422974355535,0.05031615316237023,0.0,제4대-S035|무소속
제4대,35,자유당,2,0,0,12,12,0,225455,1350,29,1960-03-17,2,24,0.008870949856955935,0.0,0.0,0.0532256991417356,0.0532256991417356,0.0,제4대-S035|자유당
제헌,1,대한독립촉성국민회,26,2,81,26,47,11,1024472,3408,50,1948-05-31,109,84,0.025378926900881622,0.0019522251462216636,0.07906511842197737,0.025378926900881622,0.04587729093620909,0.01073723830421915,제헌-S001|대한독립촉성국민회
제헌,1,단민당,0,1,0,2,3,0,26865,45,1,1948-08-28,1,5,0.0,0.03722315280104225,0.0,0.0744463056020845,0.11166945840312674,0.0,제헌-S001|단민당
제헌,1,대동청년당,4,5,41,6,8,0,125981,317,10,1948-05-31,50,14,0.0317508195680301,0.03968852446003762,0.3254459005723085,0.04762622935204515,0.0635016391360602,0.0,제헌-S001|대동청년당
제헌,1,조선민족청년단,4,0,50,4,3,2,93105,184,5,1948-06-01,54,9,0.0429622469255142,0.0,0.5370280865689275,0.0429622469255142,0.03222168519413565,0.0214811234627571,제헌-S001|조선민족청년단
제헌,1,민족통일본부,0,0,0,0,0,0,13021,21,1,1948-06-09,0,0,0.0,0.0,0.0,0.0,0.0,0.0,제헌-S001|민족통일본부
제헌,1,교육협회,0,0,1,0,1,1,13248,28,1,1948-06-02,1,2,0.0,0.0,0.07548309178743962,0.0,0.07548309178743962,0.07548309178743962,제헌-S001|교육협회
제헌,1,대한여자국민당,11,0,3,3,0,1,26238,12,1,1948-08-21,14,4,0.4192392712859212,0.0,0.1143379830779785,0.1143379830779785,0.0,0.03811266102599284,제헌-S001|대한여자국민당
제헌,1,조선공화당,3,1,0,0,10,11,214820,1117,1,1948-05-31,4,21,0.013965180150823946,0.004655060050274648,0.0,0.0,0.04655060050274649,0.051205660553021136,제헌-S001|조선공화당
제헌,1,무소속,164,3,145,90,54,26,1492832,3115,80,1948-05-31,312,170,0.10985830957535744,0.0020096032239394655,0.09713082249040748,0.06028809671818396,0.03617285803091038,0.017416561274142033,제헌-S001|무소속
제헌,1,전도회,0,0,0,0,0,0,3687,19,1,1948-06-02,0,0,0.0,0.0,0.0,0.0,0.0,0.0,제헌-S001|전도회
제헌,1,대한노동총연맹,3,0,81,4,4,0,26505,10,1,1948-06-29,84,8,0.11318619128466327,0.0,3.0560271646859083,0.15091492171288437,0.15091492171288437,0.0,제헌-S001|대한노동총연맹
제헌,1,한국민주당,72,2,89,61,30,51,1253261,3483,29,1948-05-31,163,142,0.05745012411620564,0.0015958367810057124,0.07101473675475418,0.04867302182067423,0.023937551715085683,0.04069383791564567,제헌-S001|한국민주당
제헌,1,한국독립당,0,0,0,0,0,0,7701,18,1,1948-06-12,0,0,0.0,0.0,0.0,0.0,0.0,0.0,제헌-S001|한국독립당
제헌,1,조선민주당,0,0,0,1,3,0,19021,25,1,1948-06-01,0,4,0.0,0.0,0.0,0.052573471426318276,0.15772041427895483,0.0,제헌-S001|조선민주당
제헌,2,한국독립당,0,0,0,0,0,0,4228,16,1,1948-12-21,0,0,0.0,0.0,0.0,0.0,0.0,0.0,제헌-S002|한국독립당
제헌,2,대동청년당,9,3,2,5,8,0,86706,152,9,1948-12-22,14,13,0.10379904504878555,0.03459968168292851,0.023066454455285677,0.05766613613821419,0.09226581782114271,0.0,제헌-S002|대동청년당
제헌,2,대한여자국민당,9,0,0,0,3,0,14653,20,1,1949-01-19,9,3,0.6142086944652972,0.0,0.0,0.0,0.20473623148843242,0.0,제헌-S002|대한여자국민당
제헌,2,교육협회,1,0,0,0,0,0,6862,15,1,1949-02-14,1,0,0.14573010784027982,0.0,0.0,0.0,0.0,0.0,제헌-S002|교육협회
제헌,2,조선공화당,1,0,1,0,6,0,171325,855,1,1948-12-22,2,6,0.0058368597694440395,0.0,0.0058368597694440395,0.0,0.03502115861666423,0.0,제헌-S002|조선공화당
제헌,2,대한독립촉성국민회,32,1,11,24,37,2,562357,1614,43,1948-12-20,44,63,0.05690335498624539,0.0017782298433201683,0.019560528276521855,0.04267751623968404,0.06579450420284624,0.0035564596866403367,제헌-S002|대한독립촉성국민회
제헌,2,한국민주당,78,22,30,22,42,2,879156,1886,27,1948-12-21,130,66,0.08872145557784966,0.02502400029118837,0.03412363676071141,0.02502400029118837,0.047773091464995976,0.002274909117380761,제헌-S002|한국민주당
제헌,2,조선민족청년단,69,0,1,4,3,0,78011,111,4,1949-01-12,70,7,0.8844906487546628,0.0,0.012818705054415402,0.05127482021766161,0.03845611516324621,0.0,제헌-S002|조선민족청년단
제헌,2,조선민주당,0,0,0,0,0,0,4061,3,1,1949-01-25,0,0,0.0,0.0,0.0,0.0,0.0,0.0,제헌-S002|조선민주당
제헌,2,민족통일본부,1,0,0,0,0,0,23624,39,1,1948-12-22,1,0,0.04232983406705046,0.0,0.0,0.0,0.0,0.0,제헌-S002|민족통일본부
제헌,2,전도회,0,0,0,2,0,0,9112,28,1,1948-12-22,0,2,0.0,0.0,0.0,0.21949078138718173,0.0,0.0,제헌-S002|전도회
제헌,2,무소속,150,13,53,68,62,1,1213625,2095,74,1948-12-21,216,131,0.12359666289010196,0.010711710783808838,0.043670820887836026,0.05603048717684622,0.051086620661242144,0.0008239777526006798,제헌-S002|무소속
제헌,2,대한노동총연맹,0,0,0,2,0,0,12349,8,1,1948-12-22,0,2,0.0,0.0,0.0,0.16195643371932952,0.0,0.0,제헌-S002|대한노동총연맹
제헌,3,대한독립촉성국민회,0,6,0,5,6,1,109754,432,25,1949-05-21,6,12,0.0,0.05466771142737394,0.0,0.04555642618947829,0.05466771142737394,0.009111285237895657,제헌-S003|대한독립촉성국민회
제헌,3,민족통일본부,1,0,0,0,0,0,18362,8,1,1949-05-26,1,0,0.05446029844243546,0.0,0.0,0.0,0.0,0.0,제헌-S003|민족통일본부
제헌,3,조선공화당,0,0,0,0,0,0,29237,143,1,1949-05-24,0,0,0.0,0.0,0.0,0.0,0.0,0.0,제헌-S003|조선공화당
제헌,3,조선민족청년단,0,0,0,0,0,0,19824,25,3,1949-05-23,0,0,0.0,0.0,0.0,0.0,0.0,0.0,제헌-S003|조선민족청년단
제헌,3,단민당,0,0,0,0,1,0,7057,13,1,1949-05-25,0,1,0.0,0.0,0.0,0.0,0.14170327334561428,0.0,제헌-S003|단민당
제헌,3,대동청년당,0,0,1,1,2,0,24924,40,8,1949-05-23,1,3,0.0,0.0,0.04012197079120526,0.04012197079120526,0.08024394158241052,0.0,제헌-S003|대동청년당
제헌,3,무소속,8,0,2,27,10,0,334285,492,58,1949-05-23,10,37,0.02393167506768177,0.0,0.005982918766920442,0.08076940335342597,0.02991459383460221,0.0,제헌-S003|무소속
제헌,3,교육협회,0,0,0,0,0,0,2428,3,1,1949-06-14,0,0,0.0,0.0,0.0,0.0,0.0,0.0,제헌-S003|교육협회
제헌,3,한국민주당,1,24,2,5,2,0,144417,353,16,1949-05-23,27,7,0.006924392557662879,0.16618542138390907,0.013848785115325758,0.0346219627883144,0.013848785115325758,0.0,제헌-S003|한국민주당
제헌,4,전도회,0,0,0,1,2,0,3913,12,1,1949-07-06,0,3,0.0,0.0,0.0,0.2555583950932788,0.5111167901865576,0.0,제헌-S004|전도회
제헌,4,교육협회,0,0,0,0,4,0,4285,6,1,1949-07-21,0,4,0.0,0.0,0.0,0.0,0.9334889148191365,0.0,제헌-S004|교육협회
제헌,4,한국민주당,18,220,1,6,32,0,236519,739,22,1949-07-02,239,38,0.07610382252588588,0.9301578308719385,0.004227990140326993,0.025367940841961954,0.13529568449046378,0.0,제헌-S004|한국민주당
제헌,4,대한노동총연맹,0,0,68,2,0,0,11511,12,1,1949-07-15,68,2,0.0,0.0,5.907392928503171,0.17374685083832855,0.0,0.0,제헌-S004|대한노동총연맹
제헌,4,민족통일본부,2,0,0,1,0,0,9521,10,1,1949-07-06,2,1,0.21006196828064277,0.0,0.0,0.10503098414032139,0.0,0.0,제헌-S004|민족통일본부
제헌,4,조선민족청년단,3,0,0,0,0,0,20052,25,1,1949-07-09,3,0,0.14961101137043686,0.0,0.0,0.0,0.0,0.0,제헌-S004|조선민족청년단
제헌,4,무소속,46,16,15,21,64,0,203385,373,54,1949-07-02,77,85,0.22617203825257517,0.07866853504437397,0.0737517516041006,0.10325245224574084,0.3146741401774959,0.0,제헌-S004|무소속
제헌,4,대한독립촉성국민회,7,300,5,2,21,1,156749,400,30,1949-07-01,312,24,0.044657382184256356,1.9138878078967012,0.031898130131611684,0.012759252052644674,0.13397214655276907,0.006379626026322337,제헌-S004|대한독립촉성국민회
제헌,4,조선민주당,0,0,0,2,0,0,3605,2,1,1949-07-09,0,2,0.0,0.0,0.0,0.5547850208044383,0.0,0.0,제헌-S004|조선민주당
제헌,4,대동청년당,2,0,23,1,0,0,10576,25,6,1949-07-02,25,1,0.18910741301059003,0.0,2.174735249621785,0.09455370650529502,0.0,0.0,제헌-S004|대동청년당
제헌,5,교육협회,0,0,0,0,0,0,20316,33,1,1949-09-20,0,0,0.0,0.0,0.0,0.0,0.0,0.0,제헌-S005|교육협회
제헌,5,무소속,144,18,107,24,51,26,731010,1234,65,1949-09-19,269,101,0.19698772930602865,0.02462346616325358,0.1463728266371185,0.032831288217671444,0.0697664874625518,0.0355672289024774,제헌-S005|무소속
제헌,5,대한독립촉성국민회,53,14,48,10,31,19,434599,1059,41,1949-09-12,115,60,0.12195150011850003,0.0322136038048868,0.11044664161675476,0.02300971700349057,0.07133012271082077,0.04371846230663209,제헌-S005|대한독립촉성국민회
제헌,5,조선민족청년단,13,0,2,1,2,0,42378,32,2,1949-09-20,15,3,0.30676294303648116,0.0,0.04719429892868941,0.023597149464344706,0.04719429892868941,0.0,제헌-S005|조선민족청년단
제헌,5,민족통일본부,0,0,0,0,0,0,2346,1,1,1949-10-29,0,0,0.0,0.0,0.0,0.0,0.0,0.0,제헌-S005|민족통일본부
제헌,5,단민당,0,0,0,0,0,0,2902,7,1,1949-10-08,0,0,0.0,0.0,0.0,0.0,0.0,0.0,제헌-S005|단민당
제헌,5,한국민주당,84,35,93,22,51,34,959702,2507,27,1949-09-12,212,107,0.08752716989232075,0.03646965412180031,0.09690508095221226,0.022923782590845907,0.05314149600605188,0.03542766400403459,제헌-S005|한국민주당
제헌,5,민주국민당,2,0,0,0,2,0,7146,3,1,1949-09-26,2,2,0.279876854184159,0.0,0.0,0.0,0.279876854184159,0.0,제헌-S005|민주국민당
제헌,5,전도회,0,0,0,0,0,0,2991,20,1,1949-09-19,0,0,0.0,0.0,0.0,0.0,0.0,0.0,제헌-S005|전도회
제헌,5,대한여자국민당,2,0,7,1,0,1,13887,26,1,1949-09-26,9,2,0.14401958666378628,0.0,0.504068553323252,0.07200979333189314,0.0,0.07200979333189314,제헌-S005|대한여자국민당
제헌,5,한국독립당,0,0,0,0,0,0,2906,14,1,1949-09-22,0,0,0.0,0.0,0.0,0.0,0.0,0.0,제헌-S005|한국독립당
제헌,5,대동청년당,3,0,12,2,0,0,38522,80,8,1949-09-24,15,2,0.07787757644982089,0.0,0.31151030579928357,0.05191838429988059,0.0,0.0,제헌-S005|대동청년당
제헌,5,대한노동총연맹,0,0,36,2,0,0,8817,5,1,1949-10-24,36,2,0.0,0.0,4.083021435862538,0.22683452421458544,0.0,0.0,제헌-S005|대한노동총연맹
제헌,6,민주국민당,0,0,0,0,0,0,18446,7,1,1950-02-10,0,0,0.0,0.0,0.0,0.0,0.0,0.0,제헌-S006|민주국민당
제헌,6,전도회,0,0,0,3,0,0,13753,41,1,1950-01-14,0,3,0.0,0.0,0.0,0.21813422525994328,0.0,0.0,제헌-S006|전도회
제헌,6,무소속,89,13,13,77,46,7,1223878,1946,61,1949-12-21,115,130,0.07271966650270696,0.010621973758822366,0.010621973758822366,0.06291476764840939,0.03758544560814068,0.005719524331673582,제헌-S006|무소속
제헌,6,대한여자국민당,0,0,0,5,1,0,16728,39,1,1950-01-16,0,6,0.0,0.0,0.0,0.29890004782400764,0.059780009564801534,0.0,제헌-S006|대한여자국민당
제헌,6,조선민주당,0,0,0,3,0,0,9965,3,1,1950-02-20,0,3,0.0,0.0,0.0,0.30105368790767684,0.0,0.0,제헌-S006|조선민주당
제헌,6,한국민주당,33,102,14,42,56,3,1029596,2600,24,1949-12-21,149,101,0.0320514065711211,0.09906798394710158,0.013597566424111982,0.04079269927233594,0.05439026569644793,0.0029137642337382814,제헌-S006|한국민주당
제헌,6,교육협회,0,0,0,0,2,0,16448,17,1,1950-01-12,0,2,0.0,0.0,0.0,0.0,0.12159533073929961,0.0,제헌-S006|교육협회
제헌,6,대동청년당,0,0,8,2,2,1,44001,69,8,1949-12-21,8,5,0.0,0.0,0.18181404968068907,0.045453512420172267,0.045453512420172267,0.022726756210086133,제헌-S006|대동청년당
제헌,6,대한독립촉성국민회,145,2,16,24,25,5,632186,1383,38,1949-12-21,163,54,0.22936287738102396,0.003163625894910675,0.0253090071592854,0.0379635107389281,0.039545323686383436,0.007909064737276688,제헌-S006|대한독립촉성국민회
제헌,6,조선민족청년단,7,0,0,1,3,0,75735,88,3,1950-01-13,7,4,0.09242754340793556,0.0,0.0,0.013203934772562225,0.03961180431768667,0.0,제헌-S006|조선민족청년단
제헌,6,단민당,0,0,1,1,5,0,22603,28,1,1949-12-21,1,6,0.0,0.0,0.04424191479007211,0.04424191479007211,0.22120957395036056,0.0,제헌-S006|단민당
