Assembly_Num,Session_No,Session_Type,Technology,Income,Labor,Immigration,Migration,Foreigner,Discourse_Development,Discourse_Boundary,Keyword_Total,Speech_Count,Total_Chars,Distinct_Speakers,Start_Date,End_Date,Keyword_Per_1k_Chars,Development_Per_1k_Chars,Boundary_Per_1k_Chars,Share_of_Chars,Boundary_Ratio
제2대,7,임시회,1,0,1,4,2,2,2,8,10,134,56399,34,1950-06-19,1950-06-20,0.177,0.035,0.142,0.00263,0.8
제2대,8,임시회,44,179,29,25,37,2,252,64,316,1046,752446,122,1950-10-30,1950-11-26,0.42,0.335,0.085,0.03515,0.2025
제2대,9,임시회,2,2,0,1,6,0,4,7,11,321,124429,63,1950-12-08,1950-12-18,0.088,0.032,0.056,0.00581,0.6364
제2대,10,정기회,163,757,89,101,113,27,1009,241,1250,4812,3468667,169,1950-12-20,1951-05-30,0.36,0.291,0.069,0.16204,0.1928
제2대,11,임시회,299,118,143,82,205,62,560,349,909,6366,4298459,180,1951-05-31,1951-12-19,0.211,0.13,0.081,0.2008,0.3839
제2대,12,정기회,143,222,366,192,91,24,731,307,1038,3027,2729709,170,1951-12-20,1952-06-30,0.38,0.268,0.112,0.12752,0.2958
제2대,13,임시회,17,53,57,43,24,6,127,73,200,1541,1075719,115,1952-07-01,1952-09-11,0.186,0.118,0.068,0.05025,0.365
제2대,14,임시회,76,435,94,31,52,12,605,95,700,1850,1578635,143,1952-10-15,1952-12-19,0.443,0.383,0.06,0.07375,0.1357
제2대,15,정기회,166,74,3588,41,75,33,3828,149,3977,3913,2889774,154,1952-12-20,1953-06-01,1.376,1.325,0.052,0.135,0.0375
제2대,16,임시회,103,42,68,46,66,17,213,129,342,2940,1861398,150,1953-06-03,1953-10-21,0.184,0.114,0.069,0.08695,0.3772
제2대,17,임시회,28,5,9,44,14,1,42,59,101,1434,888283,108,1953-11-10,1953-12-19,0.114,0.047,0.066,0.0415,0.5842
제2대,18,정기회,130,360,81,55,74,18,571,147,718,2071,1682537,123,1953-12-21,1954-05-01,0.427,0.339,0.087,0.0786,0.2047
제3대,,,46,13,2,2,8,0,61,10,71,291,159652,28,1957-09-25,1957-10-14,0.445,0.382,0.063,0.00449,0.1408
제3대,19,임시회,485,609,221,296,252,37,1315,585,1900,7050,6171869,220,1954-06-09,1955-02-11,0.308,0.213,0.095,0.1737,0.3079
제3대,20,정기회,510,227,194,147,181,40,931,368,1299,8937,5907131,232,1955-02-21,1955-08-01,0.22,0.158,0.062,0.16625,0.2833
제3대,21,임시회,218,174,69,143,126,62,461,331,792,6519,4747933,203,1955-09-15,1956-02-19,0.167,0.097,0.07,0.13363,0.4179
제3대,22,정기회,409,718,317,276,233,94,1444,603,2047,10016,7197599,240,1956-02-20,1956-12-31,0.284,0.201,0.084,0.20257,0.2946
제3대,23,임시회,85,19,14,43,70,14,118,127,245,947,1043852,98,1957-01-10,1957-02-05,0.235,0.113,0.122,0.02938,0.5184
제3대,24,임시회,77,32,49,68,63,5,158,136,294,1544,1690680,128,1957-03-05,1957-05-04,0.174,0.093,0.08,0.04758,0.4626
제3대,25,임시회,246,65,94,124,107,14,405,245,650,2943,2810994,181,1957-05-15,1957-08-31,0.231,0.144,0.087,0.07911,0.3769
제3대,26,정기회,522,458,86,400,189,26,1066,615,1681,6570,5103938,211,1957-09-02,1958-01-04,0.329,0.209,0.12,0.14365,0.3659
제3대,27,임시회,232,8,6,22,20,8,246,50,296,695,693152,81,1958-02-05,1958-04-07,0.427,0.355,0.072,0.01951,0.1689
제3대,28,임시회,0,1,0,0,0,0,1,0,1,8,4084,3,1958-05-21,1958-05-29,0.245,0.245,0.0,0.00011,0.0
제4대,,,440,2,27,43,66,5,469,114,583,13428,1844488,359,1958-07-02,1959-11-17,0.316,0.254,0.062,0.06513,0.1955
제4대,29,임시회,671,490,168,271,297,54,1329,622,1951,9379,7058492,287,1958-06-07,1958-08-27,0.276,0.188,0.088,0.24923,0.3188
제4대,30,정기회,919,414,210,244,249,51,1543,544,2087,9149,6112884,289,1958-09-01,1958-12-31,0.341,0.252,0.089,0.21584,0.2607
제4대,31,임시회,1,4,0,7,4,3,5,14,19,270,160480,25,1959-01-12,1959-02-11,0.118,0.031,0.087,0.00567,0.7368
제4대,32,임시회,406,147,394,211,183,115,947,509,1456,7003,4109062,249,1959-02-18,1959-07-18,0.354,0.23,0.124,0.14509,0.3496
제4대,33,정기회,1347,464,324,268,326,128,2135,722,2857,10667,7816493,311,1959-09-01,1960-01-21,0.366,0.273,0.092,0.276,0.2527
제4대,34,임시회,1,0,0,4,0,0,1,4,5,143,68182,20,1960-02-02,1960-03-03,0.073,0.015,0.059,0.00241,0.8
제4대,35,임시회,10,2,3,68,51,2,15,121,136,5273,1150982,152,1960-03-17,1960-04-27,0.118,0.013,0.105,0.04064,0.8897
제헌,1,임시회,356,15,509,232,190,132,880,554,1434,12918,5140424,251,1948-05-31,1948-12-18,0.279,0.171,0.108,0.29909,0.3863
제헌,2,정기회,405,54,113,153,177,5,572,335,907,7600,3689182,225,1948-12-20,1949-05-02,0.246,0.155,0.091,0.21465,0.3693
제헌,3,임시회,19,40,5,45,28,1,64,74,138,1667,873814,143,1949-05-21,1949-06-20,0.158,0.073,0.085,0.05084,0.5362
제헌,4,임시회,89,561,113,40,135,4,763,179,942,1809,833768,149,1949-07-01,1949-08-01,1.13,0.915,0.215,0.04851,0.19
제헌,5,임시회,350,194,334,71,158,149,878,378,1256,5486,2803284,199,1949-09-12,1949-12-04,0.448,0.313,0.135,0.16311,0.301
제헌,6,정기회,336,142,85,176,159,24,563,359,922,6899,3846478,204,1949-12-20,1950-06-02,0.24,0.146,0.093,0.2238,0.3894
