Assembly_Num,Id,Party,Speaker_Type,Primary_Role,Speech_Count,Total_Chars,First_Speech_Date,Keyword_Total,Boundary_Per_1k_Chars
제2대,신익희,민주국민당,의원,의장,3712,1525447,1950-06-19,903,0.059
제2대,김용우,무소속,의원,사회보건위원장,410,256316,1950-11-10,701,0.051
제2대,전진한,대한노동총연맹,의원,의원,51,60731,1952-02-14,655,0.033
제2대,조봉암,대한국민당,의원,부의장,6643,1956095,1950-06-19,635,0.04
제2대,이재형,대한국민당,의원,재정경제위원장,572,515223,1950-11-20,476,0.043
제2대,이진수,대한국민당,의원,의원,337,315551,1950-06-20,424,0.133
제2대,윤치영,대한국민당,의원,부의장,2062,431697,1952-02-14,249,0.076
제2대,김익기,무소속,의원,사회보건위원장,93,53791,1950-11-20,235,0.112
제2대,백두진,미상/직책자,정부/기타 직책자,재무부장관,135,368559,1951-03-19,209,0.06
제2대,엄상섭,무소속,의원,법제사법위원장대리,659,657347,1950-11-21,182,0.091
제2대,신광균,일민국락부,의원,의원,60,93301,1950-11-01,168,0.064
제2대,조광섭,조선민주당,의원,의원,133,127952,1950-06-20,166,0.102
제2대,정남국,민주국민당,의원,의원,81,93680,1950-11-25,161,0.075
제2대,임기봉,미상/직책자,정부/기타 직책자,의원,60,85916,1950-06-20,156,0.047
제2대,김지태,무소속,의원,의원,43,64795,1951-04-18,123,0.093
제2대,박희현,미상/직책자,정부/기타 직책자,재무부차관,156,271521,1951-10-06,119,0.088
제2대,장건상,무소속,의원,의원,10,26139,1950-11-21,109,0.153
제2대,박만원,무소속,의원,재정경제위원장,440,458674,1950-11-02,108,0.048
제2대,김수학,무소속,의원,재정경제위원장,79,103686,1950-06-20,105,0.077
제2대,이종형,미상/직책자,정부/기타 직책자,의원,235,324968,1950-11-20,105,0.166
제2대,태완선,무소속,의원,의원,271,199848,1950-11-07,95,0.15
제2대,임용순,대한청년단,의원,의원,46,52458,1951-02-27,95,0.019
제2대,김영선,무소속,의원,의원,38,100447,1950-11-06,95,0.06
제2대,김봉재,무소속,의원,의원,117,166586,1950-11-20,94,0.246
제2대,서상준,미상/직책자,정부/기타 직책자,의사국장,388,386661,1950-12-15,83,0.096
제2대,서범석,무소속,의원,의원,142,150737,1950-11-02,76,0.139
제2대,김유택,미상/직책자,정부/기타 직책자,재무부차관,67,52014,1950-11-10,75,0.211
제2대,박영출,대한국민당,의원,의원,278,192920,1950-06-20,73,0.13
제2대,최원호,민주국민당,의원,의원,18,44794,1951-11-03,70,0.112
제2대,장홍염,민주국민당,의원,의원,86,97266,1950-12-22,68,0.257
제2대,박정근,무소속,의원,농림위원장,371,539579,1950-06-20,68,0.037
제2대,이충환,무소속,의원,예산결산위원장,208,270594,1950-12-11,67,0.055
제2대,소선규,민주국민당,의원,의원,334,363191,1950-11-01,61,0.058
제2대,육홍균,대한국민당,의원,의원,11,12248,1950-11-18,58,0.163
제2대,최창순,미상/직책자,정부/기타 직책자,사회부차관,32,71867,1950-11-18,58,0.167
제2대,곽의영,무소속,의원,의원,226,274236,1950-11-11,56,0.015
제2대,오의관,무소속,의원,의원,180,107234,1950-11-02,54,0.009
제2대,윤길중,무소속,의원,법제사법위원장,217,238172,1950-11-10,54,0.071
제2대,강경옥,무소속,의원,의원,65,109787,1950-11-22,52,0.118
제2대,곽상훈,무소속,의원,의원,112,138232,1950-11-07,50,0.217
제2대,지연해,무소속,의원,의원,103,207667,1950-06-20,48,0.13
제2대,김정실,무소속,의원,법제사법위원장,300,189553,1951-03-23,48,0.09
제2대,조주영,무소속,의원,의원,178,256218,1950-11-01,48,0.098
제2대,최면수,대한국민당,의원,의원,19,14027,1950-11-22,46,0.0
제2대,양병일,민주국민당,의원,재정경제위원장대리,46,66526,1952-03-07,46,0.075
제2대,김훈,미상/직책자,정부/기타 직책자,상공부장관,20,55161,1950-11-06,45,0.127
제2대,김용택,미상/직책자,정부/기타 직책자,사회부차관,19,19506,1952-12-02,45,0.0
제2대,허정,미상/직책자,정부/기타 직책자,국무총리서리,42,116931,1951-01-16,44,0.154
제2대,홍창섭,무소속,의원,의원,112,130739,1950-11-11,42,0.061
제2대,박철웅,무소속,의원,의원,57,114839,1951-01-23,42,0.104
제2대,장택상,무소속,의원,부의장,1610,279043,1950-06-19,41,0.061
제2대,김종순,무소속,의원,의원,148,206271,1950-11-15,41,0.063
제2대,백남식,대한독립촉성국민회,의원,의원,293,148902,1950-06-20,40,0.074
제2대,황병규,대한국민당,의원,의원,134,160277,1950-11-04,39,0.106
제2대,유승준,무소속,의원,의원,116,113652,1950-06-20,38,0.044
제2대,이용설,무소속,의원,의원,65,88349,1950-12-15,34,0.091
제2대,안만복,무소속,의원,의원,49,91708,1950-11-07,33,0.12
제2대,김정식,대한청년단,의원,의원,157,136051,1950-06-20,33,0.081
제2대,안용대,무소속,의원,의원,165,154968,1950-11-22,31,0.084
제2대,안상한,무소속,의원,의원,150,143854,1950-11-21,31,0.063
제2대,김광준,무소속,의원,의원,169,171526,1950-12-13,30,0.099
제2대,서이환,일민국락부,의원,의원,85,157982,1950-06-20,29,0.095
제2대,노기용,무소속,의원,의원,64,72255,1950-11-22,29,0.111
제2대,이종현,무소속,의원,의원,140,147978,1950-06-20,28,0.034
제2대,정일형,무소속,의원,의원,67,70878,1950-06-19,27,0.268
제2대,오위영,무소속,의원,예산결산위원장,63,76232,1950-11-03,27,0.039
제2대,박종만,미상/직책자,정부/기타 직책자,사무총장,23,141032,1950-12-15,26,0.014
제2대,임영신,대한국민당,의원,의원,82,90848,1951-05-14,26,0.143
제2대,한국원,무소속,의원,사회보건위원장대리,116,42735,1951-04-24,25,0.117
제2대,조병문,무소속,의원,의원,58,69709,1950-11-18,24,0.014
제2대,황성수,무소속,의원,의원,101,125163,1950-11-23,24,0.104
제2대,김종회,무소속,의원,의원,99,156936,1950-11-02,23,0.064
제2대,조경규,무소속,의원,내무위원장,137,86776,1950-11-03,22,0.046
제2대,신용욱,무소속,의원,의원,41,35670,1950-11-21,22,0.056
제2대,김일환,미상/직책자,정부/기타 직책자,국방부차관,49,82946,1951-07-11,22,0.048
제2대,원용석,미상/직책자,정부/기타 직책자,기획처장,70,118173,1951-07-18,21,0.034
제2대,장경근,미상/직책자,정부/기타 직책자,국방부차관,50,115494,1950-11-01,21,0.095
제2대,김석관,미상/직책자,정부/기타 직책자,교통부장관,32,66687,1950-11-06,21,0.06
제2대,임문환,미상/직책자,정부/기타 직책자,농림부장관,57,129659,1951-03-30,19,0.015
제2대,우문,대한국민당,의원,의원,46,46893,1950-11-08,19,0.256
제2대,서민호,무소속,의원,의원,152,154890,1950-11-01,18,0.11
제2대,이채오,무소속,의원,상공위원장대리,115,108294,1951-01-17,17,0.083
제2대,정재완,무소속,의원,의원,23,57599,1951-02-01,17,0.035
제2대,권태욱,무소속,의원,의원,29,38104,1951-01-29,17,0.131
제2대,장면,미상/직책자,정부/기타 직책자,국무총리,37,111415,1951-01-30,16,0.036
제2대,윤성순,무소속,의원,의원,40,57581,1951-03-06,16,0.087
제2대,오성환,대한국민당,의원,의원,136,112335,1950-06-20,16,0.116
제2대,신태익,미상/직책자,정부/기타 직책자,법제처장,40,88122,1950-12-13,14,0.023
제2대,조순,대한청년단,의원,의원,17,38680,1950-11-22,14,0.129
제2대,남송학,대한국민당,의원,의원,96,86744,1950-06-20,14,0.081
제2대,황호현,미상/직책자,정부/기타 직책자,내무부차관,24,50292,1952-10-23,14,0.139
제2대,정재설,미상/직책자,정부/기타 직책자,농림부차관,44,72016,1952-12-01,14,0.014
제2대,변진갑,무소속,의원,의원,140,177060,1951-02-24,13,0.04
제2대,권중돈,무소속,의원,의원,68,53340,1950-11-01,13,0.15
제2대,박성하,중앙불교위원회,의원,의원,40,61631,1950-11-03,13,0.146
제2대,변영태,미상/직책자,정부/기타 직책자,외무부장관,65,133481,1951-04-26,13,0.067
제2대,엄병학,대한국민당,의원,의원,51,46507,1950-11-20,13,0.086
제2대,백낙준,미상/직책자,정부/기타 직책자,문교부장관,28,74571,1951-02-17,12,0.027
제2대,송방용,무소속,의원,의원,117,95639,1950-11-11,12,0.073
제2대,이석기,무소속,의원,의원,111,116665,1950-11-15,12,0.069
제2대,이춘기,무소속,의원,의원,63,81547,1950-06-20,11,0.025
제2대,최재유,미상/직책자,정부/기타 직책자,보건부차관,22,31408,1951-07-11,11,0.159
제2대,김양수,민주국민당,의원,의원,17,39820,1951-04-02,11,0.201
제2대,이재학,대한국민당,의원,의원,65,84588,1950-11-10,10,0.095
제2대,이교선,무소속,의원,의원,32,56371,1951-03-05,10,0.053
제2대,정기원,무소속,의원,의원,18,26317,1950-12-24,10,0.038
제2대,윤재근,대한국민당,의원,의원,23,35846,1950-12-11,10,0.167
제2대,박순천,대한부인회,의원,의원,22,28257,1950-12-13,10,0.106
제2대,박기배,무소속,의원,의원,9,15684,1951-03-26,9,0.191
제2대,정순조,대한독립촉성국민회,의원,의원,31,27256,1950-11-01,9,0.147
제2대,함인섭,미상/직책자,정부/기타 직책자,농림부장관,19,34178,1952-03-18,9,0.088
제2대,이종욱,대한독립촉성국민회,의원,의원,34,21405,1950-11-08,9,0.093
제2대,최성웅,대한청년단,의원,의원,15,45103,1951-03-20,9,0.089
제2대,박술음,미상/직책자,정부/기타 직책자,사회부장관,11,21261,1952-10-17,9,0.094
제2대,윤택중,민주국민당,의원,의원,56,32285,1950-11-21,8,0.093
제2대,방만수,무소속,의원,의원,39,46519,1950-11-10,8,0.043
제2대,정헌주,무소속,의원,의원,5,24358,1951-04-25,8,0.041
제2대,정헌조,대한청년단,의원,의원,34,35640,1950-11-21,7,0.112
제2대,박제환,무소속,의원,의원,6,15147,1950-10-31,7,0.132
제2대,김제능,자유당,의원,의원,37,53809,1952-02-14,7,0.13
제2대,임정규,미상/직책자,정부/기타 직책자,상공부차관,4,3089,1952-11-26,7,0.0
제2대,홍범희,미상/직책자,정부/기타 직책자,내무부차관,39,54037,1951-07-11,7,0.074
제2대,김봉조,무소속,의원,의원,62,55143,1950-11-20,6,0.091
제2대,조진만,미상/직책자,정부/기타 직책자,법무부장관,26,25700,1951-05-21,6,0.195
제2대,양우정,무소속,의원,의원,39,46342,1950-11-01,6,0.108
제2대,홍헌표,미상/직책자,정부/기타 직책자,내무부차관,53,56495,1950-11-02,6,0.053
제2대,임흥순,민주국민당,의원,의원,43,62565,1950-11-03,6,0.064
제2대,손원일,미상/직책자,정부/기타 직책자,국방부장관,9,18560,1953-08-01,6,0.108
제2대,김의준,무소속,의원,법제사법위원장,129,113721,1951-04-30,6,0.044
제2대,신중목,무소속,의원,의원,32,47970,1950-10-31,6,0.063
제2대,김정두,무소속,의원,의원,42,34250,1950-11-03,5,0.088
제2대,이내호,미상/직책자,정부/기타 직책자,상공부차관,5,4340,1951-11-16,5,0.922
제2대,김준태,무소속,의원,의원,15,16280,1952-06-20,5,0.246
제2대,김우성,무소속,의원,의원,8,5410,1950-11-08,5,0.924
제2대,박승하,무소속,의원,의원,14,18004,1950-11-01,5,0.278
제2대,여운홍,무소속,의원,의원,62,38186,1951-07-03,5,0.052
제2대,김동성,무소속,의원,부의장,88,32351,1950-10-30,5,0.093
제2대,김인태,무소속,의원,의원,42,104092,1951-04-26,5,0.019
제2대,조중서,미상/직책자,정부/기타 직책자,총무국장,66,44979,1950-11-26,5,0.022
제2대,최국현,민주국민당,의원,의원,30,20304,1950-06-19,4,0.197
제2대,지청천,민주국민당,의원,전원위원장,49,25200,1950-11-02,4,0.04
제2대,이병홍,무소속,의원,의원,12,24809,1951-07-11,4,0.161
제2대,이상철,무소속,의원,의원,22,25364,1950-10-31,4,0.158
제2대,이철원,미상/직책자,정부/기타 직책자,공보처장,4,24270,1951-11-10,4,0.165
제2대,김태희,무소속,의원,교통체신위원장대리,10,17849,1951-04-30,4,0.0
제2대,김용화,대한국민당,의원,의원,8,13824,1951-07-10,4,0.217
제2대,신태영,미상/직책자,정부/기타 직책자,국방부장관,21,26129,1952-04-03,3,0.077
제2대,이동환,무소속,의원,의원,12,11908,1950-11-07,3,0.0
제2대,곽태진,민주국민당,의원,의원,14,8529,1950-11-18,3,0.352
제2대,류홍,대한독립촉성국민회,의원,위원,3,5806,1952-07-03,3,0.517
제2대,신성모,미상/직책자,정부/기타 직책자,국방부장관,3,9911,1951-01-26,3,0.303
제2대,김형덕,무소속,의원,의원,13,14686,1950-11-01,3,0.0
제2대,장석윤,미상/직책자,정부/기타 직책자,내무부장관,10,17413,1952-01-22,3,0.172
제2대,윤영선,민주국민당,의원,의원,11,11593,1950-11-18,3,0.086
제2대,박팔봉,무소속,의원,의원,1,2155,1951-07-14,3,1.392
제2대,강직순,미상/직책자,정부/기타 직책자,체신부차관,8,9501,1951-03-31,3,0.105
제2대,김정기,무소속,의원,의원,8,5848,1950-11-01,3,0.513
제2대,이도영,무소속,의원,의원,9,10099,1951-09-04,3,0.0
제2대,김법린,미상/직책자,정부/기타 직책자,문교부장관,16,27147,1952-11-04,3,0.037
제2대,배은희,대한국민당,의원,의원,24,22500,1951-04-29,3,0.133
제2대,이갑성,무소속,의원,의원,15,6802,1950-12-16,3,0.147
제2대,김판석,대한청년단,의원,의원,13,9297,1950-11-07,3,0.323
제2대,강인택,미상/직책자,정부/기타 직책자,체신부장관,2,3572,1952-10-16,2,0.56
제2대,서상덕,대한청년단,의원,의원,31,38919,1950-11-22,2,0.0
제2대,백한성,미상/직책자,정부/기타 직책자,내무부장관,29,35634,1953-09-26,2,0.028
제2대,윤담,대한독립촉성국민회,의원,의원,6,4746,1950-11-20,2,0.421
제2대,구을회,무소속,의원,의원,19,12009,1950-06-20,2,0.167
제2대,김명수,민주국민당,의원,의원,4,9144,1950-11-25,2,0.219
제2대,정남상,미상/직책자,정부/기타 직책자,의원,1,1960,1953-07-13,2,0.0
제2대,이선교,미상/직책자,정부/기타 직책자,전문위원,1,9360,1950-11-04,2,0.0
제2대,정준모,미상/직책자,정부/기타 직책자,보건부차관,7,15601,1952-11-15,2,0.0
제2대,주석균,미상/직책자,정부/기타 직책자,농림부차관,6,9522,1950-11-10,2,0.0
제2대,민영복,무소속,의원,의원,23,16166,1950-11-18,2,0.062
제2대,김익로,미상/직책자,정부/기타 직책자,의원,56,29108,1950-11-11,2,0.069
제2대,이기붕,미상/직책자,정부/기타 직책자,국방부장관,7,8617,1951-05-17,2,0.232
제2대,최헌길,대한국민당,의원,의원,53,42929,1950-10-31,2,0.0
제2대,이시목,무소속,의원,의원,7,13723,1951-09-03,2,0.073
제2대,이범승,무소속,의원,의원,22,21820,1952-02-14,2,0.0
제2대,조정훈,무소속,의원,의원,4,14254,1950-12-15,2,0.07
제2대,업상섭,미상/직책자,정부/기타 직책자,법제사법위원장대리,6,3389,1951-05-15,2,0.59
제2대,함덕용,미상/직책자,정부/기타 직책자,상공부차관,1,3485,1952-11-07,2,0.0
제2대,이병호,미상/직책자,정부/기타 직책자,상공부차관,18,18410,1951-10-05,1,0.0
제2대,김석명,미상/직책자,정부/기타 직책자,교통부차관,14,8376,1951-08-04,1,0.119
제2대,진헌식,미상/직책자,정부/기타 직책자,내무부장관,6,9176,1952-09-03,1,0.0
제2대,김인선,애국단체연합회,의원,의원,17,16160,1951-02-14,1,0.0
제2대,이순용,미상/직책자,정부/기타 직책자,내무부장관,14,14420,1951-05-19,1,0.0
제2대,서장주,무소속,의원,의원,2,3506,1951-03-28,1,0.285
제2대,이종영,대한독립촉성국민회,의원,의원,21,16483,1950-06-20,1,0.061
제2대,강창용,무소속,의원,의원,16,16085,1950-11-04,1,0.0
제2대,조대연,무소속,의원,의원,6,13858,1950-10-31,1,0.0
제2대,여영복,무소속,의원,의원,8,3219,1950-11-24,1,0.311
제2대,이종순,무소속,의원,의원,11,8028,1950-11-25,1,0.0
제2대,최원수,무소속,의원,의원,8,7784,1953-04-10,1,0.0
제2대,성득환,민주국민당,의원,의원,8,2629,1950-11-03,1,0.0
제2대,갈홍기,미상/직책자,정부/기타 직책자,외무부차관,3,3094,1952-08-29,1,0.323
제2대,미국상원,미상/직책자,정부/기타 직책자,의원,2,3883,1951-12-06,1,0.0
제2대,이수선,미상/직책자,정부/기타 직책자,사무총장,6,2685,1950-06-19,1,0.372
제2대,한필수,무소속,의원,의원,8,8632,1951-03-23,1,0.0
제2대,안동혁,미상/직책자,정부/기타 직책자,상공부장관,12,26720,1953-10-14,1,0.0
제2대,이판열,민주국민당,의원,의원,4,6016,1950-11-08,1,0.0
제2대,정재환,미상/직책자,정부/기타 직책자,법무부차관,7,6780,1952-06-21,1,0.147
제2대,김우평,미상/직책자,정부/기타 직책자,외자구매처장,2,5872,1951-01-29,0,0.0
제2대,김상현,무소속,의원,의원,2,4823,1951-07-10,0,0.0
제2대,서상호,무소속,의원,의원,1,2064,1952-11-27,0,0.0
제2대,변태영,미상/직책자,정부/기타 직책자,외무부장관,1,1860,1951-07-05,0,0.0
제2대,이한창,자유당,의원,의원,6,14286,1952-02-27,0,0.0
제2대,유홍,미상/직책자,정부/기타 직책자,의원,1,6,1950-06-19,0,0.0
제2대,김상덕,미상/직책자,정부/기타 직책자,의원,1,6,1950-11-22,0,0.0
제2대,전규홍,미상/직책자,정부/기타 직책자,총무처장,1,882,1951-04-28,0,0.0
제2대,김택천,무소속,의원,의원,1,6,1950-11-25,0,0.0
제2대,고병간,미상/직책자,정부/기타 직책자,문교부차관,2,4204,1952-04-17,0,0.0
제2대,노진설,미상/직책자,정부/기타 직책자,감찰위원장,5,10839,1951-04-28,0,0.0
제2대,오하영,무소속,의원,임시의장,22,4359,1950-06-19,0,0.0
제2대,노용호,미상/직책자,정부/기타 직책자,법원행정처장,1,3174,1950-11-25,0,0.0
제2대,김용무,민주국민당,의원,의원,2,1788,1950-06-20,0,0.0
제2대,조봉안,미상/직책자,정부/기타 직책자,부의장,3,56,1952-07-18,0,0.0
제2대,홍익표,무소속,의원,운영위원장,11,3992,1953-07-25,0,0.0
제2대,최재우,미상/직책자,정부/기타 직책자,보건부장관,1,940,1953-10-08,0,0.0
제2대,이호진,미상/직책자,정부/기타 직책자,의사국장대리,2,1988,1953-04-20,0,0.0
제2대,조봉임,미상/직책자,정부/기타 직책자,부의장,1,299,1952-10-30,0,0.0
제2대,노랜드,미상/직책자,정부/기타 직책자,의원,1,2073,1953-08-29,0,0.0
제2대,연병호,대한국민당,의원,의원,1,6,1951-01-31,0,0.0
제2대,김종희,미상/직책자,정부/기타 직책자,의원,1,732,1951-05-08,0,0.0
제2대,이종수,무소속,의원,의원,2,37,1950-12-11,0,0.0
제2대,공진항,미상/직책자,정부/기타 직책자,농림부장관,9,9814,1950-12-13,0,0.0
제2대,심익희,미상/직책자,정부/기타 직책자,의장,1,13,1952-07-28,0,0.0
제2대,도마스,미상/직책자,정부/기타 직책자,미국뉴욕주지사,1,1667,1951-07-08,0,0.0
제2대,김윤근,미상/직책자,정부/기타 직책자,법무부차관,13,11854,1950-11-25,0,0.0
제2대,이호근,대한청년단,의원,의원,1,299,1953-07-01,0,0.0
제2대,최석주,미상/직책자,정부/기타 직책자,공보처차장,1,392,1953-04-29,0,0.0
제2대,민복기,미상/직책자,정부/기타 직책자,법무부차관,5,11181,1952-03-08,0,0.0
제2대,김명동,대한국민당,의원,의원,8,2292,1950-11-02,0,0.0
제2대,변집갑,미상/직책자,정부/기타 직책자,의원,1,854,1951-12-07,0,0.0
제2대,박충식,무소속,의원,의원,1,6,1950-11-18,0,0.0
제2대,신각휴,민주국민당,의원,의원,2,15647,1950-11-24,0,0.0
제2대,고영완,민주국민당,의원,의원,17,16378,1950-06-20,0,0.0
제2대,남봉순,미상/직책자,정부/기타 직책자,농림부차관,1,171,1954-02-25,0,0.0
제2대,서상국,민주국민당,의원,의원,2,12,1950-11-25,0,0.0
제2대,장기영,미상/직책자,정부/기타 직책자,체신부장관,5,2361,1951-04-17,0,0.0
제2대,류테리오,미상/직책자,정부/기타 직책자,의장,1,4271,1952-01-18,0,0.0
제2대,코디어,미상/직책자,정부/기타 직책자,유엔사무차장,1,4178,1952-03-25,0,0.0
제2대,홍진기,미상/직책자,정부/기타 직책자,법무부차관,3,627,1954-03-03,0,0.0
제2대,김준희,대한독립촉성국민회,의원,의원,9,6050,1951-07-06,0,0.0
제2대,서상권,미상/직책자,정부/기타 직책자,법무부장관,3,1563,1952-06-21,0,0.0
제2대,강성태,미상/직책자,정부/기타 직책자,재무부차관,14,19685,1953-09-23,0,0.0
제2대,조헌영,무소속,의원,의원,2,1129,1950-06-20,0,0.0
제2대,싱익희,미상/직책자,정부/기타 직책자,의장,1,30,1952-03-10,0,0.0
제2대,류덕천,미상/직책자,정부/기타 직책자,의원,2,6260,1954-03-02,0,0.0
제2대,박정규,대한독립촉성국민회,의원,의원,2,2632,1950-12-16,0,0.0
제2대,윤인상,미상/직책자,정부/기타 직책자,상공부차관,2,3553,1953-11-17,0,0.0
제2대,양성봉,미상/직책자,정부/기타 직책자,농림부장관,3,2404,1953-10-20,0,0.0
제2대,서상환,미상/직책자,정부/기타 직책자,법무부장관,24,42081,1952-03-24,0,0.0
제2대,유완창,미상/직책자,정부/기타 직책자,관재청장,2,3253,1950-11-18,0,0.0
제2대,한홍,미상/직책자,정부/기타 직책자,외자관리청차장,1,1322,1952-04-17,0,0.0
제2대,정운갑,미상/직책자,정부/기타 직책자,총무처장,1,168,1953-11-24,0,0.0
제2대,신흥균,미상/직책자,정부/기타 직책자,의원,1,315,1953-08-28,0,0.0
제2대,김익노,무소속,의원,의원,2,905,1951-12-07,0,0.0
제2대,김웅진,대한국민당,의원,의원,1,1110,1950-06-20,0,0.0
제2대,관상훈,미상/직책자,정부/기타 직책자,의원,1,31,1952-09-10,0,0.0
제2대,민의원,미상/직책자,정부/기타 직책자,의장,2,1941,1952-12-19,0,0.0
제2대,김형근,미상/직책자,정부/기타 직책자,내무부차관,2,2216,1954-02-24,0,0.0
제2대,조정환,미상/직책자,정부/기타 직책자,외무부차관,14,12806,1951-02-03,0,0.0
제2대,신익히,미상/직책자,정부/기타 직책자,의장,1,68,1952-08-29,0,0.0
제2대,정운근,미상/직책자,정부/기타 직책자,사무차장,2,987,1951-07-02,0,0.0
제2대,정준용,미상/직책자,정부/기타 직책자,보건부차관,2,2052,1953-11-12,0,0.0
제2대,김태선,미상/직책자,정부/기타 직책자,내무부장관,13,7647,1952-08-20,0,0.0
제2대,김종렬,미상/직책자,정부/기타 직책자,의원,1,644,1950-11-15,0,0.0
제2대,운치영,미상/직책자,정부/기타 직책자,부의장,1,29,1953-05-04,0,0.0
제2대,박양재,무소속,의원,의원,1,3890,1951-12-24,0,0.0
제2대,김의창,미상/직책자,정부/기타 직책자,체신부차관,1,1142,1952-11-26,0,0.0
제2대,이호,미상/직책자,정부/기타 직책자,국방부차관,3,703,1954-03-31,0,0.0
제2대,박현숙,미상/직책자,정부/기타 직책자,무임소장관,1,269,1952-10-17,0,0.0
제2대,최주일,대한청년단,의원,의원,10,5721,1952-02-14,0,0.0
제2대,김경배,대한국민당,의원,의원,2,165,1950-06-20,0,0.0
제2대,구영숙,미상/직책자,정부/기타 직책자,보건부장관,3,8244,1950-11-18,0,0.0
제2대,한희석,미상/직책자,정부/기타 직책자,내무부차관,2,2804,1953-10-19,0,0.0
제2대,황호연,미상/직책자,정부/기타 직책자,내무부차관,1,8258,1953-04-04,0,0.0
제2대,김문용,자유당,의원,의원,4,5299,1952-02-21,0,0.0
제2대,최원봉,무소속,의원,의원,2,3884,1950-06-20,0,0.0
제2대,오한영,미상/직책자,정부/기타 직책자,보건부장관,1,1372,1951-07-14,0,0.0
제2대,허남수,미상/직책자,정부/기타 직책자,의사국장,22,1676,1950-06-19,0,0.0
제2대,변광호,민주국민당,의원,의원,15,30076,1950-11-01,0,0.0
제2대,대리,미상/직책자,정부/기타 직책자,법제사법위원장,3,2807,1950-11-23,0,0.0
제2대,김준연,미상/직책자,정부/기타 직책자,법무부장관,2,3962,1950-12-25,0,0.0
제2대,김병로,미상/직책자,정부/기타 직책자,대법원장,10,29170,1951-05-21,0,0.0
제2대,한동석,미상/직책자,정부/기타 직책자,총무처장,1,425,1951-11-15,0,0.0
제2대,최병주,무소속,의원,의원,2,1909,1950-06-20,0,0.0
제2대,백락준,미상/직책자,정부/기타 직책자,문교부장관,2,3227,1951-12-07,0,0.0
제2대,장흥,미상/직책자,정부/기타 직책자,병무국장,1,1231,1953-09-28,0,0.0
제2대,조병옥,미상/직책자,정부/기타 직책자,내무부장관,2,5460,1950-12-16,0,0.0
제2대,김택술,대한노동총연맹,의원,의원,1,1337,1951-07-28,0,0.0
제2대,최순주,미상/직책자,정부/기타 직책자,재무부장관,9,18601,1950-11-06,0,0.0
제2대,조희현,미상/직책자,정부/기타 직책자,재무부차관,1,1728,1952-04-17,0,0.0
제2대,권병로,미상/직책자,정부/기타 직책자,의원,1,1464,1951-10-15,0,0.0
제2대,이규갑,대한국민당,의원,의원,35,10446,1951-01-20,0,0.0
제2대,정문흠,무소속,의원,의원,14,5401,1951-02-27,0,0.0
제2대,이종림,미상/직책자,정부/기타 직책자,교통부장관,1,570,1954-02-17,0,0.0
제2대,정진욱,미상/직책자,정부/기타 직책자,보건부차관,1,195,1954-03-31,0,0.0
제2대,이학림,무소속,의원,의원,2,3700,1951-02-02,0,0.0
제2대,허증수,미상/직책자,정부/기타 직책자,문교부차관,3,703,1952-12-05,0,0.0
제2대,유덕천,무소속,의원,의원,1,6796,1951-04-26,0,0.0
제2대,인태식,미상/직책자,정부/기타 직책자,관재청장,2,773,1953-09-30,0,0.0
제3대,박영종,자유당,의원,의원,1642,2498518,1954-06-10,698,0.089
제3대,박만원,자유당,의원,재정경제위원장,568,378686,1954-06-10,453,0.137
제3대,이철승,무소속,의원,위원,680,789421,1954-06-22,286,0.084
제3대,이재학,자유당,의원,부의장,1741,327800,1954-06-18,284,0.043
제3대,김영선,자유당,의원,위원,196,364304,1955-03-31,255,0.044
제3대,조경규,자유당,의원,부의장,6897,1634099,1954-07-08,224,0.051
제3대,이충환,자유당,의원,위원장,2748,1230770,1954-06-10,198,0.068
제3대,서상준,미상/직책자,정부/기타 직책자,의사국장,504,883798,1954-06-11,184,0.042
제3대,정준,자유당,의원,의원,248,373720,1954-06-09,183,0.131
제3대,김영찬,미상/직책자,정부/기타 직책자,재무부차관,148,231442,1954-07-16,147,0.095
제3대,인태식,자유당,의원,재무부장관,295,285312,1954-09-06,137,0.042
제3대,김현철,미상/직책자,정부/기타 직책자,재무부장관,331,418124,1955-05-27,136,0.057
제3대,조영규,민주국민당,의원,의원,650,637914,1954-06-10,129,0.107
제3대,장경근,자유당,의원,법제사법위원장대리,451,554547,1954-06-22,128,0.139
제3대,최순주,자유당,의원,부의장,810,161252,1954-06-09,123,0.056
제3대,현석호,자유당,의원,위원,210,354038,1954-09-28,111,0.28
제3대,소선규,민주국민당,의원,의원,365,445427,1954-06-10,108,0.099
제3대,정준모,자유당,의원,보건사회부장관,57,132349,1954-06-24,103,0.091
제3대,정일형,무소속,의원,의원,75,157359,1954-06-10,95,0.369
제3대,송인상,미상/직책자,정부/기타 직책자,부흥부장관,50,90340,1955-01-20,91,0.022
제3대,김판술,민주국민당,의원,위원,112,166208,1954-07-14,88,0.036
제3대,윤형남,무소속,의원,의원,224,230468,1954-06-10,87,0.148
제3대,천병규,미상/직책자,정부/기타 직책자,재무부차관,231,171092,1956-06-14,86,0.088
제3대,변진갑,무소속,의원,의원,259,454500,1954-07-09,84,0.073
제3대,정명섭,자유당,의원,위원장,150,165021,1954-06-10,81,0.158
제3대,조병옥,민주국민당,의원,의원,183,363861,1954-06-10,80,0.113
제3대,김상돈,민주국민당,의원,의원,338,488539,1954-06-10,76,0.096
제3대,송방용,무소속,의원,위원장대리,1648,462779,1954-06-10,73,0.061
제3대,민관식,무소속,의원,위원,204,239266,1954-09-20,72,0.088
제3대,유봉순,무소속,의원,의원,140,261292,1954-06-10,71,0.142
제3대,정대천,자유당,의원,의원,13,20227,1954-12-18,69,0.049
제3대,박정근,자유당,의원,위원,451,460499,1954-11-09,68,0.063
제3대,정중섭,민주국민당,의원,의원,77,204887,1954-07-12,68,0.098
제3대,정운갑,미상/직책자,정부/기타 직책자,농림부장관,135,221985,1954-10-20,65,0.032
제3대,박재홍,국민당,의원,의원,127,225890,1954-08-20,65,0.062
제3대,조재천,민주국민당,의원,의원,85,420971,1954-07-08,60,0.119
제3대,김원태,미상/직책자,정부/기타 직책자,농림부차관,137,291977,1954-09-28,60,0.089
제3대,남송학,자유당,의원,의원,105,160555,1954-06-10,59,0.293
제3대,김일환,미상/직책자,정부/기타 직책자,상공부장관,89,112655,1955-09-21,58,0.036
제3대,윤성순,자유당,의원,위원장,43,60121,1954-09-22,57,0.15
제3대,황남팔,자유당,의원,의원,163,355281,1954-07-15,54,0.104
제3대,김도연,민주국민당,의원,의원,105,203686,1954-06-22,53,0.093
제3대,유옥우,자유당,의원,위원,454,337324,1954-07-13,50,0.074
제3대,류진산,미상/직책자,정부/기타 직책자,의원,231,381850,1954-08-07,49,0.102
제3대,박해정,무소속,의원,의원,144,221710,1954-06-16,48,0.072
제3대,이선근,미상/직책자,정부/기타 직책자,문교부장관,48,196773,1954-07-10,47,0.102
제3대,최재유,미상/직책자,정부/기타 직책자,보건사회부장관,63,92731,1955-03-08,46,0.054
제3대,이중재,미상/직책자,정부/기타 직책자,재무부장관,150,152788,1954-07-13,45,0.046
제3대,김재곤,자유당,의원,의원,26,67052,1954-08-20,45,0.149
제3대,이호,미상/직책자,정부/기타 직책자,법무부장관,172,205487,1954-07-16,44,0.175
제3대,김선태,무소속,의원,의원,106,305166,1954-07-15,44,0.062
제3대,이기붕,자유당,의원,의장,2426,460107,1954-06-09,43,0.024
제3대,양영주,자유당,의원,위원,201,194839,1954-06-24,42,0.067
제3대,김상도,자유당,의원,의원,141,284488,1954-06-16,42,0.098
제3대,조정환,미상/직책자,정부/기타 직책자,외무부장관서리,105,88596,1955-10-15,42,0.237
제3대,임철호,미상/직책자,정부/기타 직책자,농림부장관,105,130644,1955-02-28,42,0.031
제3대,김홍식,자유당,의원,의원,54,253114,1954-07-12,41,0.063
제3대,양일동,무소속,의원,위원,476,269827,1954-06-18,40,0.059
제3대,문봉제,미상/직책자,정부/기타 직책자,교통부장관,107,118523,1955-05-28,39,0.051
제3대,조병문,자유당,의원,농림위원장,251,209578,1954-06-18,39,0.048
제3대,곽의영,자유당,의원,의원,139,227729,1954-06-10,39,0.035
제3대,전진한,무소속,의원,의원,12,52359,1954-07-01,38,0.458
제3대,백남식,무소속,의원,위원장대리,478,228141,1954-07-01,38,0.048
제3대,이영희,자유당,의원,의원,79,153892,1954-08-27,38,0.117
제3대,김정호,자유당,의원,의원,54,97308,1955-01-22,37,0.113
제3대,김동욱,무소속,의원,의원,135,180996,1954-07-01,37,0.077
제3대,황성수,자유당,의원,부의장,1049,302300,1954-06-10,36,0.103
제3대,최갑환,무소속,의원,의원,63,106480,1954-06-18,36,0.019
제3대,강성태,미상/직책자,정부/기타 직책자,상공부장관,61,115861,1954-07-16,35,0.043
제3대,김만기,미상/직책자,정부/기타 직책자,재무부사세국장,29,16799,1955-06-07,35,0.0
제3대,신정호,무소속,의원,위원,122,123836,1955-06-10,35,0.162
제3대,황경수,자유당,의원,위원,89,109661,1954-06-18,34,0.073
제3대,김두한,무소속,의원,의원,62,58710,1954-07-15,33,0.187
제3대,한희석,자유당,의원,내무위원장,123,192993,1954-06-11,33,0.166
제3대,최규남,미상/직책자,정부/기타 직책자,문교부장관,45,49984,1956-06-13,32,0.0
제3대,손도심,자유당,의원,의원,71,189282,1954-07-12,32,0.116
제3대,박흥규,자유당,의원,위원장대리,515,154983,1954-08-11,31,0.052
제3대,정상열,자유당,의원,위원,249,125057,1954-10-05,30,0.104
제3대,김성삼,자유당,의원,의원,26,75715,1955-01-17,30,0.066
제3대,윤치영,국민당,의원,의원,36,101136,1954-11-04,29,0.208
제3대,최용근,자유당,의원,위원장,97,54332,1956-07-11,29,0.313
제3대,윤보선,민주국민당,의원,의원,16,67034,1954-07-16,28,0.104
제3대,정해영,자유당,의원,위원,182,123633,1954-07-16,28,0.032
제3대,김달호,무소속,의원,의원,150,195601,1954-09-27,28,0.087
제3대,우만형,미상/직책자,정부/기타 직책자,내무부차관,23,27129,1954-07-01,28,0.0
제3대,민영남,무소속,의원,위원,99,156737,1954-06-24,28,0.064
제3대,강승구,무소속,의원,의원,57,119624,1954-08-30,27,0.084
제3대,한동석,자유당,의원,위원,238,186469,1954-06-22,27,0.08
제3대,조순,자유당,의원,운영위원장,281,211563,1954-06-10,27,0.052
제3대,김동조,미상/직책자,정부/기타 직책자,외무부차관,19,14878,1955-07-18,27,0.739
제3대,신도성,민주국민당,의원,의원,28,106470,1954-06-10,27,0.15
제3대,박영출,자유당,의원,의원,175,138863,1954-06-10,27,0.137
제3대,정성태,무소속,의원,위원,106,100203,1954-09-25,26,0.14
제3대,김익기,자유당,의원,의원,34,42729,1954-07-08,26,0.117
제3대,이존화,자유당,의원,의원,67,97905,1954-06-18,25,0.102
제3대,이태용,자유당,의원,위원,320,195518,1954-10-07,25,0.031
제3대,육완국,무소속,의원,의원,17,27654,1955-01-19,25,0.036
제3대,윤만석,자유당,의원,법제사법위원장,174,167767,1954-06-24,25,0.089
제3대,김철안,자유당,의원,의원,71,126862,1954-07-14,24,0.087
제3대,김의택,무소속,의원,위원,90,153082,1954-08-11,24,0.065
제3대,장택상,무소속,의원,의원,85,93629,1954-06-10,24,0.192
제3대,이성주,자유당,의원,의원,17,127488,1956-11-28,23,0.18
제3대,변영태,미상/직책자,정부/기타 직책자,국무총리,77,162411,1954-06-30,23,0.068
제3대,정재설,미상/직책자,정부/기타 직책자,농림부장관,41,65026,1957-06-19,23,0.062
제3대,배응도,미상/직책자,정부/기타 직책자,상공부차관,24,56694,1954-07-15,23,0.035
제3대,이인,국민당,의원,의원,84,139566,1954-06-11,23,0.129
제3대,신규식,무소속,의원,의원,119,141815,1954-06-18,23,0.056
제3대,김준연,민주국민당,의원,의원,60,119141,1954-06-10,22,0.109
제3대,이정희,자유당,의원,의원,13,68119,1954-07-16,22,0.088
제3대,홍창섭,자유당,의원,농림위원장,170,255236,1954-06-10,21,0.02
제3대,최병국,자유당,의원,의원,31,105445,1954-06-10,20,0.161
제3대,윤재욱,무소속,의원,국방위원장대리,94,111794,1954-12-06,20,0.027
제3대,권택상,미상/직책자,정부/기타 직책자,재무부사세국장,37,12999,1956-07-12,20,0.077
제3대,서임수,미상/직책자,정부/기타 직책자,총무국장,53,95980,1955-05-30,20,0.031
제3대,박순석,자유당,의원,의원,111,76887,1954-07-01,19,0.182
제3대,신행용,무소속,의원,위원,80,79055,1954-07-14,18,0.076
제3대,정규상,자유당,의원,위원,72,65162,1954-09-20,18,0.138
제3대,박세경,자유당,의원,법제사법위원장,108,115596,1954-07-13,18,0.078
제3대,조만종,자유당,의원,위원,97,68875,1954-12-20,18,0.102
제3대,김용우,미상/직책자,정부/기타 직책자,국방부장관,70,118052,1954-06-17,18,0.025
제3대,박용익,무소속,의원,위원장,611,61901,1954-09-27,18,0.065
제3대,김두진,무소속,의원,위원,71,66500,1954-07-13,18,0.06
제3대,이익흥,미상/직책자,정부/기타 직책자,내무부장관,112,107874,1956-05-26,17,0.102
제3대,최영철,무소속,의원,위원,29,49061,1954-10-27,16,0.041
제3대,오임근,미상/직책자,정부/기타 직책자,예산국장,261,112259,1955-05-05,16,0.027
제3대,윤제술,무소속,의원,의원,21,64292,1954-07-10,16,0.187
제3대,김영환,미상/직책자,정부/기타 직책자,재무부차관,1,7635,1955-10-15,16,1.834
제3대,김종신,자유당,의원,위원장,660,128607,1954-10-29,16,0.054
제3대,김진만,자유당,의원,위원,46,35713,1954-09-22,16,0.168
제3대,김일,자유당,의원,의원,48,62827,1954-11-30,16,0.223
제3대,김춘호,자유당,의원,의원,121,124067,1954-06-10,15,0.048
제3대,정재완,무소속,의원,의원,29,48599,1954-06-22,15,0.082
제3대,문종두,무소속,의원,의원,24,48408,1954-09-24,15,0.227
제3대,신의식,자유당,의원,위원,76,51112,1954-08-07,15,0.039
제3대,정존수,자유당,의원,법제사법위원장대리,98,76239,1954-09-27,14,0.118
제3대,신각휴,민주국민당,의원,위원,50,51415,1954-10-05,14,0.175
제3대,이근직,미상/직책자,정부/기타 직책자,내무부장관,49,68221,1957-10-14,14,0.103
제3대,이종림,미상/직책자,정부/기타 직책자,교통부장관,57,89645,1954-10-18,14,0.022
제3대,최병권,자유당,의원,위원,45,32701,1954-07-15,14,0.031
제3대,곽상훈,무소속,의원,부의장,889,210690,1954-06-09,14,0.052
제3대,김형근,미상/직책자,정부/기타 직책자,내무부장관,74,86233,1954-08-07,14,0.093
제3대,김의준,무소속,의원,의원,54,84726,1954-06-10,14,0.059
제3대,손권배,자유당,의원,위원,20,33511,1954-12-06,13,0.03
제3대,김한기,미상/직책자,정부/기타 직책자,전문위원,123,57785,1954-10-05,13,0.069
제3대,김영삼,자유당,의원,의원,63,106054,1954-10-18,13,0.094
제3대,김법린,자유당,의원,문교위원장,31,54428,1954-11-01,13,0.129
제3대,임차주,자유당,의원,의원,6,19610,1955-05-03,13,0.204
제3대,김달수,자유당,의원,위원,41,32412,1954-08-07,12,0.062
제3대,손원일,미상/직책자,정부/기타 직책자,국방부장관,20,52359,1954-07-15,12,0.115
제3대,김지태,자유당,의원,의원,5,12089,1954-09-20,12,0.0
제3대,구흥남,자유당,의원,위원,82,72607,1954-11-02,12,0.083
제3대,김수선,무소속,의원,의원,9,34857,1954-10-17,12,0.287
제3대,함두영,자유당,의원,위원,191,128732,1954-11-08,12,0.062
제3대,윤인상,미상/직책자,정부/기타 직책자,재무부차관,58,52890,1955-11-15,12,0.038
제3대,강세형,무소속,의원,의원,99,97434,1954-07-08,12,0.123
제3대,천세기,무소속,의원,의원,63,80378,1954-07-12,12,0.087
제3대,이석기,무소속,의원,의원,63,53893,1955-07-31,12,0.056
제3대,이형진,자유당,의원,위원,138,48873,1954-10-15,11,0.082
제3대,성원경,자유당,의원,의원,21,77853,1955-06-03,11,0.09
제3대,나창헌,자유당,의원,의원,13,33597,1954-12-14,11,0.149
제3대,김정열,미상/직책자,정부/기타 직책자,국방부장관,48,29755,1957-07-30,11,0.101
제3대,신두영,미상/직책자,정부/기타 직책자,국무원사무국장,10,15190,1957-12-20,11,0.0
제3대,정형모,미상/직책자,정부/기타 직책자,전문위원,7,2442,1957-04-23,11,0.0
제3대,윤병호,무소속,의원,의원,24,70874,1954-12-24,10,0.099
제3대,안동준,자유당,의원,의원,24,53058,1954-06-24,10,0.113
제3대,김기철,자유당,의원,위원,30,36684,1955-05-24,10,0.136
제3대,이갑식,무소속,의원,상공위원장,26,64118,1954-12-18,10,0.0
제3대,서동진,민주국민당,의원,의원,40,116526,1954-07-10,10,0.034
제3대,이영섭,자유당,의원,의원,30,40077,1954-06-22,10,0.075
제3대,유완창,미상/직책자,정부/기타 직책자,부흥부장관,71,44447,1955-02-28,10,0.067
제3대,나희집,자유당,의원,위원,134,113945,1954-09-03,9,0.009
제3대,권오종,국민회,의원,위원,15,12136,1955-06-17,9,0.165
제3대,백한성,미상/직책자,정부/기타 직책자,내무부장관,47,90606,1954-07-15,9,0.066
제3대,김정렬,미상/직책자,정부/기타 직책자,국방부장관,16,27573,1957-07-11,9,0.036
제3대,류순식,미상/직책자,정부/기타 직책자,의원,33,45168,1954-08-09,9,0.133
제3대,함상훈,미상/직책자,정부/기타 직책자,증인,2,14958,1954-11-05,8,0.401
제3대,이형모,자유당,의원,위원,183,90779,1954-10-15,8,0.033
제3대,정긍모,미상/직책자,정부/기타 직책자,해군참모총장,9,4790,1957-10-09,8,0.418
제3대,고광만,미상/직책자,정부/기타 직책자,문교부차관,6,20659,1957-01-17,8,0.145
제3대,구용서,미상/직책자,정부/기타 직책자,산업은행총재,42,42438,1954-09-01,8,0.047
제3대,하태환,무소속,의원,위원,38,24787,1956-01-25,8,0.121
제3대,최하영,미상/직책자,정부/기타 직책자,심계원장,19,27481,1955-07-16,7,0.073
제3대,오림근,미상/직책자,정부/기타 직책자,기획처예산국장,49,14955,1954-10-05,7,0.067
제3대,최창섭,자유당,의원,의원,21,25498,1954-11-25,7,0.235
제3대,이영언,자유당,의원,상공위원장,54,28536,1954-10-09,7,0.245
제3대,김병순,자유당,의원,의원,3,7102,1954-09-13,7,0.0
제3대,백선엽,미상/직책자,정부/기타 직책자,육군참모총장,7,7276,1957-10-07,7,0.0
제3대,갈홍기,미상/직책자,정부/기타 직책자,공보실장,37,14416,1954-10-20,7,0.069
제3대,최정우,미상/직책자,정부/기타 직책자,사무총장,40,37882,1955-01-25,6,0.026
제3대,김의창,미상/직책자,정부/기타 직책자,체신부차관,31,17482,1954-12-21,6,0.172
제3대,권중돈,무소속,의원,의원,67,50512,1954-06-10,6,0.099
제3대,김재황,무소속,의원,의원,18,48171,1955-03-28,6,0.062
제3대,이용범,자유당,의원,의원,6,7625,1954-09-03,6,0.0
제3대,김성호,자유당,의원,의원,27,33706,1954-06-11,6,0.178
제3대,신효선,미상/직책자,정부/기타 직책자,보건사회부차관,12,24287,1956-07-06,6,0.0
제3대,김창규,미상/직책자,정부/기타 직책자,공군참모차장,3,1806,1957-10-10,6,0.0
제3대,류지원,미상/직책자,정부/기타 직책자,국방위원장,54,38545,1954-06-28,6,0.104
제3대,배영호,미상/직책자,정부/기타 직책자,법무부차관,12,23463,1956-06-30,6,0.085
제3대,신익희,민주국민당,의원,의원,8,31457,1954-06-10,6,0.191
제3대,김치영,미상/직책자,정부/기타 직책자,전매청장,37,25129,1954-09-25,6,0.04
제3대,신태권,자유당,의원,위원,89,78435,1954-08-18,6,0.064
제3대,이응준,미상/직책자,정부/기타 직책자,체신부장관,47,25302,1955-09-21,6,0.04
제3대,조용순,미상/직책자,정부/기타 직책자,법무부장관,60,69234,1954-07-15,6,0.029
제3대,최천,민주국민당,의원,의원,12,24366,1954-07-14,6,0.0
제3대,신현확,미상/직책자,정부/기타 직책자,부흥부차관,10,12432,1956-01-07,5,0.0
제3대,도진희,자유당,의원,의원,64,51341,1954-07-13,5,0.058
제3대,염우량,자유당,의원,의원,54,67775,1954-08-06,5,0.015
제3대,윤일상,자유당,의원,위원,19,24751,1955-06-06,5,0.081
제3대,윤우경,미상/직책자,정부/기타 직책자,구황실총무국장,21,23643,1955-06-02,5,0.127
제3대,김용택,미상/직책자,정부/기타 직책자,사회부차관,6,2792,1954-10-18,5,0.0
제3대,강경옥,자유당,의원,의원,41,54395,1954-06-28,5,0.092
제3대,정갑주,자유당,의원,의원,45,41500,1954-06-10,5,0.12
제3대,손창환,미상/직책자,정부/기타 직책자,보건사회부장관,14,21405,1957-06-19,5,0.047
제3대,원용석,미상/직책자,정부/기타 직책자,기획처장,62,52259,1954-07-13,5,0.057
제3대,권성기,미상/직책자,정부/기타 직책자,농림부차관,49,28962,1955-12-15,5,0.069
제3대,오재경,미상/직책자,정부/기타 직책자,공보실장,15,15268,1956-12-16,5,0.196
제3대,서인홍,무소속,의원,위원,52,37051,1954-12-27,5,0.108
제3대,전상요,무소속,의원,의원,9,11921,1954-06-09,5,0.419
제3대,임흥순,무소속,의원,의원,29,30299,1954-06-18,5,0.165
제3대,김선우,자유당,의원,의원,14,20898,1954-10-29,4,0.144
제3대,정기원,자유당,의원,외무위원장,53,51518,1955-03-31,4,0.019
제3대,최규옥,미상/직책자,정부/기타 직책자,농림부장관,27,52674,1954-07-13,4,0.019
제3대,박기운,제헌국회호헌동지회,의원,의원,9,18351,1955-04-23,4,0.218
제3대,김창수,자유당,의원,의원,4,21368,1956-09-12,4,0.094
제3대,석상옥,미상/직책자,정부/기타 직책자,교통부차관,5,1900,1957-07-04,4,0.0
제3대,박종길,무소속,의원,위원,52,37461,1955-03-29,4,0.053
제3대,이종수,무소속,의원,위원장대리,105,36087,1955-05-19,4,0.028
제3대,박철재,미상/직책자,정부/기타 직책자,문교부기술교육국장,12,8718,1957-04-23,4,0.0
제3대,김종갑,미상/직책자,정부/기타 직책자,국방부차관,11,17412,1956-07-09,4,0.115
제3대,하을춘,무소속,의원,위원장,61,44035,1954-10-15,4,0.091
제3대,김형덕,자유당,의원,의원,7,16742,1954-10-28,4,0.119
제3대,김영준,미상/직책자,정부/기타 직책자,산림국장,3,3245,1955-06-03,3,0.308
제3대,이치영,미상/직책자,정부/기타 직책자,재무부이재국장,24,10851,1955-05-28,3,0.092
제3대,조남수,자유당,의원,의원,2,3382,1955-06-03,3,0.0
제3대,홍진기,미상/직책자,정부/기타 직책자,해무청장,12,10655,1955-03-09,3,0.0
제3대,송경섭,자유당,의원,의원,42,31325,1954-12-20,3,0.096
제3대,권병호,미상/직책자,정부/기타 직책자,총무국장,3,26429,1955-02-11,3,0.0
제3대,이열모,미상/직책자,정부/기타 직책자,재무부이재국장,89,29986,1956-07-11,3,0.0
제3대,강봉옥,자유당,의원,의원,5,13152,1955-11-05,3,0.152
제3대,안정근,미상/직책자,정부/기타 직책자,전매청장,27,18370,1955-06-07,3,0.0
제3대,김종규,자유당,의원,문교위원장,26,29766,1954-09-27,2,0.034
제3대,박천일,미상/직책자,정부/기타 직책자,검찰국장,1,2039,1955-07-16,2,0.49
제3대,신용욱,자유당,의원,위원,32,29648,1954-09-20,2,0.034
제3대,김보영,자유당,의원,의원,4,8429,1955-05-30,2,0.119
제3대,이광,미상/직책자,정부/기타 직책자,체신부장관,6,9915,1955-04-27,2,0.202
제3대,남흥우,미상/직책자,정부/기타 직책자,전문위원,22,15514,1954-10-05,2,0.064
제3대,김병로,미상/직책자,정부/기타 직책자,전대법원장,2,18335,1957-11-06,2,0.109
제3대,이남신,미상/직책자,정부/기타 직책자,농림부축정국장,4,1774,1956-07-20,2,0.0
제3대,박도언,미상/직책자,정부/기타 직책자,전매청총무국장,49,9496,1954-09-25,2,0.0
제3대,유진산,무소속,의원,위원,16,26647,1954-07-15,2,0.075
제3대,유태영,미상/직책자,정부/기타 직책자,전문위원,8,8233,1957-07-08,2,0.0
제3대,장덕창,미상/직책자,정부/기타 직책자,공군참모총장,5,1474,1957-10-10,2,0.0
제3대,정진욱,미상/직책자,정부/기타 직책자,보건사회부차관,5,5292,1955-06-29,2,0.0
제3대,최세황,미상/직책자,정부/기타 직책자,국방부차관,14,15742,1957-08-09,2,0.0
제3대,김윤기,미상/직책자,정부/기타 직책자,교통부차관,32,21756,1954-08-27,2,0.092
제3대,이우줄,미상/직책자,정부/기타 직책자,의원,5,22229,1954-11-19,2,0.0
제3대,민복기,미상/직책자,정부/기타 직책자,해무청장,26,7307,1955-05-30,2,0.0
제3대,김택술,무소속,의원,의원,1,1819,1955-03-17,2,1.1
제3대,손석두,자유당,의원,재정경제위원장대리,44,23878,1955-07-31,1,0.042
제3대,김신서,미상/직책자,정부/기타 직책자,재무부세관국장,6,1290,1956-07-12,1,0.775
제3대,김철주,무소속,의원,의원,4,3303,1954-08-07,1,0.303
제3대,오재영,무소속,의원,의원,4,9346,1955-10-05,1,0.107
제3대,신태익,미상/직책자,정부/기타 직책자,법제실장,7,12181,1954-07-15,1,0.082
제3대,김영주,미상/직책자,정부/기타 직책자,외무부정무국장,6,988,1957-06-24,1,0.0
제3대,신하균,민주당,의원,의원,5,14747,1956-09-10,1,0.068
제3대,김지준,자유당,의원,위원,33,10774,1954-09-25,1,0.0
제3대,김유택,미상/직책자,정부/기타 직책자,한은총재,2,11585,1954-11-02,1,0.086
제3대,정문흠,자유당,의원,임시의장,41,10401,1954-06-29,1,0.096
제3대,이정휴,자유당,의원,의원,3,4886,1955-06-10,1,0.0
제3대,최인규,미상/직책자,정부/기타 직책자,외자청장,11,7390,1956-02-04,1,0.135
제3대,신언한,미상/직책자,정부/기타 직책자,형정국장,2,1260,1955-07-16,1,0.0
제3대,김준환,미상/직책자,정부/기타 직책자,관재국장,47,13880,1955-06-01,1,0.0
제3대,서극형,미상/직책자,정부/기타 직책자,전문위원,6,5024,1956-07-12,1,0.0
제3대,최재호,미상/직책자,정부/기타 직책자,체신부차관,3,1328,1956-12-15,1,0.753
제3대,오영재,미상/직책자,정부/기타 직책자,부흥부차관,21,11442,1955-05-26,1,0.087
제3대,한성수,미상/직책자,정부/기타 직책자,법원행정처장,16,7738,1955-05-28,1,0.129
제3대,임우영,국민회,의원,의원,3,4952,1954-09-27,1,0.202
제3대,김병윤,미상/직책자,정부/기타 직책자,농림부농정국장,33,22582,1955-01-26,1,0.044
제3대,송우범,자유당,의원,위원장,56,10994,1955-11-01,1,0.091
제3대,김익로,미상/직책자,정부/기타 직책자,의원,23,19259,1954-12-06,1,0.052
제3대,고재필,미상/직책자,정부/기타 직책자,민의원법제조사국장,1,2230,1957-12-22,1,0.448
제3대,지덕영,미상/직책자,정부/기타 직책자,상역국장,2,1894,1955-07-19,1,0.528
제3대,이봉희,미상/직책자,정부/기타 직책자,농림부양정국장,39,11873,1956-01-28,1,0.084
제3대,쟈부라키,미상/직책자,정부/기타 직책자,의원,1,2689,1955-12-08,1,0.372
제3대,민문기,미상/직책자,정부/기타 직책자,법원행정처차장,5,5267,1956-12-12,1,0.19
제3대,김해림,미상/직책자,정부/기타 직책자,내무부토목국장,5,724,1955-06-03,1,0.0
제3대,김익노,자유당,의원,의원,1,1394,1954-12-04,0,0.0
제3대,최윤기,미상/직책자,정부/기타 직책자,외자청관리국장,1,530,1956-02-08,0,0.0
제3대,지창하,미상/직책자,정부/기타 직책자,체신부경리국장,12,545,1957-12-04,0,0.0
제3대,김봉관,미상/직책자,정부/기타 직책자,양정국장,1,66,1955-06-04,0,0.0
제3대,조응천,미상/직책자,정부/기타 직책자,체신부차관,2,2040,1957-04-04,0,0.0
제3대,김병구,미상/직책자,정부/기타 직책자,양정국장,5,806,1954-09-28,0,0.0
제3대,손노티,미상/직책자,정부/기타 직책자,외자구매처장,2,1462,1954-10-18,0,0.0
제3대,장석윤,무소속,의원,의원,3,3275,1954-10-08,0,0.0
제3대,박상운,미상/직책자,정부/기타 직책자,상공부전기국장,3,839,1956-01-07,0,0.0
제3대,김종대,미상/직책자,정부/기타 직책자,재무부이재국장,1,374,1957-12-27,0,0.0
제3대,조인상,미상/직책자,정부/기타 직책자,위원,1,91,1954-10-17,0,0.0
제3대,이근칠,미상/직책자,정부/기타 직책자,문교부고등교육국장,2,545,1955-06-06,0,0.0
제3대,강명옥,미상/직책자,정부/기타 직책자,법무부법제실장,1,849,1957-12-13,0,0.0
제3대,유태식,미상/직책자,정부/기타 직책자,위원,1,53,1954-09-25,0,0.0
제3대,김영상,국민회,의원,의원,2,1525,1956-07-27,0,0.0
제3대,김우동,무소속,의원,위원,6,4881,1956-07-19,0,0.0
제3대,박술음,미상/직책자,정부/기타 직책자,사회부장관,3,4073,1954-07-15,0,0.0
제3대,이창규,미상/직책자,정부/기타 직책자,사세청장,1,2233,1955-07-20,0,0.0
제3대,강종무,미상/직책자,정부/기타 직책자,농림부농지관리국장,8,2724,1956-02-03,0,0.0
제3대,숫자적인,미상/직책자,정부/기타 직책자,부흥부기획국장,1,493,1955-05-27,0,0.0
제3대,강인택,미상/직책자,정부/기타 직책자,감찰위원장,2,1645,1954-07-15,0,0.0
제3대,전만중,자유당,의원,의원,3,3045,1954-07-14,0,0.0
제3대,김대식,미상/직책자,정부/기타 직책자,해병대사령관,7,5520,1957-10-09,0,0.0
제3대,노진설,미상/직책자,정부/기타 직책자,심계원장,10,4183,1954-09-01,0,0.0
제3대,이동희,미상/직책자,정부/기타 직책자,교통부경리국장,4,933,1957-06-26,0,0.0
제3대,민한기,미상/직책자,정부/기타 직책자,내무부토목국장,1,901,1957-11-18,0,0.0
제3대,정갑식,미상/직책자,정부/기타 직책자,의원,1,596,1954-06-10,0,0.0
제3대,김두환,미상/직책자,정부/기타 직책자,의원,1,430,1956-02-21,0,0.0
제3대,김철,무소속,의원,의원,1,600,1957-10-15,0,0.0
제3대,함재훈,자유당,의원,의원,3,2941,1956-10-08,0,0.0
제3대,최경남,미상/직책자,정부/기타 직책자,국방부경리국장,4,915,1956-02-09,0,0.0
제3대,백선진,미상/직책자,정부/기타 직책자,국방부관리국장,1,382,1956-12-15,0,0.0
제3대,톤당,미상/직책자,정부/기타 직책자,고등교육국장,1,211,1955-05-28,0,0.0
제3대,배응식,미상/직책자,정부/기타 직책자,상공부차관,1,4611,1954-09-03,0,0.0
제3대,이재곤,미상/직책자,정부/기타 직책자,체신부전무국장,5,1139,1957-12-04,0,0.0
제3대,표는,미상/직책자,정부/기타 직책자,상임위원장,1,904,1956-12-31,0,0.0
제3대,박종만,미상/직책자,정부/기타 직책자,사무총장,6,836,1954-06-09,0,0.0
제3대,송문경,미상/직책자,정부/기타 직책자,의원,1,1499,1955-04-23,0,0.0
제3대,김석호,무소속,의원,의원,3,5111,1955-07-27,0,0.0
제3대,이규성,미상/직책자,정부/기타 직책자,공군본부군수국장,1,706,1957-10-10,0,0.0
제3대,유지원,자유당,의원,의원,2,2910,1954-09-24,0,0.0
제3대,윤택선,미상/직책자,정부/기타 직책자,전문위원,5,1007,1957-12-03,0,0.0
제3대,한미,미상/직책자,정부/기타 직책자,부흥부기획국장,1,81,1955-07-16,0,0.0
제3대,이동환,미상/직책자,정부/기타 직책자,전문위원,15,4043,1955-03-08,0,0.0
제3대,조병욱,미상/직책자,정부/기타 직책자,서울대학교교학국장,1,1058,1957-12-21,0,0.0
제3대,윤용구,자유당,의원,의원,3,7017,1954-12-02,0,0.0
제3대,장영근,무소속,의원,위원,2,38,1957-12-04,0,0.0
제3대,황병수,미상/직책자,정부/기타 직책자,의원,1,1077,1954-06-11,0,0.0
제3대,강영직,미상/직책자,정부/기타 직책자,교통부공전국장,1,418,1957-06-26,0,0.0
제3대,길경복,미상/직책자,정부/기타 직책자,서울특별시경찰국장,1,1406,1957-07-05,0,0.0
제3대,김호직,미상/직책자,정부/기타 직책자,문교부차관,3,2090,1955-12-09,0,0.0
제3대,손문경,자유당,의원,의원,9,8529,1954-06-11,0,0.0
제3대,염우양,미상/직책자,정부/기타 직책자,의원,1,394,1954-10-18,0,0.0
제3대,참의원,미상/직책자,정부/기타 직책자,의원,1,9,1956-03-27,0,0.0
제3대,지영진,무소속,의원,위원,7,4061,1954-10-15,0,0.0
제3대,김장흥,미상/직책자,정부/기타 직책자,치안국장,1,837,1955-07-18,0,0.0
제3대,오형근,자유당,의원,위원,14,4277,1955-07-08,0,0.0
제3대,정낙훈,미상/직책자,정부/기타 직책자,농림부장관,3,2053,1955-09-23,0,0.0
제3대,헤어지고,미상/직책자,정부/기타 직책자,의원,1,67,1958-02-22,0,0.0
제3대,이용철,미상/직책자,정부/기타 직책자,재무부관재국장,2,1010,1957-11-25,0,0.0
제3대,최수주,미상/직책자,정부/기타 직책자,부의장,1,24,1954-08-18,0,0.0
제3대,최문흠,미상/직책자,정부/기타 직책자,임시의장,1,281,1954-12-06,0,0.0
제3대,이것은,미상/직책자,정부/기타 직책자,문화국장,1,38,1955-05-28,0,0.0
제3대,이종태,미상/직책자,정부/기타 직책자,전매청총무국장,1,245,1956-12-21,0,0.0
제3대,회의록,미상/직책자,정부/기타 직책자,부의장,1,51,1957-10-14,0,0.0
제3대,이상룡,미상/직책자,정부/기타 직책자,내무부차관,1,309,1957-03-07,0,0.0
제3대,유정식,미상/직책자,정부/기타 직책자,전매청연초국장,1,1011,1956-07-20,0,0.0
제3대,임석무,미상/직책자,정부/기타 직책자,법무부차관,7,10997,1955-10-20,0,0.0
제3대,손준현,자유당,의원,의원,3,954,1956-10-04,0,0.0
제3대,이순용,미상/직책자,정부/기타 직책자,외자청장,7,1079,1955-06-01,0,0.0
제3대,김동성,미상/직책자,정부/기타 직책자,증인,2,1622,1954-11-05,0,0.0
제3대,이호진,미상/직책자,정부/기타 직책자,의사국장,1,1382,1956-06-18,0,0.0
제3대,안준기,자유당,의원,의원,23,21037,1956-01-13,0,0.0
제3대,이규석,미상/직책자,정부/기타 직책자,농림부양정국장,3,700,1955-04-27,0,0.0
제3대,이영의,미상/직책자,정부/기타 직책자,의원,1,15,1955-06-08,0,0.0
제3대,김선택,미상/직책자,정부/기타 직책자,위원,1,657,1957-12-28,0,0.0
제3대,김원규,자유당,의원,의원,6,20193,1956-12-29,0,0.0
제3대,박도수,미상/직책자,정부/기타 직책자,농림부양정국장,1,3086,1956-10-22,0,0.0
제3대,유순식,자유당,의원,의원,2,1893,1954-11-19,0,0.0
제3대,김호식,미상/직책자,정부/기타 직책자,문교부차관,11,2740,1955-12-08,0,0.0
제3대,서정학,미상/직책자,정부/기타 직책자,내무부치안국장,5,5065,1957-07-05,0,0.0
제3대,김종원,미상/직책자,정부/기타 직책자,내무부치안국장,1,1646,1956-07-17,0,0.0
제3대,김상현,자유당,의원,위원,11,4168,1954-07-14,0,0.0
제3대,홍순철,자유당,의원,위원,3,428,1957-07-08,0,0.0
제3대,이우룡,미상/직책자,정부/기타 직책자,해군본부예산국장,2,877,1957-10-09,0,0.0
제3대,황숙현,미상/직책자,정부/기타 직책자,농림위원회전문위원,1,989,1956-12-24,0,0.0
제3대,장하정,미상/직책자,정부/기타 직책자,부흥부기획국장,1,867,1956-07-22,0,0.0
제3대,백재홍,미상/직책자,정부/기타 직책자,의원,1,793,1956-01-13,0,0.0
제3대,이병홍,호헌동지회,의원,의원,5,11361,1955-04-29,0,0.0
제3대,도의원,미상/직책자,정부/기타 직책자,의원,1,20,1957-10-28,0,0.0
제3대,김석범,미상/직책자,정부/기타 직책자,해병사령관,1,467,1956-12-15,0,0.0
제3대,신현주,미상/직책자,정부/기타 직책자,서울특별시건설국장,3,2266,1957-08-05,0,0.0
제3대,홍영기,미상/직책자,정부/기타 직책자,전문위원,3,247,1957-10-09,0,0.0
제3대,박영진,미상/직책자,정부/기타 직책자,의원,1,53,1954-10-27,0,0.0
제3대,정영기,미상/직책자,정부/기타 직책자,광무국장,1,1340,1955-07-19,0,0.0
제3대,정명선,자유당,의원,의원,2,5276,1954-09-29,0,0.0
제3대,김성복,무소속,의원,위원장대리,41,17070,1955-03-10,0,0.0
제3대,이협우,무소속,의원,의원,1,6,1954-06-10,0,0.0
제3대,박영배,미상/직책자,정부/기타 직책자,전문위원,1,135,1956-07-12,0,0.0
제3대,김선기,미상/직책자,정부/기타 직책자,문교부차관,3,1605,1957-12-06,0,0.0
제3대,변정규,미상/직책자,정부/기타 직책자,농지관리국장,13,1866,1955-06-03,0,0.0
제3대,정홍섭,미상/직책자,정부/기타 직책자,사무차장,2,2263,1957-03-06,0,0.0
제3대,표양문,자유당,의원,의원,1,3750,1955-06-16,0,0.0
제3대,정세환,무소속,의원,위원,9,506,1956-07-11,0,0.0
제4대,송인상,미상/직책자,정부/기타 직책자,재무부장관,420,943978,1958-06-27,472,0.073
제4대,이철승,민주당,의원,위원,1282,753417,1958-06-20,198,0.127
제4대,주요한,민주당,의원,위원,251,550869,1958-06-27,187,0.06
제4대,손창환,미상/직책자,정부/기타 직책자,보건사회부장관,81,141163,1958-07-22,160,0.149
제4대,신현확,미상/직책자,정부/기타 직책자,부흥부장관,307,353296,1958-07-08,160,0.139
제4대,유옥우,민주당,의원,위원,462,463165,1958-06-09,157,0.071
제4대,이근직,미상/직책자,정부/기타 직책자,농림부장관,117,235961,1959-04-01,134,0.064
제4대,김학준,민주당,의원,위원,268,159409,1958-08-23,132,0.044
제4대,김현철,미상/직책자,정부/기타 직책자,재무부장관,183,416090,1958-06-30,126,0.06
제4대,구용서,미상/직책자,정부/기타 직책자,상공부장관,150,319285,1958-07-20,121,0.081
제4대,문종두,무소속,의원,위원,450,242202,1958-06-09,119,0.128
제4대,민관식,무소속,의원,위원,390,269894,1958-07-07,117,0.1
제4대,이호진,미상/직책자,정부/기타 직책자,의사국장,262,541038,1958-07-08,117,0.059
제4대,조재천,민주당,의원,위원,241,601017,1958-06-20,112,0.176
제4대,조순,자유당,의원,위원장,925,163742,1958-07-12,103,0.147
제4대,김동욱,민주당,의원,위원,128,265882,1958-06-26,102,0.098
제4대,곽의영,자유당,의원,체신부장관,157,177752,1958-06-26,92,0.073
제4대,임문석,민주당,의원,위원,178,161733,1959-02-03,89,0.26
제4대,권성기,미상/직책자,정부/기타 직책자,해무청장,118,142710,1958-07-16,89,0.063
제4대,박철웅,자유당,의원,위원,120,130785,1958-07-02,88,0.145
제4대,김도연,민주당,의원,위원,151,219601,1958-06-24,86,0.091
제4대,엄상섭,민주당,의원,위원,459,470888,1958-06-20,85,0.113
제4대,김일환,미상/직책자,정부/기타 직책자,내무부장관,188,212296,1958-07-07,84,0.052
제4대,최재유,미상/직책자,정부/기타 직책자,문교부장관,112,208482,1958-11-06,81,0.058
제4대,이종남,민주당,의원,위원,327,232646,1958-06-30,78,0.168
제4대,정재설,미상/직책자,정부/기타 직책자,농림부장관,95,197781,1958-06-21,74,0.051
제4대,정성태,민주당,의원,위원,223,133252,1958-07-19,73,0.225
제4대,정재완,민주당,의원,위원,177,127376,1958-06-30,72,0.157
제4대,서상준,미상/직책자,정부/기타 직책자,총무국장,344,129743,1958-06-07,71,0.1
제4대,신규식,자유당,의원,위원장,429,240850,1958-06-20,71,0.116
제4대,박병배,무소속,의원,위원,756,276724,1958-06-27,70,0.119
제4대,김병윤,미상/직책자,정부/기타 직책자,농림부차관,171,201684,1958-06-20,69,0.035
제4대,서정귀,민주당,의원,위원,116,82585,1958-07-19,68,0.085
제4대,김선태,민주당,의원,위원,691,389070,1958-06-20,68,0.095
제4대,김의창,미상/직책자,정부/기타 직책자,상공부차관,169,141636,1958-07-15,66,0.035
제4대,고담용,민주당,의원,위원,82,149814,1958-07-07,64,0.2
제4대,계광순,민주당,의원,위원,35,123377,1958-07-07,63,0.097
제4대,천병규,미상/직책자,정부/기타 직책자,재무부차관,128,147130,1958-06-30,62,0.088
제4대,강영훈,민주당,의원,위원,629,180789,1958-06-27,62,0.055
제4대,조광희,자유당,의원,위원,32,99519,1958-06-21,62,0.04
제4대,조영규,민주당,의원,위원,260,225737,1958-06-09,62,0.142
제4대,박해정,민주당,의원,위원,202,250415,1958-06-24,60,0.056
제4대,원용석,자유당,의원,위원장,293,113683,1958-06-30,60,0.246
제4대,서범석,민주당,의원,위원,548,328290,1958-06-21,58,0.104
제4대,조한백,민주당,의원,위원,103,157223,1958-06-19,57,0.057
제4대,김선기,미상/직책자,정부/기타 직책자,문교부차관,122,143939,1958-06-20,57,0.035
제4대,김종철,자유당,의원,위원,54,78131,1958-07-16,54,0.141
제4대,정준모,자유당,의원,위원,27,52176,1958-07-22,53,0.077
제4대,김원전,자유당,의원,위원,95,63038,1958-06-27,52,0.127
제4대,오표,미상/직책자,정부/기타 직책자,전문위원,65,14369,1958-11-20,50,0.0
제4대,양일동,무소속,의원,위원,787,182538,1958-06-09,49,0.044
제4대,이재형,무소속,의원,위원,156,171834,1958-07-19,48,0.093
제4대,최인규,자유당,의원,내무부장관,255,235071,1958-06-21,48,0.098
제4대,류순식,미상/직책자,정부/기타 직책자,위원,288,81857,1958-07-11,48,0.171
제4대,이영희,자유당,의원,위원장,784,187095,1958-06-18,46,0.059
제4대,전성천,미상/직책자,정부/기타 직책자,공보실장,86,118824,1959-05-22,45,0.185
제4대,배성기,민주당,의원,위원,86,126340,1958-06-20,44,0.047
제4대,박찬현,민주당,의원,위원,67,114221,1958-06-09,44,0.123
제4대,권택상,미상/직책자,정부/기타 직책자,재무부사세국장,80,38829,1958-07-18,43,0.0
제4대,김석진,자유당,의원,위원,237,129501,1958-06-30,42,0.062
제4대,박만원,자유당,의원,위원장,494,206783,1958-06-09,42,0.179
제4대,안덕기,자유당,의원,위원,24,50466,1958-07-02,42,0.04
제4대,김병순,자유당,의원,위원,27,56373,1958-07-18,41,0.071
제4대,정준,무소속,의원,의원,105,206038,1958-06-20,41,0.116
제4대,김주묵,민주당,의원,위원,103,134492,1958-06-23,40,0.216
제4대,정영기,미상/직책자,정부/기타 직책자,부흥부차관,58,45715,1958-07-07,39,0.131
제4대,이갑식,자유당,의원,위원장,405,68148,1958-07-18,39,0.029
제4대,허윤수,민주당,의원,위원,107,130093,1958-06-21,39,0.038
제4대,김법린,미상/직책자,정부/기타 직책자,원자력원장,10,24810,1959-05-26,38,0.0
제4대,나판수,자유당,의원,위원,262,86239,1958-06-23,37,0.139
제4대,문봉제,미상/직책자,정부/기타 직책자,교통부장관,40,42325,1958-07-19,36,0.071
제4대,김정렬,미상/직책자,정부/기타 직책자,국방부장관,161,166592,1958-06-20,35,0.096
제4대,정일형,민주당,의원,의원,22,92960,1958-06-24,35,0.301
제4대,최용근,자유당,의원,위원장,442,84392,1958-06-28,35,0.19
제4대,임차주,자유당,의원,위원장대리,146,97947,1958-06-21,34,0.051
제4대,임철호,자유당,의원,부의장,716,160354,1958-08-21,34,0.094
제4대,안용대,무소속,의원,위원,51,50090,1958-07-08,34,0.279
제4대,오임근,미상/직책자,정부/기타 직책자,재무부차관,148,131494,1958-07-16,33,0.015
제4대,이만우,민주당,의원,위원,142,154323,1958-06-21,33,0.078
제4대,김재곤,민주당,의원,위원,227,181667,1958-06-28,33,0.072
제4대,이종수,자유당,의원,위원장,195,42277,1958-07-24,32,0.0
제4대,유봉순,자유당,의원,위원,144,184378,1958-06-24,31,0.152
제4대,류홍,민주당,의원,위원,45,71920,1958-06-19,31,0.139
제4대,송요찬,미상/직책자,정부/기타 직책자,육군참모총장,71,53422,1959-06-11,30,0.056
제4대,박세경,자유당,의원,법제사법위원장,294,130815,1958-06-23,30,0.138
제4대,조종호,무소속,의원,위원,40,95760,1958-06-19,29,0.063
제4대,류청,미상/직책자,정부/기타 직책자,위원,156,195420,1958-07-16,29,0.082
제4대,이형모,자유당,의원,위원장,568,130163,1958-06-27,29,0.115
제4대,구태회,자유당,의원,위원,43,43848,1958-07-18,29,0.068
제4대,최규하,미상/직책자,정부/기타 직책자,외무부차관,33,50314,1959-10-15,28,0.517
제4대,민장식,민주당,의원,위원,101,132555,1958-07-18,28,0.121
제4대,손도심,자유당,의원,위원,259,152206,1958-06-23,27,0.138
제4대,김영준,미상/직책자,정부/기타 직책자,농림부산림국장,28,46776,1958-07-18,27,0.086
제4대,정중섭,민주당,의원,위원,158,123269,1958-07-07,27,0.17
제4대,오재경,미상/직책자,정부/기타 직책자,공보실장,52,75991,1958-07-03,26,0.145
제4대,오범수,자유당,의원,위원,140,38611,1958-06-30,26,0.155
제4대,김정열,미상/직책자,정부/기타 직책자,국방부장관,88,130312,1958-07-22,26,0.061
제4대,유성권,민주당,의원,위원,223,57295,1958-07-19,26,0.157
제4대,이성주,자유당,의원,위원장,804,179316,1958-06-09,26,0.039
제4대,이재학,자유당,의원,부의장,1632,250084,1958-06-07,25,0.056
제4대,윤형남,민주당,의원,위원,89,110850,1958-07-08,25,0.162
제4대,진형하,민주당,의원,위원,183,79964,1958-11-25,25,0.125
제4대,권오종,민주당,의원,위원,138,28527,1958-06-18,25,0.14
제4대,홍진기,미상/직책자,정부/기타 직책자,법무부장관,118,135506,1958-06-20,24,0.148
제4대,심상대,미상/직책자,정부/기타 직책자,증인,6,3442,1959-07-08,23,0.0
제4대,민한식,미상/직책자,정부/기타 직책자,내무부토목국장,20,19079,1958-07-16,23,0.052
제4대,주금용,무소속,의원,위원,49,28279,1958-07-10,23,0.106
제4대,이태용,민주당,의원,위원,440,238509,1958-06-18,23,0.059
제4대,이천승,미상/직책자,정부/기타 직책자,전문위원,75,14825,1959-05-14,23,0.135
제4대,구흥남,자유당,의원,위원장,253,78635,1958-06-20,22,0.076
제4대,김웅수,미상/직책자,정부/기타 직책자,육군본부군수참모부장,43,24967,1958-07-02,22,0.04
제4대,윤병구,자유당,의원,위원,26,42911,1958-06-19,22,0.093
제4대,우희창,민주당,의원,위원,247,116988,1958-06-27,21,0.077
제4대,지영진,자유당,의원,위원,11,12336,1958-11-14,21,0.081
제4대,한희석,자유당,의원,부의장,934,280858,1958-06-07,21,0.05
제4대,황숙현,자유당,의원,위원,70,84145,1958-06-21,21,0.059
제4대,정명섭,자유당,의원,위원장,267,50309,1958-06-23,21,0.06
제4대,박상길,무소속,의원,위원,71,65623,1958-06-26,20,0.213
제4대,조정환,미상/직책자,정부/기타 직책자,외무부장관,36,35182,1958-07-14,19,0.455
제4대,김응주,민주당,의원,위원,64,106347,1958-07-15,19,0.056
제4대,김진만,자유당,의원,위원,51,27615,1958-07-07,19,0.036
제4대,유용식,자유당,의원,위원,562,58142,1958-08-21,19,0.172
제4대,윤명운,민주당,의원,위원,174,114408,1958-07-19,19,0.052
제4대,윤성순,자유당,의원,외무위원장,6,21658,1958-07-09,19,0.508
제4대,정남규,미상/직책자,정부/기타 직책자,증인,37,28977,1958-07-18,18,0.035
제4대,김장섭,자유당,의원,농림부차관,90,75123,1958-09-08,18,0.027
제4대,이용범,자유당,의원,위원,20,7642,1958-07-20,18,0.131
제4대,김두진,자유당,의원,위원장대리,483,105242,1958-06-21,18,0.067
제4대,박종식,미상/직책자,정부/기타 직책자,재무부차관,110,49551,1959-05-25,18,0.323
제4대,김원만,민주당,의원,위원,94,105059,1958-07-19,18,0.048
제4대,김철안,자유당,의원,위원,64,68235,1958-06-21,17,0.132
제4대,김용후,미상/직책자,정부/기타 직책자,증인,66,11159,1959-07-08,17,0.179
제4대,강용옥,미상/직책자,정부/기타 직책자,상공부공업국장,21,7517,1958-12-09,17,0.133
제4대,정헌주,민주당,의원,위원,67,64839,1958-06-24,17,0.123
제4대,신두영,미상/직책자,정부/기타 직책자,국무원사무국장,23,23253,1958-07-29,17,0.129
제4대,홍병각,자유당,의원,위원,48,57081,1958-06-21,17,0.158
제4대,한광석,자유당,의원,위원,160,75483,1958-06-20,16,0.146
제4대,한근조,민주당,의원,위원,113,107495,1958-07-07,16,0.093
제4대,송영주,민주당,의원,위원,20,31207,1958-06-20,16,0.096
제4대,이창우,미상/직책자,정부/기타 직책자,증인,68,5401,1959-06-11,16,0.0
제4대,정규상,자유당,의원,위원장,209,57234,1958-07-07,16,0.175
제4대,이상용,자유당,의원,위원장,216,41941,1958-07-16,16,0.143
제4대,이사형,무소속,의원,위원,60,25669,1958-07-21,15,0.078
제4대,조일환,민주당,의원,위원,65,43898,1958-07-07,15,0.091
제4대,이필호,민주당,의원,위원,493,100562,1958-07-02,15,0.07
제4대,민병기,미상/직책자,정부/기타 직책자,내무부장관,66,64708,1958-06-20,15,0.077
제4대,박흥규,자유당,의원,위원장,1139,136655,1958-07-14,15,0.029
제4대,전효섭,미상/직책자,정부/기타 직책자,상공부광무국장,22,10258,1959-11-18,15,0.292
제4대,이남신,미상/직책자,정부/기타 직책자,농림부축정국장,31,32743,1958-07-18,15,0.031
제4대,류진산,미상/직책자,정부/기타 직책자,위원,154,132933,1958-08-06,14,0.083
제4대,이상현,미상/직책자,정부/기타 직책자,농림부농지관리국장,17,26571,1958-07-18,14,0.038
제4대,윤용구,자유당,의원,위원,172,116326,1958-06-20,14,0.026
제4대,이생우,미상/직책자,정부/기타 직책자,증인,27,7460,1959-07-08,14,0.134
제4대,장경근,자유당,의원,위원,57,62460,1958-06-24,13,0.176
제4대,윤제술,민주당,의원,위원,66,131878,1958-06-19,13,0.076
제4대,김성탁,자유당,의원,위원,8,10333,1959-07-01,13,0.097
제4대,김원태,자유당,의원,위원장,279,63677,1958-07-09,13,0.11
제4대,박충모,민주당,의원,위원,113,63864,1958-06-27,13,0.031
제4대,이존화,자유당,의원,위원장,162,41923,1958-07-02,13,0.048
제4대,명재억,미상/직책자,정부/기타 직책자,농림부중앙농사원장대리,9,13635,1959-11-17,13,0.0
제4대,조대훈,미상/직책자,정부/기타 직책자,증인,36,3562,1959-06-11,13,0.0
제4대,김재위,자유당,의원,위원,63,13592,1958-07-19,12,0.0
제4대,김상돈,민주당,의원,위원,119,77565,1958-06-19,12,0.103
제4대,유영준,자유당,의원,위원,166,27231,1958-10-19,12,0.11
제4대,구철회,민주당,의원,위원,42,51996,1958-06-21,12,0.077
제4대,이정휴,자유당,의원,위원,494,49660,1958-07-02,12,0.141
제4대,김선우,자유당,의원,위원,61,64182,1958-07-07,12,0.125
제4대,김창규,미상/직책자,정부/기타 직책자,공군참모총장,28,18007,1958-11-05,12,0.056
제4대,권복인,자유당,의원,위원,36,31765,1958-11-19,11,0.031
제4대,조병옥,민주당,의원,위원,30,69341,1958-06-23,11,0.13
제4대,이응준,미상/직책자,정부/기타 직책자,체신부장관,22,12690,1958-07-19,11,0.079
제4대,손석두,자유당,의원,위원장,120,35347,1958-07-10,11,0.0
제4대,윤태은,미상/직책자,정부/기타 직책자,체신부전무국장,47,13023,1959-11-06,10,0.077
제4대,신효선,미상/직책자,정부/기타 직책자,보건사회부차관,6,9705,1958-07-23,10,0.103
제4대,변진갑,자유당,의원,위원장,491,131162,1958-06-30,10,0.03
제4대,곽상훈,민주당,의원,의원,17,37313,1958-06-27,10,0.241
제4대,윤택중,민주당,의원,위원,115,121870,1958-07-02,10,0.008
제4대,이민우,민주당,의원,위원,12,7680,1958-07-07,10,0.13
제4대,권중돈,민주당,의원,위원,314,60592,1958-06-24,10,0.066
제4대,손문경,자유당,의원,위원장,172,20559,1958-06-27,9,0.0
제4대,신언한,미상/직책자,정부/기타 직책자,법무부차관,50,57802,1958-07-08,9,0.069
제4대,김의택,민주당,의원,위원,45,52554,1958-06-09,9,0.057
제4대,김의준,자유당,의원,위원장,378,72205,1958-08-06,9,0.111
제4대,박철재,미상/직책자,정부/기타 직책자,문교부기술교육국장,6,7493,1958-07-18,9,0.133
제4대,김인권,미상/직책자,정부/기타 직책자,농림부농정국장,56,39258,1958-07-18,9,0.051
제4대,유상근,미상/직책자,정부/기타 직책자,내무부통계국장,8,10659,1959-11-17,9,0.0
제4대,유승준,민주당,의원,위원,50,64471,1958-06-09,9,0.078
제4대,최세황,미상/직책자,정부/기타 직책자,국방부차관,78,113574,1958-07-02,9,0.009
제4대,최규남,자유당,의원,의원,21,36831,1958-07-16,9,0.109
제4대,김훈,민주당,의원,위원,104,32680,1958-07-09,9,0.184
제4대,김동순,미상/직책자,정부/기타 직책자,증인,30,3129,1959-06-11,8,0.0
제4대,김종오,미상/직책자,정부/기타 직책자,교육총본부총장,5,7636,1958-10-23,8,0.393
제4대,이일해,미상/직책자,정부/기타 직책자,증인,21,1320,1959-07-08,8,0.0
제4대,황호현,무소속,의원,위원,69,61231,1958-07-19,8,0.065
제4대,홍봉진,민주당,의원,위원,42,63624,1958-07-11,8,0.031
제4대,조일재,민주당,의원,위원,174,85575,1958-07-10,8,0.07
제4대,박영교,자유당,의원,위원,19,8527,1958-11-13,8,0.0
제4대,김상도,자유당,의원,위원장,492,113008,1958-08-21,8,0.053
제4대,장택상,무소속,의원,위원,100,47250,1958-06-09,8,0.063
제4대,정한주,미상/직책자,정부/기타 직책자,증인,19,2354,1959-07-08,8,0.425
제4대,이옥동,무소속,의원,위원,28,40303,1958-07-07,8,0.149
제4대,이원장,자유당,의원,위원,218,35700,1958-07-02,7,0.168
제4대,김대식,미상/직책자,정부/기타 직책자,해병대사령관,16,20311,1958-11-11,7,0.148
제4대,김덕겸,미상/직책자,정부/기타 직책자,증인,15,992,1959-06-11,7,0.0
제4대,김순길,미상/직책자,정부/기타 직책자,증인,59,4367,1959-06-11,7,0.0
제4대,최정우,미상/직책자,정부/기타 직책자,사무총장,52,25784,1958-06-07,7,0.0
제4대,반재현,무소속,의원,위원,53,38216,1958-07-19,7,0.105
제4대,김용진,민주당,의원,위원,254,96189,1958-06-18,7,0.052
제4대,김창동,자유당,의원,위원,58,61694,1958-07-19,7,0.049
제4대,최희송,민주당,의원,위원,52,12962,1958-10-06,7,0.309
제4대,나상근,자유당,의원,위원,71,36441,1958-06-27,7,0.027
제4대,유기수,무소속,의원,위원,142,29097,1958-07-26,7,0.034
제4대,김준연,통일당,의원,위원,43,31981,1958-06-09,7,0.219
제4대,석상옥,미상/직책자,정부/기타 직책자,교통부차관,6,3721,1958-07-19,7,0.0
제4대,이병하,민주당,의원,위원,69,42551,1958-08-02,7,0.141
제4대,송원영,미상/직책자,정부/기타 직책자,교통부차관,132,20755,1958-11-14,7,0.048
제4대,한옥신,미상/직책자,정부/기타 직책자,증인,45,29860,1960-04-17,7,0.234
제4대,이규성,미상/직책자,정부/기타 직책자,공군본부관리국장,26,5679,1958-11-05,6,0.176
제4대,이성우,미상/직책자,정부/기타 직책자,내무부차관,35,32583,1959-05-14,6,0.092
제4대,조응천,미상/직책자,정부/기타 직책자,체신부차관,12,7765,1958-07-22,6,0.129
제4대,오재영,자유당,의원,위원,45,26848,1958-06-23,6,0.112
제4대,현영일,미상/직책자,정부/기타 직책자,교통부시설국장,18,6791,1958-11-14,6,0.147
제4대,신영주,무소속,의원,위원,175,45709,1958-07-02,6,0.0
제4대,최병권,자유당,의원,위원,213,41518,1958-06-27,6,0.072
제4대,김창우,미상/직책자,정부/기타 직책자,증인,64,9055,1959-06-23,6,0.11
제4대,박덕영,자유당,의원,위원,158,18230,1958-07-19,6,0.055
제4대,이정용,미상/직책자,정부/기타 직책자,경상남도경찰국장,31,40081,1960-04-15,6,0.1
제4대,김정근,무소속,의원,위원,34,36309,1958-06-20,6,0.11
제4대,류지원,미상/직책자,정부/기타 직책자,위원,218,46632,1958-06-20,6,0.043
제4대,박상운,미상/직책자,정부/기타 직책자,상공부전기국장,15,7311,1959-11-17,6,0.0
제4대,박창화,민주당,의원,위원,56,80273,1958-07-18,6,0.025
제4대,김윤기,미상/직책자,정부/기타 직책자,국회의사당도안심사위원회위원장,5,5113,1959-11-13,6,0.0
제4대,장낙중,미상/직책자,정부/기타 직책자,증인,19,1222,1959-06-23,6,0.0
제4대,최응복,미상/직책자,정부/기타 직책자,내무부지방국장,38,20646,1958-07-15,6,0.0
제4대,최석림,무소속,의원,위원,24,24116,1958-11-19,6,0.083
제4대,최천,민주당,의원,위원,10,23808,1958-07-16,6,0.042
제4대,강종무,자유당,의원,위원,19,23363,1958-06-30,5,0.128
제4대,국회의사,미상/직책자,정부/기타 직책자,당건축설계도안심사위원장,9,3864,1959-11-11,5,0.0
제4대,신도철,미상/직책자,정부/기타 직책자,증인,20,1033,1959-06-11,5,0.0
제4대,류근창,미상/직책자,정부/기타 직책자,육군본부인사참모차장,29,4436,1958-11-03,5,0.0
제4대,김정환,민주당,의원,위원,13,29032,1958-07-16,5,0.103
제4대,김봉관,미상/직책자,정부/기타 직책자,농림부양정국장,18,17277,1959-05-29,5,0.0
제4대,주병환,민주당,의원,위원,19,34559,1958-12-09,5,0.058
제4대,김태동,미상/직책자,정부/기타 직책자,부흥부조정국장,16,6124,1958-07-18,5,0.327
제4대,박만규,미상/직책자,정부/기타 직책자,문교부편수국장,6,5814,1958-07-02,5,0.172
제4대,안용백,자유당,의원,위원장,163,24368,1958-07-19,5,0.164
제4대,황정철,미상/직책자,정부/기타 직책자,내무부토목국장,36,15335,1959-05-29,4,0.0
제4대,윤담,민주당,의원,위원,19,14699,1958-07-18,4,0.136
제4대,김종대,미상/직책자,정부/기타 직책자,재무부이재국장,32,23306,1958-07-16,4,0.172
제4대,서정학,미상/직책자,정부/기타 직책자,내무부치안국장,12,16400,1958-07-15,4,0.0
제4대,임흥순,미상/직책자,정부/기타 직책자,서울특별시장,22,11918,1959-10-26,4,0.084
제4대,하태환,자유당,의원,위원장,319,48172,1958-06-27,4,0.083
제4대,이영준,민주당,의원,위원,14,17086,1958-07-02,4,0.234
제4대,정남택,자유당,의원,위원장대리,139,15632,1958-07-21,4,0.0
제4대,이한빈,미상/직책자,정부/기타 직책자,재무부예산국장,38,20748,1958-11-24,4,0.048
제4대,오위영,민주당,의원,위원,25,12053,1958-07-16,4,0.332
제4대,김원규,자유당,의원,위원,108,18660,1958-07-16,4,0.054
제4대,명주덕,미상/직책자,정부/기타 직책자,증인,51,6189,1959-07-08,4,0.0
제4대,안균섭,자유당,의원,위원,157,48891,1958-06-27,4,0.041
제4대,정대천,자유당,의원,위원,22,2640,1959-06-11,4,0.0
제4대,윤보선,민주당,의원,의원,7,29047,1958-06-23,4,0.069
제4대,이용운,미상/직책자,정부/기타 직책자,해군참모총장,36,12466,1958-10-19,4,0.08
제4대,박춘성,미상/직책자,정부/기타 직책자,내무부통계국장,1,1239,1958-07-15,4,0.0
제4대,송정범,미상/직책자,정부/기타 직책자,부흥부기획국장,3,1426,1958-12-16,4,0.0
제4대,김동조,미상/직책자,정부/기타 직책자,외무부차관,13,29656,1958-07-30,4,0.135
제4대,유충렬,미상/직책자,정부/기타 직책자,서울특별시경찰국장,6,7905,1959-10-26,4,0.253
제4대,김병주,미상/직책자,정부/기타 직책자,교통부자재국장대리,37,5227,1959-11-04,4,0.191
제4대,이동세,미상/직책자,정부/기타 직책자,교통부경리국장,12,1060,1958-07-19,4,0.0
제4대,이은태,자유당,의원,위원,73,15054,1958-07-24,3,0.133
제4대,안희경,미상/직책자,정부/기타 직책자,외자청장,15,14386,1958-12-13,3,0.0
제4대,김두일,미상/직책자,정부/기타 직책자,중앙선거위원장,22,24643,1958-07-16,3,0.122
제4대,박종길,자유당,의원,위원,33,44707,1958-06-28,3,0.022
제4대,홍순희,민주당,의원,위원,17,33590,1958-06-21,3,0.089
제4대,김송환,미상/직책자,정부/기타 직책자,상공부상역국장,20,9693,1958-07-18,3,0.103
제4대,김서일,미상/직책자,정부/기타 직책자,상공부특허국장,3,4349,1959-11-29,3,0.0
제4대,주영복,미상/직책자,정부/기타 직책자,공군본부인사국장,5,1187,1958-11-05,3,0.0
제4대,민한기,미상/직책자,정부/기타 직책자,내무부토목국장,2,3710,1958-07-15,3,0.0
제4대,수리비의,미상/직책자,정부/기타 직책자,육군본부관리국장,1,156,1959-10-01,3,0.0
제4대,지창하,미상/직책자,정부/기타 직책자,체신부경리국장,19,4545,1958-07-19,3,0.0
제4대,신도성,미상/직책자,정부/기타 직책자,경상남도지사,53,28458,1960-03-24,3,0.105
제4대,김정권,미상/직책자,정부/기타 직책자,육군본부정보국장,24,1730,1958-11-13,3,0.0
제4대,이영언,자유당,의원,위원장,142,7369,1958-07-07,3,0.407
제4대,이경춘,미상/직책자,정부/기타 직책자,공군본부군수국차장,4,411,1958-11-05,3,0.0
제4대,박순천,민주당,의원,위원,18,19079,1958-07-03,3,0.157
제4대,장석윤,자유당,의원,위원,53,37458,1958-07-16,3,0.08
제4대,이동근,자유당,의원,위원,40,8277,1958-07-19,3,0.0
제4대,첫째,미상/직책자,정부/기타 직책자,해병진해기지사령관,2,2321,1958-11-13,3,0.0
제4대,김승진,미상/직책자,정부/기타 직책자,전문위원,4,2121,1958-12-23,3,0.0
제4대,정재원,자유당,의원,위원,14,8957,1958-07-07,3,0.0
제4대,서임수,무소속,의원,위원,165,28220,1958-06-18,3,0.071
제4대,이유근,미상/직책자,정부/기타 직책자,증인,5,1819,1959-07-08,3,0.0
제4대,이은복,미상/직책자,정부/기타 직책자,전문위원,11,7999,1958-07-16,3,0.0
제4대,정긍모,미상/직책자,정부/기타 직책자,해군참모총장,5,9989,1958-11-06,3,0.0
제4대,정두길,미상/직책자,정부/기타 직책자,교통부공전국장,31,3064,1959-11-04,3,0.653
제4대,진석중,자유당,의원,위원,49,54235,1958-07-07,3,0.018
제4대,김규성,미상/직책자,정부/기타 직책자,증인,6,622,1959-06-11,2,0.0
제4대,최창언,미상/직책자,정부/기타 직책자,육군본부정훈국장,8,2243,1958-11-02,2,0.0
제4대,나용균,민주당,의원,위원,17,26488,1958-10-06,2,0.076
제4대,박순석,자유당,의원,위원장,161,29978,1958-06-24,2,0.033
제4대,윤용길,미상/직책자,정부/기타 직책자,증인,17,2928,1959-07-08,2,0.0
제4대,류경호,미상/직책자,정부/기타 직책자,증인,116,2710,1958-07-11,2,0.369
제4대,김규만,민주당,의원,위원,6,8680,1958-07-19,2,0.115
제4대,이종준,자유당,의원,위원,10,8962,1958-08-21,2,0.112
제4대,이회근,미상/직책자,정부/기타 직책자,전문위원,28,5622,1958-07-11,2,0.356
제4대,안정근,미상/직책자,정부/기타 직책자,전매청장,16,13681,1958-08-05,2,0.0
제4대,이효,미상/직책자,정부/기타 직책자,육군본부관리차장,27,3613,1958-11-13,2,0.0
제4대,김효섭,미상/직책자,정부/기타 직책자,상공부광무국장,1,1323,1959-11-29,2,0.0
제4대,박영두,미상/직책자,정부/기타 직책자,증인,38,11750,1960-03-24,2,0.17
제4대,정의필,미상/직책자,정부/기타 직책자,문교부보통교육국장,7,3594,1958-07-16,2,0.0
제4대,윤재근,무소속,의원,위원,79,27110,1958-11-02,2,0.0
제4대,현오봉,무소속,의원,위원,23,3095,1958-07-18,2,0.323
제4대,최규옥,자유당,의원,위원,34,8317,1958-11-27,2,0.0
제4대,김향수,무소속,의원,위원,6,7968,1959-06-19,2,0.126
제4대,이재현,무소속,의원,위원,12,14910,1958-07-19,2,0.134
제4대,윤우경,미상/직책자,정부/기타 직책자,구황실재산관리사무총국장,64,48173,1958-07-30,2,0.021
제4대,이재룡,미상/직책자,정부/기타 직책자,부산병기기지사령관,38,2391,1958-07-05,2,0.0
제4대,이강학,미상/직책자,정부/기타 직책자,내무부치안국장,27,18481,1959-06-15,2,0.054
제4대,전영석,민주당,의원,위원,12,11985,1958-11-20,2,0.0
제4대,김치영,미상/직책자,정부/기타 직책자,상공부차관,2,739,1959-12-26,2,0.0
제4대,원용덕,미상/직책자,정부/기타 직책자,헌병사령관,66,22695,1958-07-03,2,0.088
제4대,최경남,미상/직책자,정부/기타 직책자,증인,113,21465,1958-07-25,2,0.093
제4대,류순석,미상/직책자,정부/기타 직책자,위원,2,8804,1958-07-16,2,0.227
제4대,한상봉,미상/직책자,정부/기타 직책자,문교부고등교육국장,9,2716,1958-07-18,2,0.368
제4대,백선엽,미상/직책자,정부/기타 직책자,연합참모본부총장,23,16952,1958-07-02,2,0.118
제4대,홍범희,자유당,의원,위원,100,20805,1958-07-02,2,0.048
제4대,보대리,미상/직책자,정부/기타 직책자,국방부차관,10,1878,1959-11-24,2,0.0
제4대,이신득,미상/직책자,정부/기타 직책자,체신부우정국장,21,8096,1958-07-19,2,0.124
제4대,김익기,자유당,의원,위원,2,424,1958-08-27,2,4.717
제4대,최영희,미상/직책자,정부/기타 직책자,교육총본부총장,5,1651,1959-11-09,2,0.0
제4대,손재형,무소속,의원,위원장,170,37345,1958-07-02,2,0.0
제4대,이영선,미상/직책자,정부/기타 직책자,증인,12,912,1959-06-11,2,0.0
제4대,박동균,미상/직책자,정부/기타 직책자,육군본부병무국장,29,5569,1958-11-02,2,0.0
제4대,김인순,미상/직책자,정부/기타 직책자,보건사회부부녀국장,1,3709,1959-11-12,2,0.0
제4대,박용익,자유당,의원,위원장,242,19650,1958-06-18,2,0.102
제4대,최하영,미상/직책자,정부/기타 직책자,심계원장,13,15553,1958-07-29,2,0.064
제4대,이것은,미상/직책자,정부/기타 직책자,해병대사령부군수국장,7,516,1958-10-19,1,0.0
제4대,강지형,미상/직책자,정부/기타 직책자,증인,10,463,1959-06-11,1,0.0
제4대,박인순,미상/직책자,정부/기타 직책자,보건사회부부녀국장,1,1540,1958-08-04,1,0.0
제4대,김동수,미상/직책자,정부/기타 직책자,증인,61,2160,1958-07-11,1,0.463
제4대,윤유선,미상/직책자,정부/기타 직책자,보건사회부의정국장,4,2150,1958-12-13,1,0.0
제4대,이성호,미상/직책자,정부/기타 직책자,해군본부후방참모부장,95,4456,1958-07-05,1,0.0
제4대,고재필,미상/직책자,정부/기타 직책자,법제조사국장,10,2929,1958-07-25,1,0.341
제4대,이것을,미상/직책자,정부/기타 직책자,수로국장,2,265,1958-10-27,1,0.0
제4대,우만형,미상/직책자,정부/기타 직책자,내무부차관,10,9242,1958-07-09,1,0.108
제4대,장덕창,미상/직책자,정부/기타 직책자,공군참모총장,11,8174,1958-11-05,1,0.0
제4대,안광호,미상/직책자,정부/기타 직책자,국방부관리국장,10,3856,1958-07-02,1,0.259
제4대,서한두,자유당,의원,위원,6,11568,1958-11-13,1,0.0
제4대,최병용,미상/직책자,정부/기타 직책자,증인,6,1179,1959-07-08,1,0.0
제4대,김형돈,자유당,의원,위원,60,17702,1958-07-18,1,0.0
제4대,정운갑,자유당,의원,위원,14,43312,1958-07-26,1,0.023
제4대,유재흥,미상/직책자,정부/기타 직책자,연합참모본부총장,7,4864,1958-11-19,1,0.206
제4대,안춘생,미상/직책자,정부/기타 직책자,육군본부인사참모부장,17,2196,1958-11-03,1,0.0
제4대,된장,미상/직책자,정부/기타 직책자,육군본부군수국장,1,493,1958-11-13,1,0.0
제4대,이종판,미상/직책자,정부/기타 직책자,증인,20,3895,1959-07-08,1,0.0
제4대,손영수,자유당,의원,위원,70,22311,1958-08-08,1,0.045
제4대,정경모,미상/직책자,정부/기타 직책자,보건사회부약정국장,1,860,1959-11-12,1,1.163
제4대,박주복,미상/직책자,정부/기타 직책자,증인,9,1001,1960-03-24,1,0.0
제4대,최병환,미상/직책자,정부/기타 직책자,내무부지방국장,19,22198,1959-10-20,1,0.0
제4대,김성곤,자유당,의원,위원,12,16520,1958-08-11,1,0.0
제4대,김형섭,자유당,의원,위원,3,2926,1958-08-21,1,0.0
제4대,김성근,미상/직책자,정부/기타 직책자,증인,23,5026,1960-04-18,1,0.199
제4대,이문세,미상/직책자,정부/기타 직책자,전문위원,2,2104,1958-11-20,1,0.0
제4대,정낙훈,자유당,의원,위원,15,22495,1958-06-30,1,0.0
제4대,김용택,미상/직책자,정부/기타 직책자,육군본부군수참모부차장,1,150,1959-10-01,1,0.0
제4대,홍길선,민주당,의원,위원,17,1095,1958-11-20,1,0.0
제4대,최석,미상/직책자,정부/기타 직책자,육군본부관리참모부장,1,307,1959-11-02,1,3.257
제4대,강정규,미상/직책자,정부/기타 직책자,증인,28,2560,1958-07-26,1,0.0
제4대,박충훈,미상/직책자,정부/기타 직책자,육군본부경리국장,36,2544,1958-11-02,1,0.393
제4대,이호상,미상/직책자,정부/기타 직책자,농업은행부총재,59,13106,1958-11-28,1,0.076
제4대,이병학,미상/직책자,정부/기타 직책자,보건사회부방역국장,1,3097,1959-11-12,1,0.323
제4대,이재기,미상/직책자,정부/기타 직책자,증인,33,1458,1958-11-17,1,0.0
제4대,이익흥,자유당,의원,위원,27,10717,1958-10-08,1,0.093
제4대,부산병기,미상/직책자,정부/기타 직책자,기지사령부생산처장,5,340,1958-07-05,1,0.0
제4대,김경술,미상/직책자,정부/기타 직책자,증인,56,12395,1960-03-24,1,0.0
제4대,정문흠,자유당,의원,의원,21,5613,1958-06-07,1,0.178
제4대,김삭,민주당,의원,위원,15,8405,1958-11-25,1,0.0
제4대,박영빈,미상/직책자,정부/기타 직책자,전문위원,1,26,1959-12-16,1,38.462
제4대,이기붕,자유당,의원,의장,60,15274,1958-06-07,1,0.0
제4대,오길영,미상/직책자,정부/기타 직책자,교통부경리국장,17,1654,1958-11-14,1,0.605
제4대,정존수,자유당,의원,위원장,59,11334,1958-08-21,1,0.088
제4대,김진원,자유당,의원,위원,5,2849,1958-07-07,1,0.351
제4대,이원,미상/직책자,정부/기타 직책자,증인,3,754,1959-07-08,1,0.0
제4대,황성수,자유당,의원,위원,81,26662,1959-10-16,1,0.038
제4대,김신서,미상/직책자,정부/기타 직책자,재무부세관국장,15,6721,1958-12-22,1,0.0
제4대,신용권,미상/직책자,정부/기타 직책자,증인,5,596,1959-07-08,1,0.0
제4대,이상훈,미상/직책자,정부/기타 직책자,교통부육운국장,19,2928,1959-11-04,1,0.342
제4대,한성수,미상/직책자,정부/기타 직책자,법원행정처장,8,9099,1958-07-25,1,0.0
제4대,이선교,미상/직책자,정부/기타 직책자,전문위원,6,2803,1958-07-19,1,0.357
제4대,홍익표,민주당,의원,위원,16,14594,1958-07-29,1,0.069
제4대,신도환,무소속,의원,위원,13,3206,1958-11-25,1,0.0
제4대,홍승업,자유당,의원,위원,30,15577,1958-08-06,1,0.064
제4대,변재갑,미상/직책자,정부/기타 직책자,해병대관리국장,2,892,1959-11-30,1,1.121
제4대,김인호,자유당,의원,위원,7,10974,1958-11-19,1,0.0
제4대,황응수,미상/직책자,정부/기타 직책자,증인,17,7819,1960-03-24,1,0.128
제4대,김공평,자유당,의원,위원,54,12345,1958-07-16,1,0.0
제4대,조호갑,미상/직책자,정부/기타 직책자,증인,27,1126,1959-06-11,1,0.0
제4대,정세환,무소속,의원,위원,19,4777,1958-07-18,1,0.0
제4대,이협우,자유당,의원,위원,1,307,1958-07-16,0,0.0
제4대,교재창이,미상/직책자,정부/기타 직책자,수로국장,1,109,1958-10-27,0,0.0
제4대,훈련소의,미상/직책자,정부/기타 직책자,경상남도지구병사구사령관,1,46,1958-10-21,0,0.0
제4대,수령을,미상/직책자,정부/기타 직책자,충청남도지구병사구사령관,1,48,1958-10-25,0,0.0
제4대,김우창,미상/직책자,정부/기타 직책자,증인,1,25,1959-06-23,0,0.0
제4대,장병균,미상/직책자,정부/기타 직책자,증인,28,2551,1960-04-18,0,0.0
제4대,사람이,미상/직책자,정부/기타 직책자,병기기지사령부부사령관,1,101,1958-10-19,0,0.0
제4대,함성용,미상/직책자,정부/기타 직책자,외자청관리국장,14,1612,1959-07-08,0,0.0
제4대,전형산,자유당,의원,위원,15,11358,1958-11-03,0,0.0
제4대,이명선,미상/직책자,정부/기타 직책자,증인,13,2104,1960-03-24,0,0.0
제4대,서득용,미상/직책자,정부/기타 직책자,증인,12,420,1960-03-24,0,0.0
제4대,이번에,미상/직책자,정부/기타 직책자,육군본부총무국장,1,202,1958-11-02,0,0.0
제4대,이수용,미상/직책자,정부/기타 직책자,전문위원,44,1151,1958-07-04,0,0.0
제4대,김정렴,미상/직책자,정부/기타 직책자,재무부이재국장,9,3885,1959-05-30,0,0.0
제4대,전부,미상/직책자,정부/기타 직책자,경상남도지구병사구사령관,2,107,1958-10-21,0,0.0
제4대,강태승,미상/직책자,정부/기타 직책자,해군대학총장,1,63,1959-11-04,0,0.0
제4대,최구철,미상/직책자,정부/기타 직책자,교통부총무국장,2,215,1958-07-19,0,0.0
제4대,그것을,미상/직책자,정부/기타 직책자,인천경비부사령관,2,310,1958-10-27,0,0.0
제4대,여덕만,미상/직책자,정부/기타 직책자,증인,19,502,1960-04-18,0,0.0
제4대,고철로,미상/직책자,정부/기타 직책자,병기기지사령부부사령관,1,39,1958-10-19,0,0.0
제4대,최진복,미상/직책자,정부/기타 직책자,군의학교군종실장,4,566,1958-10-21,0,0.0
제4대,허판수,미상/직책자,정부/기타 직책자,증인,16,3525,1960-04-18,0,0.0
제4대,신정강,미상/직책자,정부/기타 직책자,증인,21,642,1960-03-24,0,0.0
제4대,장경수,미상/직책자,정부/기타 직책자,해군본부수로국장,1,52,1959-11-04,0,0.0
제4대,육해공군,미상/직책자,정부/기타 직책자,국방부총무국장대리,1,86,1959-11-17,0,0.0
제4대,일관된,미상/직책자,정부/기타 직책자,국방부경리국장,1,24,1959-11-17,0,0.0
제4대,상신한,미상/직책자,정부/기타 직책자,경상남도지구병사구사령관,1,86,1958-10-21,0,0.0
제4대,이우용,미상/직책자,정부/기타 직책자,해군본부경리국장,12,1830,1958-11-06,0,0.0
제4대,젯트기를,미상/직책자,정부/기타 직책자,공군사관학교정보국장,1,44,1958-10-20,0,0.0
제4대,박임항,미상/직책자,정부/기타 직책자,국방연구원장,6,6634,1958-11-19,0,0.0
제4대,김신단,미상/직책자,정부/기타 직책자,재무부관재국장,1,806,1959-11-13,0,0.0
제4대,김석근,미상/직책자,정부/기타 직책자,해군본부경리부국장,2,338,1958-11-06,0,0.0
제4대,사령관의,미상/직책자,정부/기타 직책자,해병대사령부인사국장,1,36,1959-11-05,0,0.0
제4대,안여하,미상/직책자,정부/기타 직책자,증인,7,241,1960-03-24,0,0.0
제4대,알고는,미상/직책자,정부/기타 직책자,육군본부인사국장,1,47,1958-11-13,0,0.0
제4대,국방부와,미상/직책자,정부/기타 직책자,경상북도병사구사령관,1,31,1958-10-27,0,0.0
제4대,발행하지,미상/직책자,정부/기타 직책자,수로국장,1,24,1958-10-27,0,0.0
제4대,김남학,미상/직책자,정부/기타 직책자,증인,1,35,1958-07-22,0,0.0
제4대,말씀하신,미상/직책자,정부/기타 직책자,의무기지사령관,2,647,1959-10-23,0,0.0
제4대,정년이,미상/직책자,정부/기타 직책자,해군본부인사국장,1,105,1958-11-06,0,0.0
제4대,나상한,미상/직책자,정부/기타 직책자,위원,1,40,1958-08-05,0,0.0
제4대,없었지요,미상/직책자,정부/기타 직책자,경기병사구사령관,1,8,1959-10-01,0,0.0
제4대,최남규,미상/직책자,정부/기타 직책자,경상남도경찰국장,14,13237,1960-03-24,0,0.0
제4대,총액이,미상/직책자,정부/기타 직책자,해병진해기지사령관,1,26,1959-11-04,0,0.0
제4대,북한에서,미상/직책자,정부/기타 직책자,공군작전참모부장,1,178,1958-11-05,0,0.0
제4대,최선을,미상/직책자,정부/기타 직책자,해군함대사령관,1,28,1959-11-04,0,0.0
제4대,박윤식,미상/직책자,정부/기타 직책자,증인,14,1542,1960-03-24,0,0.0
제4대,조정훈,민주당,의원,위원,4,2918,1958-08-21,0,0.0
제4대,김형일,미상/직책자,정부/기타 직책자,연합참모본부장,1,1147,1958-11-19,0,0.0
제4대,김치은,미상/직책자,정부/기타 직책자,증인,18,585,1960-03-24,0,0.0
제4대,백운붕,미상/직책자,정부/기타 직책자,증인,27,1113,1958-07-11,0,0.0
제4대,여기는,미상/직책자,정부/기타 직책자,육군본부작전교육국장,1,93,1958-11-13,0,0.0
제4대,김봉진,미상/직책자,정부/기타 직책자,증인,25,3118,1960-04-18,0,0.0
제4대,정경도,미상/직책자,정부/기타 직책자,증인,6,970,1960-03-24,0,0.0
제4대,거기서,미상/직책자,정부/기타 직책자,육군본부보도실장,1,14,1958-11-13,0,0.0
제4대,김응순,미상/직책자,정부/기타 직책자,해무청해운국장,3,860,1959-11-29,0,0.0
제4대,오바,미상/직책자,정부/기타 직책자,진해해군통제부사령관,1,225,1958-10-19,0,0.0
제4대,연참에서,미상/직책자,정부/기타 직책자,공군작전참모부장,1,13,1958-11-05,0,0.0
제4대,김봉준,미상/직책자,정부/기타 직책자,증인,21,3187,1960-01-19,0,0.0
제4대,봉급에,미상/직책자,정부/기타 직책자,헌병사령부경리실장,1,60,1959-10-20,0,0.0
제4대,석주암,미상/직책자,정부/기타 직책자,증인,33,4385,1958-11-17,0,0.0
제4대,김진형,미상/직책자,정부/기타 직책자,한국은행총재,2,2026,1958-07-24,0,0.0
제4대,부산에,미상/직책자,정부/기타 직책자,부산경비사령관,1,18,1959-11-04,0,0.0
제4대,금년에,미상/직책자,정부/기타 직책자,경상남도지구병사구사령관,2,94,1958-10-21,0,0.0
제4대,명칭은,미상/직책자,정부/기타 직책자,육군본부인사국장,1,59,1958-11-13,0,0.0
제4대,권소협이,미상/직책자,정부/기타 직책자,증인,2,72,1960-04-19,0,0.0
제4대,육대이상,미상/직책자,정부/기타 직책자,국방부총무국장대리,1,8,1959-11-17,0,0.0
제4대,수로여비,미상/직책자,정부/기타 직책자,수로국장,1,18,1958-10-27,0,0.0
제4대,작전에,미상/직책자,정부/기타 직책자,공군작전참모부장,1,32,1958-11-05,0,0.0
제4대,법적,미상/직책자,정부/기타 직책자,충청남도지구병사구사령관,1,15,1958-10-25,0,0.0
제4대,확실한,미상/직책자,정부/기타 직책자,국방부총무국장대리,1,19,1959-11-17,0,0.0
제4대,노태선,미상/직책자,정부/기타 직책자,증인,13,697,1958-07-22,0,0.0
제4대,이덕영,미상/직책자,정부/기타 직책자,공군기술교육단인사처장,2,252,1958-10-24,0,0.0
제4대,이상룡,미상/직책자,정부/기타 직책자,위원,3,1141,1958-07-07,0,0.0
제4대,이은철,미상/직책자,정부/기타 직책자,증인,21,981,1958-07-22,0,0.0
제4대,감시는,미상/직책자,정부/기타 직책자,해군본부관리참모부장,1,169,1958-11-06,0,0.0
제4대,이항령,미상/직책자,정부/기타 직책자,전문위원,1,182,1958-07-19,0,0.0
제4대,공군의,미상/직책자,정부/기타 직책자,공군본부정보차장,1,384,1958-11-05,0,0.0
제4대,정상희,자유당,의원,위원,1,30,1958-12-24,0,0.0
제4대,현재,미상/직책자,정부/기타 직책자,해병대사령부군수국장,3,251,1958-10-21,0,0.0
제4대,이재곤,미상/직책자,정부/기타 직책자,체신부전무국장,2,414,1958-07-22,0,0.0
제4대,근근히,미상/직책자,정부/기타 직책자,경상남도지구병사구사령관,1,11,1958-10-21,0,0.0
제4대,김화수,미상/직책자,정부/기타 직책자,증인,35,2551,1960-04-18,0,0.0
제4대,김영관,미상/직책자,정부/기타 직책자,해군본부인사국장,4,412,1959-11-04,0,0.0
제4대,솔직히,미상/직책자,정부/기타 직책자,육군본부군수국장,2,117,1958-11-13,0,0.0
제4대,구봉회,미상/직책자,정부/기타 직책자,증인,4,2135,1960-04-17,0,0.0
제4대,박삼철,미상/직책자,정부/기타 직책자,증인,1,214,1959-07-08,0,0.0
제4대,재정법에,미상/직책자,정부/기타 직책자,해군본부함정국장,1,31,1959-11-04,0,0.0
제4대,김동석,자유당,의원,의원,2,627,1959-02-05,0,0.0
제4대,사금만을,미상/직책자,정부/기타 직책자,충청남도지구병사구사령관,1,38,1958-10-25,0,0.0
제4대,강명현,미상/직책자,정부/기타 직책자,육군특무부대특무처장,8,951,1958-10-27,0,0.0
제4대,김영찬,미상/직책자,정부/기타 직책자,한국산업은행총재,5,1863,1958-11-20,0,0.0
제4대,권종림,미상/직책자,정부/기타 직책자,증인,11,1929,1960-03-24,0,0.0
제4대,박병권,미상/직책자,정부/기타 직책자,육군본부관리부장,2,320,1958-07-19,0,0.0
제4대,김충남,미상/직책자,정부/기타 직책자,해군참모차장,1,280,1959-11-04,0,0.0
제4대,박숙희,미상/직책자,정부/기타 직책자,농업은행총재,10,3805,1959-11-10,0,0.0
제4대,김희덕,미상/직책자,정부/기타 직책자,증인,35,3988,1960-03-24,0,0.0
제4대,작년에,미상/직책자,정부/기타 직책자,해군함대사령관,1,132,1959-11-04,0,0.0
제4대,박기희,미상/직책자,정부/기타 직책자,농업은행총재,1,189,1958-06-20,0,0.0
제4대,수송비가,미상/직책자,정부/기타 직책자,부산경비사령관,1,66,1959-11-04,0,0.0
제4대,박세현,미상/직책자,정부/기타 직책자,증인,9,2666,1960-03-24,0,0.0
제4대,김완길,미상/직책자,정부/기타 직책자,증인,5,4427,1960-04-18,0,0.0
제4대,이정희,자유당,의원,위원,6,2347,1958-11-13,0,0.0
제4대,김무신,미상/직책자,정부/기타 직책자,증인,8,1643,1960-04-18,0,0.0
제4대,강성태,자유당,의원,위원,10,8634,1958-11-14,0,0.0
제4대,인쇄비,미상/직책자,정부/기타 직책자,병기기지사령부부사령관,1,144,1958-10-19,0,0.0
제4대,최윤기,미상/직책자,정부/기타 직책자,외자청구매국장,7,746,1959-11-13,0,0.0
제4대,주영택,미상/직책자,정부/기타 직책자,증인,4,356,1960-04-19,0,0.0
제4대,김규진,미상/직책자,정부/기타 직책자,증인,3,515,1959-07-08,0,0.0
제4대,곤란한,미상/직책자,정부/기타 직책자,인천경비부사령관,1,41,1958-10-27,0,0.0
제4대,주로,미상/직책자,정부/기타 직책자,해병대사령부군수국장,2,184,1958-11-11,0,0.0
제4대,연간,미상/직책자,정부/기타 직책자,공군본부관리차장,1,160,1959-11-06,0,0.0
제4대,김성용,미상/직책자,정부/기타 직책자,증인,3,6202,1960-04-18,0,0.0
제4대,신응균,미상/직책자,정부/기타 직책자,육군본부행정참모부장,1,1713,1958-11-13,0,0.0
제4대,민영학,미상/직책자,정부/기타 직책자,증인,13,3902,1960-04-18,0,0.0
제4대,통례가,미상/직책자,정부/기타 직책자,충청남도지구병사구사령관,1,113,1958-10-25,0,0.0
제4대,배경주,미상/직책자,정부/기타 직책자,증인,35,1078,1958-07-11,0,0.0
제4대,이종시,미상/직책자,정부/기타 직책자,증인,10,489,1959-07-08,0,0.0
제4대,책정된,미상/직책자,정부/기타 직책자,병기기지사령부부사령관,1,54,1958-10-19,0,0.0
제4대,현시학,미상/직책자,정부/기타 직책자,해군본부작전참모부장,2,414,1959-11-04,0,0.0
제4대,유경인,미상/직책자,정부/기타 직책자,공군본부인사차장,24,1440,1959-11-06,0,0.0
제4대,박병호,미상/직책자,정부/기타 직책자,위원,1,10,1959-11-28,0,0.0
제4대,월별로,미상/직책자,정부/기타 직책자,육군특무부대경리실장,1,6,1959-10-24,0,0.0
제4대,심재현,미상/직책자,정부/기타 직책자,위원,1,419,1958-08-21,0,0.0
제4대,전만중,자유당,의원,위원,1,438,1959-10-26,0,0.0
제4대,해병대사,미상/직책자,정부/기타 직책자,령부작전교육국차장,2,87,1958-11-11,0,0.0
제4대,배영호,미상/직책자,정부/기타 직책자,법원행정처장,7,6075,1959-11-19,0,0.0
제4대,김원중,자유당,의원,위원,4,4087,1958-08-19,0,0.0
제4대,다른,미상/직책자,정부/기타 직책자,해군본부인사국장,2,42,1958-11-06,0,0.0
제4대,아닙니다,미상/직책자,정부/기타 직책자,해병대사령부인사국장,1,53,1959-11-05,0,0.0
제4대,그것이,미상/직책자,정부/기타 직책자,병기기지사령부부사령관,2,352,1958-10-19,0,0.0
제4대,이것이,미상/직책자,정부/기타 직책자,해병대사령부군수국장,2,220,1958-11-05,0,0.0
제4대,서일교,미상/직책자,정부/기타 직책자,전문위원,20,1590,1959-12-03,0,0.0
제4대,해군본부,미상/직책자,정부/기타 직책자,진해해군통제부사령관,1,226,1958-10-19,0,0.0
제4대,이중춘,미상/직책자,정부/기타 직책자,농림부양정국장,1,555,1958-07-18,0,0.0
제4대,작년도,미상/직책자,정부/기타 직책자,육군특무부대경리실장,1,105,1959-10-24,0,0.0
제4대,엄요섭,미상/직책자,정부/기타 직책자,증인,15,8806,1960-01-19,0,0.0
제4대,권중섭,미상/직책자,정부/기타 직책자,위원,1,29,1958-07-18,0,0.0
제4대,적어도,미상/직책자,정부/기타 직책자,해군본부인사국장,1,81,1958-11-06,0,0.0
제4대,이병선,미상/직책자,정부/기타 직책자,해군본부경리국장,1,115,1959-11-04,0,0.0
제4대,이만호,미상/직책자,정부/기타 직책자,증인,47,3363,1960-03-24,0,0.0
제4대,김일병,미상/직책자,정부/기타 직책자,해군참모차장,1,438,1958-07-19,0,0.0
제4대,조신환,미상/직책자,정부/기타 직책자,증인,32,3580,1958-07-26,0,0.0
제4대,아직까지,미상/직책자,정부/기타 직책자,부산경비사령관,1,15,1959-11-04,0,0.0
제4대,특별한,미상/직책자,정부/기타 직책자,수로국장,1,50,1958-10-27,0,0.0
제4대,내년에,미상/직책자,정부/기타 직책자,공군본부경리국장,1,12,1959-11-06,0,0.0
제4대,제가,미상/직책자,정부/기타 직책자,병기기지사령부부사령관,5,580,1958-10-19,0,0.0
제4대,김계원,미상/직책자,정부/기타 직책자,육군본부정보참모부장,1,42,1959-10-24,0,0.0
제4대,전과,미상/직책자,정부/기타 직책자,경기병사구사령관,1,31,1959-10-01,0,0.0
제4대,재래의,미상/직책자,정부/기타 직책자,경기병사구사령관,1,38,1959-10-01,0,0.0
제4대,그런,미상/직책자,정부/기타 직책자,육군본부조달차장,6,368,1958-10-21,0,0.0
제4대,황인표,미상/직책자,정부/기타 직책자,경상북도병사구사령관,3,395,1958-10-20,0,0.0
제4대,박충식,자유당,의원,위원,2,122,1958-10-22,0,0.0
제4대,조인구,미상/직책자,정부/기타 직책자,내무부치안국장,29,5133,1960-04-13,0,0.0
제4대,강명옥,미상/직책자,정부/기타 직책자,법무부법제실장,11,4658,1958-07-25,0,0.0
제4대,사무용품,미상/직책자,정부/기타 직책자,인천경비부사령관,1,23,1958-10-27,0,0.0
제4대,박용록,미상/직책자,정부/기타 직책자,증인,17,2580,1960-03-24,0,0.0
제4대,허형구,미상/직책자,정부/기타 직책자,증인,26,4548,1960-04-18,0,0.0
제4대,임우영,자유당,의원,위원,5,4375,1958-06-21,0,0.0
제4대,윤택선,미상/직책자,정부/기타 직책자,전문위원,8,4847,1958-11-13,0,0.0
제4대,그중에서,미상/직책자,정부/기타 직책자,육군본부군수국장,1,445,1958-11-13,0,0.0
제4대,저희들이,미상/직책자,정부/기타 직책자,육군본부군수국장,5,611,1958-10-27,0,0.0
제4대,가격은,미상/직책자,정부/기타 직책자,육군본부군수국장,1,23,1958-11-13,0,0.0
제4대,박명길,미상/직책자,정부/기타 직책자,위원,1,26,1958-07-19,0,0.0
제4대,이동진,미상/직책자,정부/기타 직책자,위원,1,745,1959-11-04,0,0.0
제4대,여기에,미상/직책자,정부/기타 직책자,육군본부총무국장,3,361,1958-11-02,0,0.0
제4대,이용철,미상/직책자,정부/기타 직책자,재무부세관국장,7,1325,1959-11-19,0,0.0
제4대,대략,미상/직책자,정부/기타 직책자,공군작전참모부장,1,31,1958-11-05,0,0.0
제4대,이두황,미상/직책자,정부/기타 직책자,전남지구병사구사령관,93,9010,1959-10-01,0,0.0
제4대,김찬현,미상/직책자,정부/기타 직책자,위원,1,938,1958-07-20,0,0.0
제4대,직접,미상/직책자,정부/기타 직책자,육군병기기지사령관,1,42,1959-10-01,0,0.0
제4대,사실이,미상/직책자,정부/기타 직책자,육군본부군수국장,1,92,1958-11-13,0,0.0
제4대,공군에서,미상/직책자,정부/기타 직책자,공군작전참모부장,1,98,1958-11-05,0,0.0
제4대,항만과는,미상/직책자,정부/기타 직책자,병기기지사령부부사령관,1,107,1958-10-19,0,0.0
제4대,송재규,미상/직책자,정부/기타 직책자,농업은행특수업무부차장,1,28,1959-07-08,0,0.0
제4대,김효창,미상/직책자,정부/기타 직책자,증인,28,6759,1960-01-19,0,0.0
제4대,저희가,미상/직책자,정부/기타 직책자,해군본부관리참모부장,2,399,1958-11-06,0,0.0
제4대,이환녕,미상/직책자,정부/기타 직책자,전문위원,2,831,1959-06-09,0,0.0
제4대,정상숙,미상/직책자,정부/기타 직책자,증인,15,713,1960-03-24,0,0.0
제4대,작년에도,미상/직책자,정부/기타 직책자,육군본부인사국장,1,67,1958-11-13,0,0.0
제4대,이양수,미상/직책자,정부/기타 직책자,증인,16,3578,1960-03-24,0,0.0
제4대,거기에,미상/직책자,정부/기타 직책자,해병대사령부인사국장,3,1241,1958-11-13,0,0.0
제4대,수의계약,미상/직책자,정부/기타 직책자,육군본부조달차장,1,182,1958-10-28,0,0.0
제4대,이근상,미상/직책자,정부/기타 직책자,공보실공보국장,6,1294,1959-07-13,0,0.0
제4대,심진택,미상/직책자,정부/기타 직책자,증인,39,1675,1958-07-11,0,0.0
제4대,정정해서,미상/직책자,정부/기타 직책자,부산경비사령관,1,10,1959-11-04,0,0.0
제4대,균등히,미상/직책자,정부/기타 직책자,육군본부총무국장,1,159,1958-11-02,0,0.0
제4대,최경록,미상/직책자,정부/기타 직책자,국방연구원장,1,250,1959-11-24,0,0.0
제4대,강두기,미상/직책자,정부/기타 직책자,해무청시설국장,4,1428,1958-07-23,0,0.0
제4대,도망자에,미상/직책자,정부/기타 직책자,해병대사령부인사국장,1,28,1959-11-05,0,0.0
제4대,이진갑,미상/직책자,정부/기타 직책자,경북병사구사령관,1,313,1959-10-01,0,0.0
제4대,자세한,미상/직책자,정부/기타 직책자,진해해군통제사령관,1,98,1959-11-04,0,0.0
제4대,김희찬,미상/직책자,정부/기타 직책자,국방위원회간사,5,320,1958-07-10,0,0.0
제4대,차형기,미상/직책자,정부/기타 직책자,증인,33,1555,1958-11-17,0,0.0
제4대,나빠질,미상/직책자,정부/기타 직책자,경상북도병사구사령관,1,19,1958-10-27,0,0.0
제4대,금년도에,미상/직책자,정부/기타 직책자,해병대사령부인사국장,1,83,1959-11-05,0,0.0
제4대,정순조,미상/직책자,정부/기타 직책자,증인,11,631,1960-04-18,0,0.0
제4대,적이,미상/직책자,정부/기타 직책자,육군본부정보국장,1,1145,1958-11-13,0,0.0
제4대,박종권,미상/직책자,정부/기타 직책자,재무부차관,1,1035,1959-11-19,0,0.0
제4대,김영륜,미상/직책자,정부/기타 직책자,전문위원,1,1861,1958-12-15,0,0.0
제4대,현재까지,미상/직책자,정부/기타 직책자,육군특무부대내정처장,1,108,1959-10-24,0,0.0
제4대,많이,미상/직책자,정부/기타 직책자,경기병사구사령관,1,5,1959-10-01,0,0.0
제4대,조용순,미상/직책자,정부/기타 직책자,대법원장,1,1475,1958-06-17,0,0.0
제4대,윤대은,미상/직책자,정부/기타 직책자,체신부전무국장,10,1742,1958-11-13,0,0.0
제4대,윤영구,미상/직책자,정부/기타 직책자,전문위원,6,153,1959-07-09,0,0.0
제4대,연락해서,미상/직책자,정부/기타 직책자,증인,1,5,1958-07-25,0,0.0
제4대,김봉두,미상/직책자,정부/기타 직책자,증인,10,526,1960-03-24,0,0.0
제4대,정현팔,미상/직책자,정부/기타 직책자,증인,12,1902,1960-03-24,0,0.0
제4대,박희동,미상/직책자,정부/기타 직책자,국장,1,44,1959-11-06,0,0.0
제4대,이종우,미상/직책자,정부/기타 직책자,연합참모본부장,19,1045,1959-11-24,0,0.0
제4대,현재로서,미상/직책자,정부/기타 직책자,해군함대사령관,1,81,1959-11-04,0,0.0
제4대,재료비는,미상/직책자,정부/기타 직책자,육군병기기지사령관,1,9,1959-10-01,0,0.0
제4대,부채는,미상/직책자,정부/기타 직책자,육군특무부대경리실장,1,6,1959-10-24,0,0.0
제4대,홍성준,미상/직책자,정부/기타 직책자,서울지구병사구사령관,16,1166,1958-10-27,0,0.0
제4대,이존일,미상/직책자,정부/기타 직책자,증인,8,2349,1958-11-17,0,0.0
제4대,강봉수,미상/직책자,정부/기타 직책자,보건사회부원호국장,1,1751,1959-11-12,0,0.0
제4대,종전에,미상/직책자,정부/기타 직책자,충청남도지구병사구사령관,1,40,1958-10-25,0,0.0
제4대,박주희,미상/직책자,정부/기타 직책자,농업은행총재,2,1763,1958-11-20,0,0.0
제4대,육군에서,미상/직책자,정부/기타 직책자,경상북도병사구사령관,1,69,1958-10-27,0,0.0
제4대,나머지는,미상/직책자,정부/기타 직책자,부산경비사령관,1,16,1959-11-04,0,0.0
제4대,본부에서,미상/직책자,정부/기타 직책자,공군본부경리국장,1,51,1959-11-06,0,0.0
제4대,김형대,미상/직책자,정부/기타 직책자,증인,32,3608,1960-03-24,0,0.0
제4대,지당한,미상/직책자,정부/기타 직책자,국방부경리국장,1,174,1959-11-17,0,0.0
제4대,조경규,자유당,의원,위원,7,6499,1958-11-28,0,0.0
제4대,없습니다,미상/직책자,정부/기타 직책자,수로국장,5,68,1958-10-27,0,0.0
제4대,최진국,미상/직책자,정부/기타 직책자,증인,21,2426,1959-07-08,0,0.0
제4대,그것은,미상/직책자,정부/기타 직책자,국방부경리국장,15,1143,1958-10-19,0,0.0
제4대,대위,미상/직책자,정부/기타 직책자,부산경비사령부장,17,560,1959-11-04,0,0.0
제4대,김이호,미상/직책자,정부/기타 직책자,공군기술교육단군수처장,1,22,1958-10-24,0,0.0
제4대,이두형,미상/직책자,정부/기타 직책자,위원,3,1440,1958-12-09,0,0.0
제4대,영달,미상/직책자,정부/기타 직책자,경기병사구사령관,1,13,1959-10-01,0,0.0
제4대,결국은,미상/직책자,정부/기타 직책자,국방부경리국장,1,128,1959-11-17,0,0.0
제4대,김성립,미상/직책자,정부/기타 직책자,증인,14,2084,1960-03-24,0,0.0
제4대,정동기,미상/직책자,정부/기타 직책자,국방장관,1,91,1958-07-05,0,0.0
제4대,훈련소에,미상/직책자,정부/기타 직책자,경상남도지구병사구사령관,1,42,1958-10-21,0,0.0
제4대,전창희,미상/직책자,정부/기타 직책자,증인,43,7265,1960-03-24,0,0.0
제4대,여기에는,미상/직책자,정부/기타 직책자,육군본부작전교육국장,1,52,1958-11-13,0,0.0
제4대,박도언,미상/직책자,정부/기타 직책자,농림부차관,2,1472,1959-12-26,0,0.0
제4대,김순희,미상/직책자,정부/기타 직책자,증인,14,1632,1960-03-24,0,0.0
제4대,김술남,미상/직책자,정부/기타 직책자,증인,11,1378,1960-03-24,0,0.0
제4대,현찰이,미상/직책자,정부/기타 직책자,경상남도지구병사구사령관,1,31,1958-10-21,0,0.0
제4대,관재비,미상/직책자,정부/기타 직책자,인천경비부사령관,1,39,1958-10-27,0,0.0
제4대,변시민,미상/직책자,정부/기타 직책자,문교부문화국장,3,1120,1958-11-11,0,0.0
제4대,지금까지,미상/직책자,정부/기타 직책자,국방부경리국장,2,294,1959-11-04,0,0.0
제4대,군원,미상/직책자,정부/기타 직책자,국방부경리국장,1,118,1959-11-17,0,0.0
제4대,육본에서,미상/직책자,정부/기타 직책자,경상북도병사구사령관,1,35,1958-10-27,0,0.0
제4대,정대숙,미상/직책자,정부/기타 직책자,전문위원,2,436,1959-12-05,0,0.0
제4대,함정은,미상/직책자,정부/기타 직책자,해군함대사령관,1,240,1959-11-04,0,0.0
제4대,그래서,미상/직책자,정부/기타 직책자,육군본부보도실장,3,296,1958-10-19,0,0.0
제4대,고철환,미상/직책자,정부/기타 직책자,증인,24,659,1960-03-24,0,0.0
제4대,김만,미상/직책자,정부/기타 직책자,증인,3,376,1960-04-19,0,0.0
제4대,천기홍,미상/직책자,정부/기타 직책자,증인,14,975,1960-03-24,0,0.0
제4대,이병용,미상/직책자,정부/기타 직책자,전문위원,1,37,1959-11-09,0,0.0
제4대,잘하고,미상/직책자,정부/기타 직책자,진해해군통제사령관,1,23,1959-11-04,0,0.0
제4대,이학만,미상/직책자,정부/기타 직책자,증인,21,858,1960-03-24,0,0.0
제4대,이필재,미상/직책자,정부/기타 직책자,증인,17,1979,1960-03-24,0,0.0
제4대,이진호,미상/직책자,정부/기타 직책자,의사국장,1,476,1958-08-22,0,0.0
제4대,현지,미상/직책자,정부/기타 직책자,해군함대사령관,1,63,1959-11-04,0,0.0
제4대,이영우,미상/직책자,정부/기타 직책자,해병대사령부작전교육국장,6,595,1958-11-11,0,0.0
제4대,대강,미상/직책자,정부/기타 직책자,경기병사구사령관,1,22,1959-10-01,0,0.0
제4대,국쾌남,자유당,의원,위원,7,1419,1958-12-22,0,0.0
제4대,권찬주,미상/직책자,정부/기타 직책자,증인,10,632,1960-03-24,0,0.0
제4대,시행령에,미상/직책자,정부/기타 직책자,육군본부인사국장,1,140,1958-11-13,0,0.0
제4대,사실은,미상/직책자,정부/기타 직책자,해군함대사령관,2,479,1958-11-13,0,0.0
제4대,박건원,미상/직책자,정부/기타 직책자,헌병사령부부사령관,4,785,1958-11-11,0,0.0
제4대,이규일,미상/직책자,정부/기타 직책자,공보실방송관리국장,4,728,1959-11-20,0,0.0
제4대,오히려,미상/직책자,정부/기타 직책자,진해해군통제부사령관,1,53,1958-10-19,0,0.0
제4대,봉급,미상/직책자,정부/기타 직책자,해군본부인사국장,2,101,1958-11-06,0,0.0
제4대,어떻게,미상/직책자,정부/기타 직책자,국방부총무국장대리,1,31,1959-11-17,0,0.0
제4대,이강내,미상/직책자,정부/기타 직책자,헌병부장,1,65,1958-10-24,0,0.0
제4대,최창섭,자유당,의원,위원,29,5309,1958-06-21,0,0.0
제4대,차가,미상/직책자,정부/기타 직책자,육군본부인사국장,1,214,1958-11-13,0,0.0
제4대,한계를,미상/직책자,정부/기타 직책자,국방부총무국장대리,1,34,1959-11-17,0,0.0
제4대,김정기,자유당,의원,위원,2,1194,1959-10-08,0,0.0
제4대,연구는,미상/직책자,정부/기타 직책자,국방부경리국장,1,154,1959-11-17,0,0.0
제4대,정완영,미상/직책자,정부/기타 직책자,전문위원,13,5280,1958-12-22,0,0.0
제4대,김병국,미상/직책자,정부/기타 직책자,증인,42,6824,1960-04-17,0,0.0
제4대,최재섭,미상/직책자,정부/기타 직책자,증인,40,1730,1960-04-18,0,0.0
제4대,외무부의,미상/직책자,정부/기타 직책자,국방부총무국장대리,1,84,1959-11-17,0,0.0
제4대,작년,미상/직책자,정부/기타 직책자,부산경비사령관,1,20,1959-11-04,0,0.0
제4대,최영빈,미상/직책자,정부/기타 직책자,증인,8,321,1958-11-17,0,0.0
제4대,김봉렬,미상/직책자,정부/기타 직책자,체신부경리국장,34,8769,1958-11-13,0,0.0
제4대,아마,미상/직책자,정부/기타 직책자,진해해군통제부사령관,1,22,1958-10-19,0,0.0
제4대,한국운수,미상/직책자,정부/기타 직책자,부산경비사령관,1,8,1959-11-04,0,0.0
제4대,제길윤,미상/직책자,정부/기타 직책자,증인,7,610,1960-04-18,0,0.0
제4대,해군하고,미상/직책자,정부/기타 직책자,의무기지사령관,1,15,1959-10-23,0,0.0
제4대,저희,미상/직책자,정부/기타 직책자,부산경비사령관,2,166,1958-10-25,0,0.0
제4대,그렇게,미상/직책자,정부/기타 직책자,국방부경리국장,2,265,1958-11-02,0,0.0
제4대,과거에는,미상/직책자,정부/기타 직책자,국방부경리국장,1,85,1959-11-17,0,0.0
제4대,성원경,미상/직책자,정부/기타 직책자,증인,13,297,1958-07-22,0,0.0
제4대,죽게,미상/직책자,정부/기타 직책자,부산경비사령관,1,4,1959-11-04,0,0.0
제4대,손석래,미상/직책자,정부/기타 직책자,증인,190,8882,1960-03-24,0,0.0
제4대,안광훈,미상/직책자,정부/기타 직책자,증인,24,1572,1958-07-22,0,0.0
제4대,강호륜,미상/직책자,정부/기타 직책자,공군본부작전국장,7,1072,1958-11-05,0,0.0
제4대,우선,미상/직책자,정부/기타 직책자,육군본부인사국장,1,281,1958-11-13,0,0.0
제4대,저희는,미상/직책자,정부/기타 직책자,병기기지사령부부사령관,2,301,1958-10-19,0,0.0
제4대,저도,미상/직책자,정부/기타 직책자,육군본부인사국장,4,773,1958-11-13,0,0.0
제4대,정홍섭,미상/직책자,정부/기타 직책자,사무총장대리,54,10063,1958-07-09,0,0.0
제4대,제대증을,미상/직책자,정부/기타 직책자,육군본부인사국장,1,176,1958-11-13,0,0.0
제4대,유태영,미상/직책자,정부/기타 직책자,전문위원,19,17583,1958-11-13,0,0.0
제4대,예결에서,미상/직책자,정부/기타 직책자,육군본부조달차장,1,53,1958-10-28,0,0.0
제4대,임봉순,미상/직책자,정부/기타 직책자,증인,30,1930,1959-06-23,0,0.0
제4대,전봉희,미상/직책자,정부/기타 직책자,공군본부정보국장,9,1256,1958-11-05,0,0.0
제4대,조래운,미상/직책자,정부/기타 직책자,증인,14,547,1958-07-11,0,0.0
제4대,김준기,미상/직책자,정부/기타 직책자,증인,10,736,1958-07-22,0,0.0
제4대,주희국,미상/직책자,정부/기타 직책자,증인,50,2928,1960-03-24,0,0.0
제4대,박계진,미상/직책자,정부/기타 직책자,증인,15,1695,1960-03-24,0,0.0
제4대,김창옥,미상/직책자,정부/기타 직책자,해병대군수국장,1,334,1959-11-30,0,0.0
제4대,김장훈,미상/직책자,정부/기타 직책자,함대부사령관,1,119,1958-10-19,0,0.0
제4대,최유영,미상/직책자,정부/기타 직책자,증인,4,2135,1960-04-18,0,0.0
제4대,업자가,미상/직책자,정부/기타 직책자,육군본부조달차장,1,137,1958-10-28,0,0.0
제4대,그다음에,미상/직책자,정부/기타 직책자,육군특무부대내정처장,1,480,1959-10-24,0,0.0
제4대,저희들,미상/직책자,정부/기타 직책자,인천경비부사령관,1,95,1958-10-27,0,0.0
제4대,곽근호,미상/직책자,정부/기타 직책자,증인,6,202,1958-07-22,0,0.0
제4대,군에서,미상/직책자,정부/기타 직책자,국방부총무국장대리,1,254,1959-11-17,0,0.0
제4대,이동환,미상/직책자,정부/기타 직책자,내무부차관,6,1225,1960-04-11,0,0.0
제4대,징병검사,미상/직책자,정부/기타 직책자,경기병사구사령관,1,16,1959-10-01,0,0.0
제4대,최원구,미상/직책자,정부/기타 직책자,증인,14,3131,1960-04-18,0,0.0
제4대,한상구,미상/직책자,정부/기타 직책자,외자청경리국장,2,742,1959-11-13,0,0.0
제4대,정금체,미상/직책자,정부/기타 직책자,증인,23,576,1958-07-22,0,0.0
제4대,임춘무,미상/직책자,정부/기타 직책자,내무부통계국장,2,1940,1958-07-16,0,0.0
제4대,감사한,미상/직책자,정부/기타 직책자,진해해군통제사령관,1,451,1959-11-04,0,0.0
제4대,신문은,미상/직책자,정부/기타 직책자,육군본부인사국장,1,101,1958-11-13,0,0.0
제4대,저희들은,미상/직책자,정부/기타 직책자,육군특무부대내정처장,2,278,1958-10-20,0,0.0
제4대,정의택,미상/직책자,정부/기타 직책자,문교부보통교육국장,17,4941,1958-07-18,0,0.0
제4대,대개,미상/직책자,정부/기타 직책자,수로국장,2,325,1958-10-27,0,0.0
제4대,조태준,미상/직책자,정부/기타 직책자,공군기술교육단경리처장,12,701,1958-10-24,0,0.0
제4대,연천의,미상/직책자,정부/기타 직책자,육군본부조달차장,1,63,1958-10-28,0,0.0
제4대,김영간,미상/직책자,정부/기타 직책자,법무부법무국장,1,907,1960-01-11,0,0.0
제4대,이태준,미상/직책자,정부/기타 직책자,전문위원,2,3467,1958-11-29,0,0.0
제4대,박원석,미상/직책자,정부/기타 직책자,공군본부군수국장,12,1845,1958-11-05,0,0.0
제4대,이동희,미상/직책자,정부/기타 직책자,교통부경리국장,61,9746,1958-11-14,0,0.0
제4대,전부터,미상/직책자,정부/기타 직책자,해병진해기지사령관,1,378,1959-11-04,0,0.0
제4대,부정을,미상/직책자,정부/기타 직책자,국방부경리국장,1,34,1959-11-17,0,0.0
제4대,중사,미상/직책자,정부/기타 직책자,병기기지사령부부사령관,1,21,1958-10-19,0,0.0
제4대,총장,미상/직책자,정부/기타 직책자,교육총본부부총장,1,79,1958-10-25,0,0.0
제4대,인태식,자유당,의원,의원,2,16626,1959-03-12,0,0.0
제4대,금년도,미상/직책자,정부/기타 직책자,공군본부관리처장,1,108,1959-11-06,0,0.0
제4대,아직,미상/직책자,정부/기타 직책자,육군본부보도실장,1,106,1958-11-13,0,0.0
제4대,박현숙,자유당,의원,위원,22,5171,1958-07-16,0,0.0
제4대,그렇지,미상/직책자,정부/기타 직책자,충청남도지구병사구사령관,1,149,1958-10-25,0,0.0
제4대,이갑도,미상/직책자,정부/기타 직책자,증인,24,848,1960-03-24,0,0.0
제4대,총병력이,미상/직책자,정부/기타 직책자,육군의무교육기지부사령관,1,58,1958-10-21,0,0.0
제4대,옛날에는,미상/직책자,정부/기타 직책자,경기병사구사령관,1,53,1959-10-01,0,0.0
제4대,시골에,미상/직책자,정부/기타 직책자,경상북도병사구사령관,1,42,1958-10-27,0,0.0
제4대,박성희,미상/직책자,정부/기타 직책자,증인,3,253,1960-04-18,0,0.0
제4대,김수명,미상/직책자,정부/기타 직책자,육군의무교육기지사령관,2,1868,1958-10-21,0,0.0
제4대,변재준,미상/직책자,정부/기타 직책자,증인,3,355,1960-04-19,0,0.0
제4대,이흥배,미상/직책자,정부/기타 직책자,심계원차장,1,669,1959-12-05,0,0.0
제4대,김봉규,미상/직책자,정부/기타 직책자,증인,42,1997,1960-03-24,0,0.0
제4대,강태호,미상/직책자,정부/기타 직책자,증인,17,4296,1960-03-24,0,0.0
제4대,봉급이,미상/직책자,정부/기타 직책자,육군본부작전교육국장,1,70,1958-11-13,0,0.0
제4대,모르는,미상/직책자,정부/기타 직책자,충청남도지구병사구사령관,1,5,1958-10-25,0,0.0
제4대,권병호,미상/직책자,정부/기타 직책자,국방부정훈국장,12,658,1959-11-17,0,0.0
제4대,어디를,미상/직책자,정부/기타 직책자,육군본부군수국장,1,222,1958-11-13,0,0.0
제4대,박종표,미상/직책자,정부/기타 직책자,증인,36,2323,1960-03-24,0,0.0
제4대,이용을,미상/직책자,정부/기타 직책자,충청남도지구병사구사령관,1,19,1958-10-25,0,0.0
제4대,양회경,미상/직책자,정부/기타 직책자,해군본부정보국장,1,57,1959-11-04,0,0.0
제헌,신익희,대한독립촉성국민회,의원,의장,4504,1270755,1948-05-31,511,0.098
제헌,홍성하,한국민주당,의원,재정경제위원장,545,605771,1948-11-02,319,0.053
제헌,전진한,대한노동총연맹,의원,의원,35,59182,1948-06-29,202,0.237
제헌,김도연,한국민주당,의원,재무부장관,121,175541,1948-05-31,198,0.16
제헌,이진수,무소속,의원,의원,778,322452,1948-05-31,158,0.174
제헌,조헌영,한국민주당,의원,의원,705,582279,1948-06-01,151,0.103
제헌,장희창,미상/직책자,정부/기타 직책자,재무부차관,19,27263,1948-11-17,106,0.0
제헌,홍희종,조선민족청년단,의원,의원,177,160631,1948-07-02,96,0.05
제헌,윤재욱,대동청년당,의원,의원,106,106148,1948-05-31,95,0.085
제헌,김동원,한국민주당,의원,부의장,4223,737556,1948-06-01,89,0.081
제헌,장홍염,한국민주당,의원,의원,151,97495,1948-06-09,88,0.205
제헌,이영준,한국민주당,의원,문교사회위원장,223,102361,1948-06-03,84,0.107
제헌,허남수,미상/직책자,정부/기타 직책자,의사국장,198,316890,1949-03-24,82,0.073
제헌,송창식,대한독립촉성국민회,의원,의원,33,39285,1948-06-28,80,0.076
제헌,윤석구,무소속,의원,의원,67,39819,1948-05-31,77,0.025
제헌,조한백,무소속,의원,의원,326,204600,1948-06-02,76,0.122
제헌,윤치영,한국민주당,의원,부의장,2196,426501,1948-05-31,72,0.145
제헌,김웅진,무소속,의원,의원,280,111088,1948-07-02,68,0.045
제헌,조영규,한국민주당,의원,의원,277,158062,1948-06-01,62,0.24
제헌,이범석,미상/직책자,정부/기타 직책자,국무총리,69,190539,1948-08-03,61,0.126
제헌,조국현,미상/직책자,정부/기타 직책자,의원,399,200171,1948-05-31,59,0.135
제헌,권태희,무소속,의원,의원,241,151548,1948-06-14,56,0.119
제헌,박순석,무소속,의원,의원,313,141330,1948-05-31,55,0.163
제헌,문시환,조선민족청년단,의원,의원,87,39194,1948-06-01,53,0.077
제헌,이석주,대한독립촉성국민회,의원,의원,270,142892,1948-05-31,52,0.07
제헌,안호상,미상/직책자,정부/기타 직책자,문교부장관,30,49953,1948-10-01,51,0.06
제헌,박해극,무소속,의원,의원,171,101805,1948-06-01,51,0.226
제헌,최운교,무소속,의원,의원,322,166151,1948-05-31,50,0.06
제헌,김수선,무소속,의원,의원,188,185954,1948-06-30,50,0.118
제헌,서상일,한국민주당,의원,의원,321,186840,1948-06-01,49,0.08
제헌,강선명,무소속,의원,의원,82,104197,1949-01-18,47,0.115
제헌,노일환,한국민주당,의원,의원,237,153298,1948-05-31,47,0.202
제헌,이재형,무소속,의원,의원,115,139451,1948-07-03,47,0.136
제헌,황두연,미상/직책자,정부/기타 직책자,의원,182,157660,1948-06-02,47,0.14
제헌,임영신,대한여자국민당,의원,의원,102,73416,1948-08-21,47,0.204
제헌,오용국,무소속,의원,의원,83,69636,1948-06-01,45,0.172
제헌,이승만,대한독립촉성국민회,의원,의장,504,117787,1948-05-31,44,0.136
제헌,황호현,대한독립촉성국민회,의원,의원,165,89416,1948-06-26,44,0.089
제헌,백관수,한국민주당,의원,의원,432,168203,1948-06-10,43,0.166
제헌,이정래,한국민주당,의원,의원,346,205452,1948-05-31,42,0.107
제헌,윤병구,무소속,의원,의원,188,101792,1948-06-01,40,0.147
제헌,김광준,무소속,의원,의원,419,243999,1948-07-14,36,0.086
제헌,이석,대한독립촉성국민회,의원,의원,107,38397,1948-06-03,36,0.026
제헌,이성득,무소속,의원,의원,163,84144,1948-06-02,36,0.357
제헌,김병회,무소속,의원,의원,163,148026,1948-06-03,36,0.128
제헌,박해정,무소속,의원,의원,154,89622,1948-05-31,34,0.089
제헌,강기문,무소속,의원,의원,41,39755,1948-06-26,34,0.151
제헌,유진오,미상/직책자,정부/기타 직책자,전문위원,102,105242,1948-06-23,33,0.162
제헌,조봉암,무소속,의원,농림부장관,116,163763,1948-06-01,33,0.122
제헌,김약수,조선공화당,의원,부의장,2115,415382,1948-05-31,33,0.065
제헌,곽상훈,무소속,의원,의원,170,121975,1948-06-01,31,0.18
제헌,김상돈,무소속,의원,의원,171,160941,1948-06-02,30,0.124
제헌,정준,무소속,의원,의원,351,158704,1948-05-31,30,0.17
제헌,신성균,무소속,의원,의원,283,143949,1948-05-31,29,0.132
제헌,윤재근,무소속,의원,의원,42,41580,1948-06-02,29,0.216
제헌,장병만,대한독립촉성국민회,의원,의원,262,130573,1948-06-09,28,0.061
제헌,주기용,무소속,의원,의원,62,72110,1948-06-01,28,0.139
제헌,김옥주,무소속,의원,의원,327,159105,1948-06-02,27,0.138
제헌,서우석,한국민주당,의원,의원,473,214261,1948-06-01,27,0.07
제헌,장경근,미상/직책자,정부/기타 직책자,내무부차관,47,112178,1949-04-18,27,0.036
제헌,지대형,미상/직책자,정부/기타 직책자,위원장,146,40548,1949-04-28,26,0.617
제헌,김영동,무소속,의원,의원,157,41120,1948-05-31,26,0.122
제헌,정해준,대한독립촉성국민회,의원,의원,107,45405,1948-05-31,25,0.176
제헌,정광호,한국민주당,의원,의원,312,167837,1948-05-31,25,0.06
제헌,조정환,미상/직책자,정부/기타 직책자,외무부차관,13,17638,1949-04-27,24,0.624
제헌,한창수,미상/직책자,정부/기타 직책자,총무국장,15,41443,1949-06-20,23,0.265
제헌,박윤원,무소속,의원,의원,144,86323,1948-06-16,23,0.197
제헌,김경도,대한독립촉성국민회,의원,의원,80,63143,1948-07-02,23,0.158
제헌,허영호,무소속,의원,의원,31,30244,1949-01-24,22,0.0
제헌,이주형,대한독립촉성국민회,의원,의원,137,103835,1948-06-29,22,0.154
제헌,이재학,무소속,의원,의원,81,82704,1948-07-01,22,0.048
제헌,서이환,무소속,의원,의원,96,83600,1948-06-03,22,0.132
제헌,유진홍,대한독립촉성국민회,의원,의원,217,103094,1948-06-16,22,0.087
제헌,홍순옥,무소속,의원,의원,70,28822,1948-06-26,22,0.278
제헌,허정,한국민주당,의원,교통부장관,62,72287,1948-06-01,21,0.069
제헌,이항발,무소속,의원,의원,52,43768,1948-06-01,21,0.091
제헌,이문원,무소속,의원,의원,201,99148,1948-05-31,21,0.141
제헌,강욱중,조선민족청년단,의원,의원,161,111599,1948-06-09,20,0.099
제헌,오석주,대한독립촉성국민회,의원,의원,132,60524,1948-06-02,20,0.05
제헌,이순탁,미상/직책자,정부/기타 직책자,기획처장,24,73072,1948-09-13,19,0.055
제헌,이성학,대동청년당,의원,의원,207,78981,1948-05-31,18,0.089
제헌,서용길,무소속,의원,의원,282,116141,1948-05-31,16,0.129
제헌,윤보선,미상/직책자,정부/기타 직책자,상공부장관,21,25422,1949-06-18,16,0.236
제헌,황병규,무소속,의원,의원,78,48323,1948-06-08,16,0.103
제헌,이종현,미상/직책자,정부/기타 직책자,농림부장관,55,94040,1949-03-09,16,0.011
제헌,이인,무소속,의원,법제사법위원장,185,134380,1948-08-16,15,0.06
제헌,나용균,한국민주당,의원,내무치안위원장,267,119109,1948-05-31,15,0.042
제헌,김준연,한국민주당,의원,의원,168,115980,1948-05-31,15,0.026
제헌,유성갑,단민당,의원,의원,97,60219,1948-08-28,14,0.199
제헌,김인식,대동청년당,의원,의원,125,43234,1948-06-11,14,0.208
제헌,최봉식,무소속,의원,의원,29,27767,1948-06-30,13,0.144
제헌,박찬현,무소속,의원,의원,153,63978,1948-08-25,13,0.141
제헌,윤길중,미상/직책자,정부/기타 직책자,전문위원,43,47965,1948-06-10,13,0.146
제헌,정도영,대한독립촉성국민회,의원,의원,83,19354,1948-06-11,12,0.465
제헌,이철원,미상/직책자,정부/기타 직책자,사무총장,29,46874,1948-09-27,12,0.128
제헌,이병관,무소속,의원,산업위원장대리,70,43469,1948-06-15,12,0.115
제헌,서순영,무소속,의원,의원,60,66914,1948-06-02,12,0.12
제헌,이원홍,대한독립촉성국민회,의원,의원,188,83758,1948-05-31,12,0.096
제헌,진헌식,대한독립촉성국민회,의원,의원,164,39304,1948-05-31,11,0.178
제헌,김효석,대한독립촉성국민회,의원,내무부장관,41,66382,1948-06-11,11,0.136
제헌,정구흥,미상/직책자,정부/기타 직책자,농림부차관,30,39622,1949-05-28,11,0.076
제헌,최윤동,한국민주당,의원,의원,67,61229,1948-06-14,11,0.049
제헌,민경식,대한독립촉성국민회,의원,의원,59,42648,1948-07-03,11,0.211
제헌,김봉조,교육협회,의원,의원,102,63587,1948-06-02,10,0.126
제헌,김장렬,미상/직책자,정부/기타 직책자,의원,41,38468,1948-08-31,10,0.052
제헌,이윤영,조선민주당,의원,의원,33,36652,1948-06-01,9,0.246
제헌,권태욱,무소속,의원,의원,24,14703,1948-06-09,9,0.136
제헌,전진항,미상/직책자,정부/기타 직책자,의원,1,2060,1949-11-08,9,0.0
제헌,전규홍,미상/직책자,정부/기타 직책자,사무총장,111,36630,1948-05-31,9,0.191
제헌,최태규,무소속,의원,의원,57,20059,1948-06-12,8,0.1
제헌,이유선,대한독립촉성국민회,의원,의원,47,23914,1948-07-03,8,0.209
제헌,장면,무소속,의원,의원,56,28400,1948-06-01,8,0.246
제헌,신광균,대한독립촉성국민회,의원,의원,97,72664,1948-06-10,8,0.014
제헌,서성달,대한독립촉성국민회,의원,의원,52,26946,1948-06-02,8,0.037
제헌,이강우,무소속,의원,의원,69,39056,1948-06-30,8,0.205
제헌,황윤호,무소속,의원,의원,59,29408,1948-07-27,8,0.102
제헌,김우식,전도회,의원,의원,123,33474,1948-06-02,8,0.239
제헌,최국현,무소속,의원,의원,82,26712,1948-06-02,8,0.112
제헌,김동준,무소속,의원,의원,65,17063,1948-06-01,8,0.0
제헌,최헌길,대한독립촉성국민회,의원,의원,55,20005,1948-06-02,8,0.05
제헌,박기운,무소속,의원,의원,78,20503,1948-06-17,7,0.195
제헌,이훈구,무소속,의원,의원,54,54565,1948-05-31,7,0.073
제헌,권승열,미상/직책자,정부/기타 직책자,전문위원,48,61772,1948-06-26,7,0.081
제헌,김유택,미상/직책자,정부/기타 직책자,재무부차관,14,11632,1950-02-08,7,0.0
제헌,조종승,무소속,의원,의원,159,65137,1948-06-29,7,0.061
제헌,박우경,무소속,의원,의원,148,32920,1948-06-28,6,0.03
제헌,장택상,미상/직책자,정부/기타 직책자,외무부장관,16,14901,1948-09-06,6,0.403
제헌,조규갑,무소속,의원,의원,51,21266,1948-06-29,6,0.094
제헌,차윤홍,미상/직책자,정부/기타 직책자,의사국장,227,114589,1948-06-10,6,0.044
제헌,민희식,미상/직책자,정부/기타 직책자,교통부장관,2,6082,1948-09-22,6,0.0
제헌,김교중,대동청년당,의원,의원,8,11496,1949-01-25,6,0.261
제헌,권승렬,미상/직책자,정부/기타 직책자,법무부장관,40,86562,1948-09-15,6,0.046
제헌,김용재,대한독립촉성국민회,의원,의원,81,10546,1948-06-16,6,0.19
제헌,한암회,대한독립촉성국민회,의원,의원,5,4061,1948-06-02,6,0.739
제헌,장창희,미상/직책자,정부/기타 직책자,재무부차관,2,1645,1949-09-29,6,0.608
제헌,김문평,대한독립촉성국민회,의원,의원,61,38959,1948-06-01,6,0.154
제헌,조병한,무소속,의원,의원,48,23179,1948-06-16,6,0.086
제헌,박상영,한국민주당,의원,의원,65,24034,1948-06-10,6,0.083
제헌,김재학,한국민주당,의원,의원,128,35016,1948-06-16,5,0.086
제헌,송진백,대한독립촉성국민회,의원,의원,49,23966,1948-08-27,5,0.083
제헌,윤영선,미상/직책자,정부/기타 직책자,농림부장관,20,23732,1950-01-27,5,0.084
제헌,서정희,한국민주당,의원,의원,57,30470,1948-06-01,5,0.131
제헌,최석화,무소속,의원,의원,44,27711,1948-06-11,5,0.036
제헌,김봉두,무소속,의원,의원,30,9543,1948-06-02,5,0.314
제헌,배중혁,대동청년당,의원,의원,127,45767,1948-06-02,5,0.109
제헌,홍범희,무소속,의원,의원,18,14302,1948-06-28,5,0.0
제헌,김상덕,민족통일본부,의원,의원,79,66874,1948-06-09,5,0.015
제헌,원장길,대동청년당,의원,의원,29,15294,1948-06-02,5,0.065
제헌,현근,미상/직책자,정부/기타 직책자,농사개량원장,1,4749,1948-09-24,5,0.0
제헌,김갑수,미상/직책자,정부/기타 직책자,법무부차관,24,45883,1949-07-30,5,0.022
제헌,현영익,미상/직책자,정부/기타 직책자,의사국장,4,4113,1950-03-07,4,0.0
제헌,신성모,미상/직책자,정부/기타 직책자,국방부장관,21,46625,1949-01-17,4,0.064
제헌,최창순,미상/직책자,정부/기타 직책자,사회부차관,2,5281,1949-10-24,4,0.0
제헌,김익로,미상/직책자,정부/기타 직책자,의원,32,14724,1948-08-21,4,0.068
제헌,김상순,한국민주당,의원,의원,59,38457,1948-06-15,4,0.052
제헌,육홍균,대한독립촉성국민회,의원,의원,64,41689,1948-06-02,4,0.048
제헌,이상돈,민주국민당,의원,의원,11,25757,1949-07-29,4,0.078
제헌,원용한,대동청년당,의원,의원,51,7627,1948-06-08,4,0.131
제헌,신현돈,대한독립촉성국민회,의원,의원,61,32665,1948-06-02,4,0.061
제헌,이구수,미상/직책자,정부/기타 직책자,의원,94,30081,1948-06-01,4,0.1
제헌,구중회,무소속,의원,의원,32,5397,1948-06-02,4,0.556
제헌,이종린,무소속,의원,의원,45,32086,1948-06-12,3,0.0
제헌,김윤근,미상/직책자,정부/기타 직책자,법무부차관,6,7129,1950-03-22,3,0.14
제헌,김영기,대한독립촉성국민회,의원,의원,58,14448,1948-07-27,3,0.208
제헌,김병로,미상/직책자,정부/기타 직책자,대법원장,9,19404,1948-08-16,3,0.0
제헌,이요한,대한독립촉성국민회,의원,의원,24,8555,1948-06-17,3,0.117
제헌,박준,무소속,의원,의원,48,28524,1948-08-27,3,0.105
제헌,정균식,조선민족청년단,의원,의원,31,15704,1948-06-03,3,0.064
제헌,김용갑,미상/직책자,정부/기타 직책자,전문위원,1,7428,1949-03-23,3,0.0
제헌,김교현,무소속,의원,의원,53,34009,1948-06-03,3,0.059
제헌,박종남,무소속,의원,의원,25,17102,1948-06-02,3,0.117
제헌,최용덕,미상/직책자,정부/기타 직책자,국방부차관,45,42681,1948-09-24,3,0.023
제헌,오택렬,미상/직책자,정부/기타 직책자,의원,69,8935,1948-11-22,3,0.224
제헌,송봉해,대한독립촉성국민회,의원,의원,45,47251,1948-06-29,3,0.063
제헌,이종선,미상/직책자,정부/기타 직책자,사무총장,14,25552,1949-02-23,3,0.0
제헌,한석범,한국민주당,의원,의원,33,13285,1948-06-01,2,0.075
제헌,류성갑,미상/직책자,정부/기타 직책자,의원,42,16815,1948-05-31,2,0.059
제헌,연병호,무소속,의원,의원,5,6172,1948-06-12,2,0.324
제헌,이청천,미상/직책자,정부/기타 직책자,의원,15,15247,1948-06-02,2,0.131
제헌,김장열,무소속,의원,의원,28,15886,1948-06-01,2,0.0
제헌,배헌,무소속,의원,의원,29,8670,1948-05-31,2,0.0
제헌,조옥현,대한독립촉성국민회,의원,의원,34,7847,1948-06-09,2,0.255
제헌,이호석,무소속,의원,의원,61,13834,1948-06-09,2,0.145
제헌,김진구,대한독립촉성국민회,의원,의원,5,1769,1949-01-12,2,1.131
제헌,이남규,대한독립촉성국민회,의원,의원,79,41992,1948-05-31,2,0.024
제헌,백형남,대동청년당,의원,의원,2,2390,1948-06-26,2,0.418
제헌,오택관,한국독립당,의원,의원,63,18739,1948-06-12,2,0.107
제헌,김웅권,무소속,의원,의원,5,3434,1948-07-03,2,0.0
제헌,김명동,무소속,의원,의원,137,36689,1948-06-01,2,0.027
제헌,최범술,무소속,의원,의원,43,13189,1948-06-12,2,0.0
제헌,강달수,부산15구락부,의원,의원,14,1559,1948-12-01,2,1.283
제헌,배은희,미상/직책자,정부/기타 직책자,고시위원장,2,7664,1949-07-23,2,0.261
제헌,김중기,무소속,의원,의원,75,17572,1948-06-02,2,0.057
제헌,김상호,한국민주당,의원,의원,8,5174,1948-06-17,1,0.193
제헌,이종순,대한독립촉성국민회,의원,의원,49,4640,1948-06-12,1,0.216
제헌,신태익,미상/직책자,정부/기타 직책자,법제처장,11,14383,1949-06-18,1,0.07
제헌,김병완,미상/직책자,정부/기타 직책자,내무부치안국장서리,2,2944,1950-04-20,1,0.34
제헌,김훈,미상/직책자,정부/기타 직책자,기획처장,20,22527,1949-07-30,1,0.0
제헌,김철,대한독립촉성국민회,의원,의원,142,5593,1948-06-02,1,0.0
제헌,김석관,미상/직책자,정부/기타 직책자,교통부차관,1,2048,1950-02-23,1,0.0
제헌,정인보,미상/직책자,정부/기타 직책자,감찰위원장,3,7399,1949-02-02,1,0.0
제헌,유홍렬,미상/직책자,정부/기타 직책자,의원,16,3819,1949-06-14,1,0.262
제헌,박혜정,미상/직책자,정부/기타 직책자,의원,1,2058,1949-04-23,1,0.486
제헌,정구삼,대한독립촉성국민회,의원,의원,13,1026,1948-06-28,1,0.975
제헌,김익희,미상/직책자,정부/기타 직책자,의장,1,524,1949-04-30,1,1.908
제헌,류홍열,미상/직책자,정부/기타 직책자,의원,3,583,1948-06-15,1,1.715
제헌,지청천,대동청년당,의원,의원,2,6175,1950-02-20,1,0.162
제헌,장기영,무소속,의원,의원,15,16616,1948-06-17,1,0.06
제헌,강직순,미상/직책자,정부/기타 직책자,체신부차관,3,1176,1950-04-14,1,0.85
제헌,백성욱,미상/직책자,정부/기타 직책자,내무부장관,14,14356,1950-02-11,1,0.07
제헌,최규옥,대한독립촉성국민회,의원,의원,27,4916,1948-06-01,1,0.0
제헌,김동성,미상/직책자,정부/기타 직책자,공보처장,14,11565,1948-11-02,1,0.086
제헌,홍길선,대동청년당,의원,의원,9,6517,1948-10-14,1,0.153
제헌,홍은표,미상/직책자,정부/기타 직책자,기획처차장,1,679,1950-03-30,1,1.473
제헌,미국상원,미상/직책자,정부/기타 직책자,의원,1,2081,1949-12-03,0,0.0
제헌,차인홍,미상/직책자,정부/기타 직책자,의사국장,1,808,1949-02-12,0,0.0
제헌,한엄회,미상/직책자,정부/기타 직책자,의원,1,7,1949-06-17,0,0.0
제헌,김종선,한국민주당,의원,의원,41,263,1948-07-20,0,0.0
제헌,이정기,조선민족청년단,의원,의원,1,6,1950-02-10,0,0.0
제헌,구영숙,미상/직책자,정부/기타 직책자,보건부장관,1,600,1949-06-18,0,0.0
제헌,베중혁,미상/직책자,정부/기타 직책자,의원,2,34,1948-11-01,0,0.0
제헌,송필만,한국민주당,의원,의원,2,1777,1949-04-14,0,0.0
제헌,류준상,미상/직책자,정부/기타 직책자,의원,2,420,1948-06-26,0,0.0
제헌,박경우,미상/직책자,정부/기타 직책자,의원,1,7,1948-12-03,0,0.0
제헌,김덕렬,미상/직책자,정부/기타 직책자,의원,5,1475,1949-11-03,0,0.0
제헌,김동운,미상/직책자,정부/기타 직책자,부의장,1,73,1949-04-16,0,0.0
제헌,황호연,미상/직책자,정부/기타 직책자,의원,1,238,1948-06-28,0,0.0
제헌,오택열,대한독립촉성국민회,의원,의원,25,239,1948-12-21,0,0.0
제헌,고병국,미상/직책자,정부/기타 직책자,전문위원,3,2206,1948-08-17,0,0.0
제헌,조현영,미상/직책자,정부/기타 직책자,의원,1,2016,1949-04-06,0,0.0
제헌,유준상,대한독립촉성국민회,의원,의원,7,42,1948-09-11,0,0.0
제헌,김호석,미상/직책자,정부/기타 직책자,의원,2,1248,1948-09-29,0,0.0
제헌,서우식,미상/직책자,정부/기타 직책자,의원,1,6,1950-01-25,0,0.0
제헌,박우결,미상/직책자,정부/기타 직책자,의원,1,461,1949-09-20,0,0.0
제헌,김종문,한국민주당,의원,의원,5,30,1948-06-18,0,0.0
제헌,운치영,미상/직책자,정부/기타 직책자,부의장,1,101,1949-11-09,0,0.0
제헌,호주대표,미상/직책자,정부/기타 직책자,의장,1,1506,1949-02-23,0,0.0
제헌,빅순석,미상/직책자,정부/기타 직책자,의원,5,4039,1948-11-09,0,0.0
제헌,역시,미상/직책자,정부/기타 직책자,내무치안위원장,2,1366,1949-02-19,0,0.0
제헌,박현욱,미상/직책자,정부/기타 직책자,총무국장,1,37,1949-05-21,0,0.0
제헌,진정서,미상/직책자,정부/기타 직책자,내무치안위원장,2,1158,1949-02-19,0,0.0
제헌,오기열,무소속,의원,의원,17,4448,1948-06-16,0,0.0
제헌,이성우,무소속,의원,의원,5,1736,1948-06-03,0,0.0
제헌,김순탁,미상/직책자,정부/기타 직책자,기획처장,1,2072,1949-03-28,0,0.0
제헌,대리,미상/직책자,정부/기타 직책자,참모총장,10,10400,1948-11-11,0,0.0
제헌,김준영,미상/직책자,정부/기타 직책자,의원,1,6,1948-12-04,0,0.0
제헌,징홍염,미상/직책자,정부/기타 직책자,의원,2,2163,1948-10-14,0,0.0
제헌,긴익희,미상/직책자,정부/기타 직책자,의장,1,7,1949-09-28,0,0.0
제헌,권병로,미상/직책자,정부/기타 직책자,의원,8,5518,1948-11-01,0,0.0
제헌,김명인,미상/직책자,정부/기타 직책자,의원,2,1132,1948-06-10,0,0.0
제헌,성낙서,대한독립촉성국민회,의원,의원,5,1192,1948-08-03,0,0.0
제헌,김수학,미상/직책자,정부/기타 직책자,상공부차관,1,1087,1949-03-31,0,0.0
제헌,최석홍,대동청년당,의원,의원,5,2246,1948-12-11,0,0.0
제헌,윤칭영,미상/직책자,정부/기타 직책자,부의장,1,412,1949-11-09,0,0.0
제헌,백한성,미상/직책자,정부/기타 직책자,법무부차관,3,3977,1949-02-22,0,0.0
제헌,김영도,미상/직책자,정부/기타 직책자,의원,1,6,1948-08-02,0,0.0
제헌,박유경,미상/직책자,정부/기타 직책자,의원,1,274,1950-01-20,0,0.0
제헌,장도영,미상/직책자,정부/기타 직책자,의원,1,23,1948-11-05,0,0.0
제헌,이국현,미상/직책자,정부/기타 직책자,의원,1,6,1948-10-29,0,0.0
제헌,이종근,대한독립촉성국민회,의원,의원,15,2469,1948-07-02,0,0.0
제헌,신상학,무소속,의원,의원,123,12461,1948-06-02,0,0.0
제헌,전유성,미상/직책자,정부/기타 직책자,총무처장,1,898,1949-07-23,0,0.0
제헌,노진설,미상/직책자,정부/기타 직책자,선거위원회위원장,7,7517,1948-05-31,0,0.0
제헌,김만선,미상/직책자,정부/기타 직책자,의원,1,6,1949-01-29,0,0.0
제헌,신셩균,미상/직책자,정부/기타 직책자,의원,1,1946,1949-04-15,0,0.0
제헌,백두진,미상/직책자,정부/기타 직책자,외자총국총장,1,2862,1950-03-04,0,0.0
제헌,김인,미상/직책자,정부/기타 직책자,의원,1,207,1950-03-10,0,0.0
제헌,긴동원,미상/직책자,정부/기타 직책자,부의장,1,13,1950-01-24,0,0.0
제헌,정진근,무소속,의원,의원,3,20,1949-01-24,0,0.0
제헌,박희병,미상/직책자,정부/기타 직책자,전문위원,2,1827,1949-11-03,0,0.0
제헌,백남칠,미상/직책자,정부/기타 직책자,관재총국장,2,5922,1949-11-07,0,0.0
제헌,겸경도,미상/직책자,정부/기타 직책자,의원,1,889,1949-10-26,0,0.0
제헌,이성준,미상/직책자,정부/기타 직책자,대검찰청차장,1,545,1950-04-20,0,0.0
제헌,노진호,미상/직책자,정부/기타 직책자,사무차장,1,75,1948-06-17,0,0.0
제헌,진직현,대한독립촉성국민회,의원,의원,4,404,1948-06-09,0,0.0
제헌,김덕열,무소속,의원,의원,1,126,1949-11-11,0,0.0
제헌,손진백,미상/직책자,정부/기타 직책자,의원,1,1547,1950-02-24,0,0.0
제헌,이범교,대한독립촉성국민회,의원,의원,8,78,1948-07-12,0,0.0
제헌,신현모,한국민주당,의원,의원,3,3202,1948-08-16,0,0.0
제헌,표현태,대한독립촉성국민회,의원,의원,18,3474,1948-06-23,0,0.0
제헌,김익기,대한독립촉성국민회,의원,의원,13,5281,1949-01-17,0,0.0
제헌,보헌영,미상/직책자,정부/기타 직책자,의원,1,512,1948-12-02,0,0.0
제헌,황달수,미상/직책자,정부/기타 직책자,의원,1,6,1950-02-13,0,0.0
제헌,조재면,대한독립촉성국민회,의원,의원,7,80,1948-06-12,0,0.0
제헌,김용화,무소속,의원,의원,1,68,1949-06-13,0,0.0
제헌,안준상,조선민족청년단,의원,의원,8,1971,1948-07-06,0,0.0
제헌,이승만원,미상/직책자,정부/기타 직책자,의장,1,225,1948-07-05,0,0.0
제헌,박종만,미상/직책자,정부/기타 직책자,문교부차관,3,3184,1950-01-24,0,0.0
제헌,김병희,미상/직책자,정부/기타 직책자,의원,1,7,1949-04-06,0,0.0
제헌,홍익표,무소속,의원,의원,4,621,1948-11-09,0,0.0
제헌,김뱡회,미상/직책자,정부/기타 직책자,의원,1,6,1948-11-01,0,0.0
제헌,최운규,미상/직책자,정부/기타 직책자,의원,1,6,1949-04-21,0,0.0
제헌,유내완,미상/직책자,정부/기타 직책자,의원,15,1891,1948-09-02,0,0.0
제헌,채병덕,미상/직책자,정부/기타 직책자,참모총장대리,10,17713,1948-11-10,0,0.0
제헌,최윤봉,미상/직책자,정부/기타 직책자,외무국방위원장대리,1,544,1949-07-14,0,0.0
제헌,신익회,미상/직책자,정부/기타 직책자,의장,1,81,1949-04-12,0,0.0
제헌,의장은,미상/직책자,정부/기타 직책자,내무치안위원장,2,264,1949-02-19,0,0.0
제헌,양병직,대동청년당,의원,의원,2,4325,1949-05-25,0,0.0
제헌,깁병회,미상/직책자,정부/기타 직책자,의원,1,6,1949-06-02,0,0.0
제헌,오기영,미상/직책자,정부/기타 직책자,의원,1,6,1948-12-09,0,0.0
제헌,노익환,미상/직책자,정부/기타 직책자,위원,1,1512,1949-04-29,0,0.0
제헌,손재학,대한독립촉성국민회,의원,의원,1,80,1948-06-11,0,0.0
제헌,김익진,미상/직책자,정부/기타 직책자,검찰총장,2,1210,1949-11-19,0,0.0
제헌,김기철,대동청년당,의원,의원,10,510,1948-06-28,0,0.0
제헌,한통숙,미상/직책자,정부/기타 직책자,상공부차관,2,4677,1949-11-19,0,0.0
제헌,김철수,대한독립촉성국민회,의원,의원,30,292,1948-06-01,0,0.0
제헌,이상규,미상/직책자,정부/기타 직책자,전문위원,4,5488,1950-02-08,0,0.0
제헌,이석화,미상/직책자,정부/기타 직책자,의원,1,6,1950-03-31,0,0.0
제헌,벡관수,미상/직책자,정부/기타 직책자,의원,3,687,1948-11-15,0,0.0
제헌,빅헤정,미상/직책자,정부/기타 직책자,의원,1,1174,1948-11-16,0,0.0
제헌,류래완,미상/직책자,정부/기타 직책자,의원,10,1528,1948-05-31,0,0.0
제헌,김형원,미상/직책자,정부/기타 직책자,공보처차장,3,6852,1949-06-04,0,0.0
제헌,권병노,대한독립촉성국민회,의원,의원,1,7,1949-03-31,0,0.0
제헌,이우선,미상/직책자,정부/기타 직책자,의원,1,6,1950-03-23,0,0.0
제헌,이병국,대한독립촉성국민회,의원,의원,6,1729,1948-06-26,0,0.0
제헌,황희찬,미상/직책자,정부/기타 직책자,내무부차관,7,4593,1948-09-24,0,0.0
제헌,빅윤원,미상/직책자,정부/기타 직책자,의원,1,893,1948-11-18,0,0.0
제헌,김동언,미상/직책자,정부/기타 직책자,부의장,1,12,1948-11-12,0,0.0
제헌,유홍열,무소속,의원,의원,1,9,1948-08-31,0,0.0
제헌,윤도영,미상/직책자,정부/기타 직책자,부의장,1,56,1950-04-08,0,0.0
제헌,임철원,미상/직책자,정부/기타 직책자,사무총장,1,103,1949-05-02,0,0.0
제헌,김억기,미상/직책자,정부/기타 직책자,의원,1,6,1948-08-27,0,0.0
제헌,징병민,미상/직책자,정부/기타 직책자,의원,1,510,1948-10-14,0,0.0
제헌,펴현태,미상/직책자,정부/기타 직책자,의원,1,22,1948-10-14,0,0.0
제헌,김우삭,미상/직책자,정부/기타 직책자,의원,1,6,1949-02-16,0,0.0
제헌,기초,미상/직책자,정부/기타 직책자,위원,1,422,1948-06-28,0,0.0
제헌,뱍해극,미상/직책자,정부/기타 직책자,의원,1,1480,1949-06-14,0,0.0
제헌,초운교,미상/직책자,정부/기타 직책자,의원,1,840,1948-11-25,0,0.0
제헌,윤친영,미상/직책자,정부/기타 직책자,부의장,1,77,1950-01-28,0,0.0
제헌,유치영,미상/직책자,정부/기타 직책자,부의장,1,136,1949-09-29,0,0.0
제헌,최윤전,미상/직책자,정부/기타 직책자,의사국장,1,454,1949-03-31,0,0.0
제헌,김홍진,미상/직책자,정부/기타 직책자,재무부차관대리,2,352,1948-12-22,0,0.0
제헌,김연준,미상/직책자,정부/기타 직책자,의원,1,22,1948-12-11,0,0.0
제헌,원용환,미상/직책자,정부/기타 직책자,의원,1,6,1949-03-29,0,0.0
제헌,홍순녕,미상/직책자,정부/기타 직책자,의원,2,135,1949-05-23,0,0.0
제헌,차경모,무소속,의원,의원,9,7809,1948-06-29,0,0.0
제헌,박성준,미상/직책자,정부/기타 직책자,대검찰청차장,1,465,1950-04-20,0,0.0
제헌,김용현,한국민주당,의원,의원,3,18,1948-07-03,0,0.0
제헌,김익노,무소속,의원,의원,1,6,1948-08-27,0,0.0
제헌,노용호,미상/직책자,정부/기타 직책자,사무차장,3,1641,1948-07-27,0,0.0
제헌,정현모,무소속,의원,의원,2,1972,1948-06-01,0,0.0
제헌,원용균,대한독립촉성국민회,의원,의원,5,4036,1948-09-18,0,0.0
제헌,황병구,미상/직책자,정부/기타 직책자,의원,1,2555,1948-11-06,0,0.0
제헌,조중현,무소속,의원,의원,2,410,1949-01-12,0,0.0
제헌,이석구,미상/직책자,정부/기타 직책자,의원,1,290,1949-11-05,0,0.0
제헌,최창섭,무소속,의원,의원,43,3477,1949-04-12,0,0.0
제헌,이상학,미상/직책자,정부/기타 직책자,의원,2,12,1948-08-05,0,0.0
제헌,김태수,대한독립촉성국민회,의원,의원,5,389,1949-11-17,0,0.0
제헌,백남채,한국민주당,의원,의원,38,863,1948-06-02,0,0.0
제헌,이만근,무소속,의원,의원,2,13,1949-07-30,0,0.0
제헌,임병직,미상/직책자,정부/기타 직책자,외무부장관,7,7663,1949-02-23,0,0.0
제헌,이의상,대한독립촉성국민회,의원,의원,3,21,1948-07-05,0,0.0
제헌,권태의,미상/직책자,정부/기타 직책자,의원,1,489,1950-04-20,0,0.0
제헌,허남원,미상/직책자,정부/기타 직책자,의사국장,1,1764,1949-09-19,0,0.0
제헌,신방현,무소속,의원,의원,26,2895,1948-09-03,0,0.0
제헌,깅욱중,미상/직책자,정부/기타 직책자,의원,1,774,1949-04-06,0,0.0
제헌,심익희,미상/직책자,정부/기타 직책자,의장,4,606,1949-09-28,0,0.0
제헌,박종환,대한독립촉성국민회,의원,의원,11,1167,1948-07-01,0,0.0
제헌,유진수,미상/직책자,정부/기타 직책자,의원,1,6,1950-02-13,0,0.0
제헌,남궁현,대한독립촉성국민회,의원,의원,29,9103,1948-07-06,0,0.0
제헌,이택관,미상/직책자,정부/기타 직책자,의원,1,6,1949-04-22,0,0.0
제헌,김경배,무소속,의원,의원,63,4568,1948-06-12,0,0.0
제헌,정우일,무소속,의원,의원,4,472,1948-08-16,0,0.0
제헌,김광균,미상/직책자,정부/기타 직책자,의원,2,70,1948-07-16,0,0.0
제헌,홍순영,대한독립촉성국민회,의원,의원,2,30,1949-07-16,0,0.0
제헌,깁봉조,미상/직책자,정부/기타 직책자,의원,1,15,1949-07-30,0,0.0
제헌,김병주,미상/직책자,정부/기타 직책자,의원,3,696,1948-08-23,0,0.0
