Source,Target,Relation,SourceType,TargetType
speaker::의장신익희,정당::대한독립촉성국민회,정당,의원,정당
speaker::의장신익희,지역::전남 광주,지역,의원,지역
speaker::의장신익희,성별::남,성별,의원,성별
speaker::의장신익희,당선횟수::3선,당선횟수,의원,당선횟수
speaker::의장신익희,당선방법::지역구,당선방법,의원,당선방법
speaker::의장신익희,speech::1948-08-16||제1대국회 제1회(임시회) 제41차 국회본회의(전체회의)||169,발언자,의원,발언
speaker::의장신익희,speech::1948-08-16||제1대국회 제1회(임시회) 제41차 국회본회의(전체회의)||174,발언자,의원,발언
speaker::의장신익희,speech::1948-08-23||제1대국회 제1회(임시회) 제47차 국회본회의(전체회의)||110,발언자,의원,발언
speaker::의장신익희,speech::1948-08-26||제1대국회 제1회(임시회) 제49차 국회본회의(전체회의)||195,발언자,의원,발언
speaker::의장신익희,speech::1948-08-28||제1대국회 제1회(임시회) 제51차 국회본회의(전체회의)||98,발언자,의원,발언
speaker::의장신익희,speech::1948-08-31||제1대국회 제1회(임시회) 제53차 국회본회의(전체회의)||30,발언자,의원,발언
speaker::의장신익희,speech::1948-08-31||제1대국회 제1회(임시회) 제53차 국회본회의(전체회의)||40,발언자,의원,발언
speaker::의장신익희,speech::1948-09-04||제1대국회 제1회(임시회) 제57차 국회본회의(전체회의)||31,발언자,의원,발언
speaker::의장신익희,speech::1948-09-13||제1대국회 제1회(임시회) 제64차 국회본회의(전체회의)||309,발언자,의원,발언
speaker::의장신익희,speech::1948-09-14||제1대국회 제1회(임시회) 제65차 국회본회의(전체회의)||24,발언자,의원,발언
speaker::의장신익희,speech::1948-09-20||제1대국회 제1회(임시회) 제70차 국회본회의(전체회의)||22,발언자,의원,발언
speaker::의장신익희,speech::1948-09-20||제1대국회 제1회(임시회) 제70차 국회본회의(전체회의)||26,발언자,의원,발언
speaker::의장신익희,speech::1948-09-22||제1대국회 제1회(임시회) 제72차 국회본회의(전체회의)||109,발언자,의원,발언
speaker::의장신익희,speech::1948-09-23||제1대국회 제1회(임시회) 제73차 국회본회의(전체회의)||44,발언자,의원,발언
speaker::의장신익희,speech::1948-09-23||제1대국회 제1회(임시회) 제73차 국회본회의(전체회의)||50,발언자,의원,발언
speaker::의장신익희,speech::1948-09-23||제1대국회 제1회(임시회) 제73차 국회본회의(전체회의)||52,발언자,의원,발언
speaker::의장신익희,speech::1948-09-27||제1대국회 제1회(임시회) 제75차 국회본회의(전체회의)||28,발언자,의원,발언
speaker::의장신익희,speech::1948-09-27||제1대국회 제1회(임시회) 제75차 국회본회의(전체회의)||323,발언자,의원,발언
speaker::의장신익희,speech::1948-09-28||제1대국회 제1회(임시회) 제76차 국회본회의(전체회의)||242,발언자,의원,발언
speaker::의장신익희,speech::1948-09-28||제1대국회 제1회(임시회) 제76차 국회본회의(전체회의)||375,발언자,의원,발언
speaker::의장신익희,speech::1948-09-28||제1대국회 제1회(임시회) 제76차 국회본회의(전체회의)||412,발언자,의원,발언
speaker::의장신익희,speech::1948-09-28||제1대국회 제1회(임시회) 제76차 국회본회의(전체회의)||418,발언자,의원,발언
speaker::의장신익희,speech::1948-09-29||제1대국회 제1회(임시회) 제77차 국회본회의(전체회의)||313,발언자,의원,발언
speaker::의장신익희,speech::1948-10-04||제1대국회 제1회(임시회) 제81차 국회본회의(전체회의)||88,발언자,의원,발언
speaker::의장신익희,speech::1948-10-12||제1대국회 제1회(임시회) 제86차 국회본회의(전체회의)||33,발언자,의원,발언
speaker::의장신익희,speech::1948-10-13||제1대국회 제1회(임시회) 제87차 국회본회의(전체회의)||201,발언자,의원,발언
speaker::의장신익희,speech::1948-10-27||제1대국회 제1회(임시회) 제89차 국회본회의(전체회의)||38,발언자,의원,발언
speaker::의장신익희,speech::1948-10-27||제1대국회 제1회(임시회) 제89차 국회본회의(전체회의)||44,발언자,의원,발언
speaker::의장신익희,speech::1948-10-28||제1대국회 제1회(임시회) 제90차 국회본회의(전체회의)||41,발언자,의원,발언
speaker::의장신익희,speech::1948-11-06||제1대국회 제1회(임시회) 제97차 국회본회의(전체회의)||45,발언자,의원,발언
speaker::의장신익희,speech::1948-11-08||제1대국회 제1회(임시회) 제98차 국회본회의(전체회의)||33,발언자,의원,발언
speaker::의장신익희,speech::1948-11-17||제1대국회 제1회(임시회) 제106차 국회본회의(전체회의)||73,발언자,의원,발언
성별::남,speaker::위원장이충환,성별,성별,의원
성별::남,speaker::이철승위원,성별,성별,의원
성별::남,speaker::부의장조경규,성별,성별,의원
성별::남,speaker::부의장조봉암,성별,성별,의원
성별::남,speaker::예산결산위원장이충환,성별,성별,의원
성별::남,speaker::송방용위원,성별,성별,의원
성별::남,speaker::재정경제위원장이재형,성별,성별,의원
성별::남,speaker::유옥우위원,성별,성별,의원
성별::남,speaker::박영종의원,성별,성별,의원
성별::남,speaker::재정경제위원장박만원,성별,성별,의원
성별::남,speaker::이진수의원,성별,성별,의원
성별::남,speaker::재정경제위원장홍성하,성별,성별,의원
성별::남,speaker::이형모위원,성별,성별,의원
성별::남,speaker::이태용위원,성별,성별,의원
성별::남,speaker::양일동위원,성별,성별,의원
성별::남,speaker::부의장이재학,성별,성별,의원
성별::남,speaker::민관식위원,성별,성별,의원
성별::남,speaker::곽의영의원,성별,성별,의원
성별::남,speaker::박정근위원,성별,성별,의원
성별::남,speaker::조영규의원,성별,성별,의원
성별::남,speaker::정준의원,성별,성별,의원
성별::남,speaker::박영종위원,성별,성별,의원
성별::남,speaker::이충환의원,성별,성별,의원
성별::남,speaker::문종두위원,성별,성별,의원
성별::남,speaker::부의장김동원,성별,성별,의원
성별::남,speaker::박정근의원,성별,성별,의원
성별::남,speaker::조헌영의원,성별,성별,의원
성별::남,speaker::위원장대리송방용,성별,성별,의원
당선횟수::3선,speaker::부의장조경규,당선횟수,당선횟수,의원
당선횟수::3선,speaker::재정경제위원장박만원,당선횟수,당선횟수,의원
당선횟수::3선,speaker::곽의영의원,당선횟수,당선횟수,의원
당선방법::지역구,speaker::위원장이충환,당선방법,당선방법,의원
당선방법::지역구,speaker::이철승위원,당선방법,당선방법,의원
당선방법::지역구,speaker::부의장조경규,당선방법,당선방법,의원
당선방법::지역구,speaker::부의장조봉암,당선방법,당선방법,의원
당선방법::지역구,speaker::예산결산위원장이충환,당선방법,당선방법,의원
당선방법::지역구,speaker::송방용위원,당선방법,당선방법,의원
당선방법::지역구,speaker::재정경제위원장이재형,당선방법,당선방법,의원
당선방법::지역구,speaker::유옥우위원,당선방법,당선방법,의원
당선방법::지역구,speaker::박영종의원,당선방법,당선방법,의원
당선방법::지역구,speaker::재정경제위원장박만원,당선방법,당선방법,의원
당선방법::지역구,speaker::이진수의원,당선방법,당선방법,의원
당선방법::지역구,speaker::재정경제위원장홍성하,당선방법,당선방법,의원
당선방법::지역구,speaker::이형모위원,당선방법,당선방법,의원
당선방법::지역구,speaker::이태용위원,당선방법,당선방법,의원
당선방법::지역구,speaker::양일동위원,당선방법,당선방법,의원
당선방법::지역구,speaker::부의장이재학,당선방법,당선방법,의원
당선방법::지역구,speaker::민관식위원,당선방법,당선방법,의원
당선방법::지역구,speaker::곽의영의원,당선방법,당선방법,의원
당선방법::지역구,speaker::박정근위원,당선방법,당선방법,의원
당선방법::지역구,speaker::조영규의원,당선방법,당선방법,의원
당선방법::지역구,speaker::정준의원,당선방법,당선방법,의원
당선방법::지역구,speaker::박영종위원,당선방법,당선방법,의원
당선방법::지역구,speaker::이충환의원,당선방법,당선방법,의원
당선방법::지역구,speaker::문종두위원,당선방법,당선방법,의원
당선방법::지역구,speaker::부의장김동원,당선방법,당선방법,의원
당선방법::지역구,speaker::박정근의원,당선방법,당선방법,의원
당선방법::지역구,speaker::조헌영의원,당선방법,당선방법,의원
당선방법::지역구,speaker::위원장대리송방용,당선방법,당선방법,의원
speaker::위원장이충환,정당::자유당,정당,의원,정당
speaker::위원장이충환,지역::충북 진천군,지역,의원,지역
speaker::위원장이충환,당선횟수::6선,당선횟수,의원,당선횟수
정당::자유당,speaker::부의장조경규,정당,정당,의원
정당::자유당,speaker::예산결산위원장이충환,정당,정당,의원
정당::자유당,speaker::박영종의원,정당,정당,의원
정당::자유당,speaker::이형모위원,정당,정당,의원
정당::자유당,speaker::부의장이재학,정당,정당,의원
정당::자유당,speaker::박정근위원,정당,정당,의원
정당::자유당,speaker::박영종위원,정당,정당,의원
정당::자유당,speaker::이충환의원,정당,정당,의원
지역::충북 진천군,speaker::예산결산위원장이충환,지역,지역,의원
지역::충북 진천군,speaker::이충환의원,지역,지역,의원
당선횟수::6선,speaker::예산결산위원장이충환,당선횟수,당선횟수,의원
당선횟수::6선,speaker::이충환의원,당선횟수,당선횟수,의원
speaker::이철승위원,정당::민주당,정당,의원,정당
speaker::이철승위원,지역::전북 전주을,지역,의원,지역
speaker::이철승위원,당선횟수::7선,당선횟수,의원,당선횟수
정당::민주당,speaker::유옥우위원,정당,정당,의원
정당::민주당,speaker::이태용위원,정당,정당,의원
당선횟수::7선,speaker::재정경제위원장이재형,당선횟수,당선횟수,의원
speaker::의사국장서상준,정당::미상,정당,의원,정당
speaker::의사국장서상준,지역::미상,지역,의원,지역
speaker::의사국장서상준,성별::미상,성별,의원,성별
speaker::의사국장서상준,당선횟수::미상,당선횟수,의원,당선횟수
speaker::의사국장서상준,당선방법::미상,당선방법,의원,당선방법
정당::미상,speaker::재무부장관김현철,정당,정당,의원
정당::미상,speaker::재무부차관천병규,정당,정당,의원
정당::미상,speaker::재무부장관송인상,정당,정당,의원
정당::미상,speaker::부흥부장관송인상,정당,정당,의원
정당::미상,speaker::부흥부장관신현확,정당,정당,의원
지역::미상,speaker::재무부장관김현철,지역,지역,의원
지역::미상,speaker::재무부차관천병규,지역,지역,의원
지역::미상,speaker::재무부장관송인상,지역,지역,의원
지역::미상,speaker::부흥부장관송인상,지역,지역,의원
지역::미상,speaker::부흥부장관신현확,지역,지역,의원
성별::미상,speaker::재무부장관김현철,성별,성별,의원
성별::미상,speaker::재무부차관천병규,성별,성별,의원
성별::미상,speaker::재무부장관송인상,성별,성별,의원
성별::미상,speaker::부흥부장관송인상,성별,성별,의원
성별::미상,speaker::부흥부장관신현확,성별,성별,의원
당선횟수::미상,speaker::재무부장관김현철,당선횟수,당선횟수,의원
당선횟수::미상,speaker::재무부차관천병규,당선횟수,당선횟수,의원
당선횟수::미상,speaker::재무부장관송인상,당선횟수,당선횟수,의원
당선횟수::미상,speaker::부흥부장관송인상,당선횟수,당선횟수,의원
당선횟수::미상,speaker::부흥부장관신현확,당선횟수,당선횟수,의원
당선방법::미상,speaker::재무부장관김현철,당선방법,당선방법,의원
당선방법::미상,speaker::재무부차관천병규,당선방법,당선방법,의원
당선방법::미상,speaker::재무부장관송인상,당선방법,당선방법,의원
당선방법::미상,speaker::부흥부장관송인상,당선방법,당선방법,의원
당선방법::미상,speaker::부흥부장관신현확,당선방법,당선방법,의원
speaker::부의장조경규,지역::경남 함안군,지역,의원,지역
speaker::부의장조봉암,정당::대한국민당,정당,의원,정당
speaker::부의장조봉암,지역::경기 인천병,지역,의원,지역
speaker::부의장조봉암,당선횟수::재선,당선횟수,의원,당선횟수
정당::대한국민당,speaker::재정경제위원장이재형,정당,정당,의원
당선횟수::재선,speaker::이진수의원,당선횟수,당선횟수,의원
당선횟수::재선,speaker::이형모위원,당선횟수,당선횟수,의원
당선횟수::재선,speaker::박정근위원,당선횟수,당선횟수,의원
당선횟수::재선,speaker::문종두위원,당선횟수,당선횟수,의원
당선횟수::재선,speaker::박정근의원,당선횟수,당선횟수,의원
당선횟수::재선,speaker::조헌영의원,당선횟수,당선횟수,의원
speaker::송방용위원,정당::무소속,정당,의원,정당
speaker::송방용위원,지역::전북 김제군갑,지역,의원,지역
speaker::송방용위원,당선횟수::4선,당선횟수,의원,당선횟수
정당::무소속,speaker::재정경제위원장박만원,정당,정당,의원
정당::무소속,speaker::이진수의원,정당,정당,의원
정당::무소속,speaker::양일동위원,정당,정당,의원
정당::무소속,speaker::민관식위원,정당,정당,의원
정당::무소속,speaker::곽의영의원,정당,정당,의원
정당::무소속,speaker::정준의원,정당,정당,의원
정당::무소속,speaker::문종두위원,정당,정당,의원
정당::무소속,speaker::박정근의원,정당,정당,의원
정당::무소속,speaker::위원장대리송방용,정당,정당,의원
지역::전북 김제군갑,speaker::위원장대리송방용,지역,지역,의원
당선횟수::4선,speaker::이태용위원,당선횟수,당선횟수,의원
당선횟수::4선,speaker::조영규의원,당선횟수,당선횟수,의원
당선횟수::4선,speaker::정준의원,당선횟수,당선횟수,의원
당선횟수::4선,speaker::위원장대리송방용,당선횟수,당선횟수,의원
speaker::재정경제위원장이재형,지역::경기 시흥,지역,의원,지역
speaker::유옥우위원,지역::전남 무안군을,지역,의원,지역
speaker::유옥우위원,당선횟수::5선,당선횟수,의원,당선횟수
당선횟수::5선,speaker::양일동위원,당선횟수,당선횟수,의원
당선횟수::5선,speaker::부의장이재학,당선횟수,당선횟수,의원
당선횟수::5선,speaker::민관식위원,당선횟수,당선횟수,의원
speaker::박영종의원,지역::전남 담양,지역,의원,지역
speaker::박영종의원,당선횟수::초선,당선횟수,의원,당선횟수
지역::전남 담양,speaker::박영종위원,지역,지역,의원
당선횟수::초선,speaker::재정경제위원장홍성하,당선횟수,당선횟수,의원
당선횟수::초선,speaker::박영종위원,당선횟수,당선횟수,의원
당선횟수::초선,speaker::부의장김동원,당선횟수,당선횟수,의원
speaker::재정경제위원장박만원,지역::경북 군위,지역,의원,지역
speaker::이진수의원,지역::경기 양주을,지역,의원,지역
speaker::이진수의원,speech::1948-06-01||제1대국회 제1회(임시회) 제2차 국회본회의(전체회의)||109,발언자,의원,발언
speaker::이진수의원,speech::1948-06-03||제1대국회 제1회(임시회) 제4차 국회본회의(전체회의)||43,발언자,의원,발언
speaker::이진수의원,speech::1948-06-12||제1대국회 제1회(임시회) 제9차 국회본회의(전체회의)||92,발언자,의원,발언
speaker::이진수의원,speech::1948-06-16||제1대국회 제1회(임시회) 제12차 국회본회의(전체회의)||34,발언자,의원,발언
speaker::이진수의원,speech::1948-06-17||제1대국회 제1회(임시회) 제13차 국회본회의(전체회의)||83,발언자,의원,발언
speaker::이진수의원,speech::1948-06-29||제1대국회 제1회(임시회) 제20차 국회본회의(전체회의)||179,발언자,의원,발언
speaker::이진수의원,speech::1948-07-02||제1대국회 제1회(임시회) 제23차 국회본회의(전체회의)||226,발언자,의원,발언
speaker::이진수의원,speech::1948-07-07||제1대국회 제1회(임시회) 제27차 국회본회의(전체회의)||26,발언자,의원,발언
speaker::이진수의원,speech::1948-07-15||제1대국회 제1회(임시회) 제30차 국회본회의(전체회의)||49,발언자,의원,발언
speaker::이진수의원,speech::1948-07-15||제1대국회 제1회(임시회) 제30차 국회본회의(전체회의)||51,발언자,의원,발언
speaker::이진수의원,speech::1948-07-15||제1대국회 제1회(임시회) 제30차 국회본회의(전체회의)||304,발언자,의원,발언
speaker::이진수의원,speech::1948-07-16||제1대국회 제1회(임시회) 제31차 국회본회의(전체회의)||100,발언자,의원,발언
speaker::이진수의원,speech::1948-07-16||제1대국회 제1회(임시회) 제31차 국회본회의(전체회의)||273,발언자,의원,발언
speaker::이진수의원,speech::1948-08-03||제1대국회 제1회(임시회) 제38차 국회본회의(전체회의)||148,발언자,의원,발언
speaker::이진수의원,speech::1948-08-05||제1대국회 제1회(임시회) 제40차 국회본회의(전체회의)||246,발언자,의원,발언
speaker::이진수의원,speech::1948-08-21||제1대국회 제1회(임시회) 제46차 국회본회의(전체회의)||168,발언자,의원,발언
speaker::이진수의원,speech::1948-08-25||제1대국회 제1회(임시회) 제48차 국회본회의(전체회의)||96,발언자,의원,발언
speaker::이진수의원,speech::1948-08-25||제1대국회 제1회(임시회) 제48차 국회본회의(전체회의)||172,발언자,의원,발언
speaker::이진수의원,speech::1948-08-30||제1대국회 제1회(임시회) 제52차 국회본회의(전체회의)||64,발언자,의원,발언
speaker::이진수의원,speech::1948-09-02||제1대국회 제1회(임시회) 제55차 국회본회의(전체회의)||48,발언자,의원,발언
speaker::이진수의원,speech::1948-09-11||제1대국회 제1회(임시회) 제63차 국회본회의(전체회의)||50,발언자,의원,발언
speaker::이진수의원,speech::1948-09-28||제1대국회 제1회(임시회) 제76차 국회본회의(전체회의)||77,발언자,의원,발언
speaker::이진수의원,speech::1948-09-30||제1대국회 제1회(임시회) 제78차 국회본회의(전체회의)||158,발언자,의원,발언
speaker::이진수의원,speech::1948-10-06||제1대국회 제1회(임시회) 제83차 국회본회의(전체회의)||214,발언자,의원,발언
speaker::이진수의원,speech::1948-10-12||제1대국회 제1회(임시회) 제86차 국회본회의(전체회의)||280,발언자,의원,발언
speaker::이진수의원,speech::1948-11-12||제1대국회 제1회(임시회) 제102차 국회본회의(전체회의)||79,발언자,의원,발언
speaker::이진수의원,speech::1948-11-17||제1대국회 제1회(임시회) 제106차 국회본회의(전체회의)||105,발언자,의원,발언
speaker::재정경제위원장홍성하,정당::한국민주당,정당,의원,정당
speaker::재정경제위원장홍성하,지역::서울 동대문구갑,지역,의원,지역
정당::한국민주당,speaker::부의장김동원,정당,정당,의원
정당::한국민주당,speaker::조헌영의원,정당,정당,의원
지역::서울 동대문구갑,speaker::민관식위원,지역,지역,의원
speaker::이형모위원,지역::전남 승주,지역,의원,지역
speaker::이태용위원,지역::충북 제천,지역,의원,지역
speaker::양일동위원,지역::전북 옥구,지역,의원,지역
speaker::부의장이재학,지역::강원 홍천군,지역,의원,지역
speaker::곽의영의원,지역::충북 청원군을,지역,의원,지역
speaker::박정근위원,지역::전북 진안군,지역,의원,지역
speaker::조영규의원,정당::민주국민당,정당,의원,정당
speaker::조영규의원,지역::전남 영광군,지역,의원,지역
speaker::조영규의원,speech::1948-07-14||제1대국회 제1회(임시회) 제29차 국회본회의(전체회의)||245,발언자,의원,발언
speaker::조영규의원,speech::1948-07-16||제1대국회 제1회(임시회) 제31차 국회본회의(전체회의)||199,발언자,의원,발언
speaker::조영규의원,speech::1948-09-15||제1대국회 제1회(임시회) 제66차 국회본회의(전체회의)||196,발언자,의원,발언
speaker::조영규의원,speech::1948-10-01||제1대국회 제1회(임시회) 제79차 국회본회의(전체회의)||27,발언자,의원,발언
speaker::조영규의원,speech::1948-10-06||제1대국회 제1회(임시회) 제83차 국회본회의(전체회의)||206,발언자,의원,발언
speaker::조영규의원,speech::1948-10-07||제1대국회 제1회(임시회) 제84차 국회본회의(전체회의)||66,발언자,의원,발언
speaker::조영규의원,speech::1948-10-13||제1대국회 제1회(임시회) 제87차 국회본회의(전체회의)||179,발언자,의원,발언
speaker::조영규의원,speech::1948-10-27||제1대국회 제1회(임시회) 제89차 국회본회의(전체회의)||43,발언자,의원,발언
speaker::정준의원,지역::경기 김포,지역,의원,지역
speaker::정준의원,speech::1948-06-02||제1대국회 제1회(임시회) 제3차 국회본회의(전체회의)||185,발언자,의원,발언
speaker::정준의원,speech::1948-06-29||제1대국회 제1회(임시회) 제20차 국회본회의(전체회의)||167,발언자,의원,발언
speaker::정준의원,speech::1948-07-05||제1대국회 제1회(임시회) 제25차 국회본회의(전체회의)||61,발언자,의원,발언
speaker::정준의원,speech::1948-08-19||제1대국회 제1회(임시회) 제44차 국회본회의(전체회의)||82,발언자,의원,발언
speaker::정준의원,speech::1948-08-26||제1대국회 제1회(임시회) 제49차 국회본회의(전체회의)||47,발언자,의원,발언
speaker::정준의원,speech::1948-08-30||제1대국회 제1회(임시회) 제52차 국회본회의(전체회의)||26,발언자,의원,발언
speaker::정준의원,speech::1948-09-03||제1대국회 제1회(임시회) 제56차 국회본회의(전체회의)||87,발언자,의원,발언
speaker::정준의원,speech::1948-10-04||제1대국회 제1회(임시회) 제81차 국회본회의(전체회의)||48,발언자,의원,발언
speaker::정준의원,speech::1948-10-13||제1대국회 제1회(임시회) 제87차 국회본회의(전체회의)||231,발언자,의원,발언
speaker::정준의원,speech::1948-10-14||제1대국회 제1회(임시회) 제88차 국회본회의(전체회의)||148,발언자,의원,발언
speaker::정준의원,speech::1948-10-27||제1대국회 제1회(임시회) 제89차 국회본회의(전체회의)||67,발언자,의원,발언
speaker::정준의원,speech::1948-11-01||제1대국회 제1회(임시회) 제93차 국회본회의(전체회의)||78,발언자,의원,발언
speaker::정준의원,speech::1948-11-05||제1대국회 제1회(임시회) 제96차 국회본회의(전체회의)||99,발언자,의원,발언
speaker::문종두위원,지역::경북 김천,지역,의원,지역
speaker::부의장김동원,지역::서울 용산구,지역,의원,지역
speaker::부의장김동원,speech::1948-07-15||제1대국회 제1회(임시회) 제30차 국회본회의(전체회의)||357,발언자,의원,발언
speaker::부의장김동원,speech::1948-07-15||제1대국회 제1회(임시회) 제30차 국회본회의(전체회의)||362,발언자,의원,발언
speaker::부의장김동원,speech::1948-07-16||제1대국회 제1회(임시회) 제31차 국회본회의(전체회의)||130,발언자,의원,발언
speaker::부의장김동원,speech::1948-07-16||제1대국회 제1회(임시회) 제31차 국회본회의(전체회의)||200,발언자,의원,발언
speaker::부의장김동원,speech::1948-07-16||제1대국회 제1회(임시회) 제31차 국회본회의(전체회의)||222,발언자,의원,발언
speaker::부의장김동원,speech::1948-07-16||제1대국회 제1회(임시회) 제31차 국회본회의(전체회의)||224,발언자,의원,발언
speaker::부의장김동원,speech::1948-07-16||제1대국회 제1회(임시회) 제31차 국회본회의(전체회의)||241,발언자,의원,발언
speaker::부의장김동원,speech::1948-08-17||제1대국회 제1회(임시회) 제42차 국회본회의(전체회의)||27,발언자,의원,발언
speaker::부의장김동원,speech::1948-08-17||제1대국회 제1회(임시회) 제42차 국회본회의(전체회의)||31,발언자,의원,발언
speaker::부의장김동원,speech::1948-09-14||제1대국회 제1회(임시회) 제65차 국회본회의(전체회의)||371,발언자,의원,발언
speaker::부의장김동원,speech::1948-09-18||제1대국회 제1회(임시회) 제69차 국회본회의(전체회의)||47,발언자,의원,발언
speaker::부의장김동원,speech::1948-10-01||제1대국회 제1회(임시회) 제79차 국회본회의(전체회의)||181,발언자,의원,발언
speaker::부의장김동원,speech::1948-10-05||제1대국회 제1회(임시회) 제82차 국회본회의(전체회의)||83,발언자,의원,발언
speaker::박정근의원,지역::전북 전주,지역,의원,지역
speaker::조헌영의원,지역::경북 영양,지역,의원,지역
speaker::조헌영의원,speech::1948-06-11||제1대국회 제1회(임시회) 제8차 국회본회의(전체회의)||81,발언자,의원,발언
speaker::조헌영의원,speech::1948-06-15||제1대국회 제1회(임시회) 제11차 국회본회의(전체회의)||64,발언자,의원,발언
speaker::조헌영의원,speech::1948-06-16||제1대국회 제1회(임시회) 제12차 국회본회의(전체회의)||118,발언자,의원,발언
speaker::조헌영의원,speech::1948-06-17||제1대국회 제1회(임시회) 제13차 국회본회의(전체회의)||135,발언자,의원,발언
speaker::조헌영의원,speech::1948-06-23||제1대국회 제1회(임시회) 제17차 국회본회의(전체회의)||33,발언자,의원,발언
speaker::조헌영의원,speech::1948-06-28||제1대국회 제1회(임시회) 제19차 국회본회의(전체회의)||99,발언자,의원,발언
speaker::조헌영의원,speech::1948-07-05||제1대국회 제1회(임시회) 제25차 국회본회의(전체회의)||258,발언자,의원,발언
speaker::조헌영의원,speech::1948-07-07||제1대국회 제1회(임시회) 제27차 국회본회의(전체회의)||247,발언자,의원,발언
speaker::조헌영의원,speech::1948-07-12||제1대국회 제1회(임시회) 제28차 국회본회의(전체회의)||65,발언자,의원,발언
speaker::조헌영의원,speech::1948-07-15||제1대국회 제1회(임시회) 제30차 국회본회의(전체회의)||352,발언자,의원,발언
speaker::조헌영의원,speech::1948-07-15||제1대국회 제1회(임시회) 제30차 국회본회의(전체회의)||375,발언자,의원,발언
speaker::조헌영의원,speech::1948-07-16||제1대국회 제1회(임시회) 제31차 국회본회의(전체회의)||111,발언자,의원,발언
speaker::조헌영의원,speech::1948-08-02||제1대국회 제1회(임시회) 제37차 국회본회의(전체회의)||297,발언자,의원,발언
speaker::조헌영의원,speech::1948-08-03||제1대국회 제1회(임시회) 제38차 국회본회의(전체회의)||138,발언자,의원,발언
speaker::조헌영의원,speech::1948-08-26||제1대국회 제1회(임시회) 제49차 국회본회의(전체회의)||80,발언자,의원,발언
speaker::조헌영의원,speech::1948-08-30||제1대국회 제1회(임시회) 제52차 국회본회의(전체회의)||130,발언자,의원,발언
speaker::조헌영의원,speech::1948-08-31||제1대국회 제1회(임시회) 제53차 국회본회의(전체회의)||231,발언자,의원,발언
speaker::조헌영의원,speech::1948-09-08||제1대국회 제1회(임시회) 제60차 국회본회의(전체회의)||45,발언자,의원,발언
speaker::조헌영의원,speech::1948-09-09||제1대국회 제1회(임시회) 제61차 국회본회의(전체회의)||55,발언자,의원,발언
speaker::조헌영의원,speech::1948-09-11||제1대국회 제1회(임시회) 제63차 국회본회의(전체회의)||99,발언자,의원,발언
speaker::조헌영의원,speech::1948-09-13||제1대국회 제1회(임시회) 제64차 국회본회의(전체회의)||306,발언자,의원,발언
speaker::조헌영의원,speech::1948-09-20||제1대국회 제1회(임시회) 제70차 국회본회의(전체회의)||72,발언자,의원,발언
speaker::조헌영의원,speech::1948-09-28||제1대국회 제1회(임시회) 제76차 국회본회의(전체회의)||34,발언자,의원,발언
speaker::조헌영의원,speech::1948-09-29||제1대국회 제1회(임시회) 제77차 국회본회의(전체회의)||63,발언자,의원,발언
speaker::조헌영의원,speech::1948-09-30||제1대국회 제1회(임시회) 제78차 국회본회의(전체회의)||151,발언자,의원,발언
speaker::조헌영의원,speech::1948-10-07||제1대국회 제1회(임시회) 제84차 국회본회의(전체회의)||28,발언자,의원,발언
speaker::조헌영의원,speech::1948-11-06||제1대국회 제1회(임시회) 제97차 국회본회의(전체회의)||68,발언자,의원,발언
family::기술,speech::1948-06-01||제1대국회 제1회(임시회) 제2차 국회본회의(전체회의)||109,담론계열,담론계열,발언
family::기술,speech::1948-06-03||제1대국회 제1회(임시회) 제4차 국회본회의(전체회의)||43,담론계열,담론계열,발언
family::기술,speech::1948-06-16||제1대국회 제1회(임시회) 제12차 국회본회의(전체회의)||34,담론계열,담론계열,발언
family::기술,speech::1948-06-16||제1대국회 제1회(임시회) 제12차 국회본회의(전체회의)||118,담론계열,담론계열,발언
family::기술,speech::1948-06-17||제1대국회 제1회(임시회) 제13차 국회본회의(전체회의)||83,담론계열,담론계열,발언
family::기술,speech::1948-06-23||제1대국회 제1회(임시회) 제17차 국회본회의(전체회의)||33,담론계열,담론계열,발언
family::기술,speech::1948-06-29||제1대국회 제1회(임시회) 제20차 국회본회의(전체회의)||167,담론계열,담론계열,발언
family::기술,speech::1948-06-29||제1대국회 제1회(임시회) 제20차 국회본회의(전체회의)||179,담론계열,담론계열,발언
family::기술,speech::1948-07-02||제1대국회 제1회(임시회) 제23차 국회본회의(전체회의)||226,담론계열,담론계열,발언
family::기술,speech::1948-07-15||제1대국회 제1회(임시회) 제30차 국회본회의(전체회의)||49,담론계열,담론계열,발언
family::기술,speech::1948-07-15||제1대국회 제1회(임시회) 제30차 국회본회의(전체회의)||51,담론계열,담론계열,발언
family::기술,speech::1948-07-16||제1대국회 제1회(임시회) 제31차 국회본회의(전체회의)||111,담론계열,담론계열,발언
family::기술,speech::1948-07-16||제1대국회 제1회(임시회) 제31차 국회본회의(전체회의)||130,담론계열,담론계열,발언
family::기술,speech::1948-07-16||제1대국회 제1회(임시회) 제31차 국회본회의(전체회의)||199,담론계열,담론계열,발언
family::기술,speech::1948-07-16||제1대국회 제1회(임시회) 제31차 국회본회의(전체회의)||200,담론계열,담론계열,발언
family::기술,speech::1948-07-16||제1대국회 제1회(임시회) 제31차 국회본회의(전체회의)||222,담론계열,담론계열,발언
family::기술,speech::1948-07-16||제1대국회 제1회(임시회) 제31차 국회본회의(전체회의)||273,담론계열,담론계열,발언
family::기술,speech::1948-08-03||제1대국회 제1회(임시회) 제38차 국회본회의(전체회의)||138,담론계열,담론계열,발언
family::기술,speech::1948-08-05||제1대국회 제1회(임시회) 제40차 국회본회의(전체회의)||246,담론계열,담론계열,발언
family::기술,speech::1948-08-25||제1대국회 제1회(임시회) 제48차 국회본회의(전체회의)||96,담론계열,담론계열,발언
family::기술,speech::1948-08-26||제1대국회 제1회(임시회) 제49차 국회본회의(전체회의)||195,담론계열,담론계열,발언
family::기술,speech::1948-08-30||제1대국회 제1회(임시회) 제52차 국회본회의(전체회의)||130,담론계열,담론계열,발언
family::기술,speech::1948-09-14||제1대국회 제1회(임시회) 제65차 국회본회의(전체회의)||371,담론계열,담론계열,발언
family::기술,speech::1948-09-15||제1대국회 제1회(임시회) 제66차 국회본회의(전체회의)||196,담론계열,담론계열,발언
family::기술,speech::1948-09-20||제1대국회 제1회(임시회) 제70차 국회본회의(전체회의)||22,담론계열,담론계열,발언
family::기술,speech::1948-09-20||제1대국회 제1회(임시회) 제70차 국회본회의(전체회의)||26,담론계열,담론계열,발언
family::기술,speech::1948-09-20||제1대국회 제1회(임시회) 제70차 국회본회의(전체회의)||72,담론계열,담론계열,발언
family::기술,speech::1948-09-23||제1대국회 제1회(임시회) 제73차 국회본회의(전체회의)||50,담론계열,담론계열,발언
family::기술,speech::1948-09-23||제1대국회 제1회(임시회) 제73차 국회본회의(전체회의)||52,담론계열,담론계열,발언
family::기술,speech::1948-09-27||제1대국회 제1회(임시회) 제75차 국회본회의(전체회의)||323,담론계열,담론계열,발언
family::기술,speech::1948-09-28||제1대국회 제1회(임시회) 제76차 국회본회의(전체회의)||77,담론계열,담론계열,발언
family::기술,speech::1948-09-28||제1대국회 제1회(임시회) 제76차 국회본회의(전체회의)||242,담론계열,담론계열,발언
family::기술,speech::1948-09-28||제1대국회 제1회(임시회) 제76차 국회본회의(전체회의)||375,담론계열,담론계열,발언
family::기술,speech::1948-09-28||제1대국회 제1회(임시회) 제76차 국회본회의(전체회의)||418,담론계열,담론계열,발언
family::기술,speech::1948-09-30||제1대국회 제1회(임시회) 제78차 국회본회의(전체회의)||151,담론계열,담론계열,발언
family::기술,speech::1948-09-30||제1대국회 제1회(임시회) 제78차 국회본회의(전체회의)||158,담론계열,담론계열,발언
family::기술,speech::1948-10-06||제1대국회 제1회(임시회) 제83차 국회본회의(전체회의)||206,담론계열,담론계열,발언
family::기술,speech::1948-10-06||제1대국회 제1회(임시회) 제83차 국회본회의(전체회의)||214,담론계열,담론계열,발언
family::기술,speech::1948-10-07||제1대국회 제1회(임시회) 제84차 국회본회의(전체회의)||28,담론계열,담론계열,발언
family::기술,speech::1948-10-07||제1대국회 제1회(임시회) 제84차 국회본회의(전체회의)||66,담론계열,담론계열,발언
family::기술,speech::1948-10-12||제1대국회 제1회(임시회) 제86차 국회본회의(전체회의)||280,담론계열,담론계열,발언
family::기술,speech::1948-10-13||제1대국회 제1회(임시회) 제87차 국회본회의(전체회의)||179,담론계열,담론계열,발언
family::기술,speech::1948-10-13||제1대국회 제1회(임시회) 제87차 국회본회의(전체회의)||201,담론계열,담론계열,발언
family::기술,speech::1948-11-12||제1대국회 제1회(임시회) 제102차 국회본회의(전체회의)||79,담론계열,담론계열,발언
family::기술,speech::1948-11-17||제1대국회 제1회(임시회) 제106차 국회본회의(전체회의)||105,담론계열,담론계열,발언
family::소득,speech::1948-06-02||제1대국회 제1회(임시회) 제3차 국회본회의(전체회의)||185,담론계열,담론계열,발언
family::소득,speech::1948-06-16||제1대국회 제1회(임시회) 제12차 국회본회의(전체회의)||34,담론계열,담론계열,발언
family::소득,speech::1948-06-16||제1대국회 제1회(임시회) 제12차 국회본회의(전체회의)||118,담론계열,담론계열,발언
family::소득,speech::1948-06-23||제1대국회 제1회(임시회) 제17차 국회본회의(전체회의)||33,담론계열,담론계열,발언
family::소득,speech::1948-06-28||제1대국회 제1회(임시회) 제19차 국회본회의(전체회의)||99,담론계열,담론계열,발언
family::소득,speech::1948-06-29||제1대국회 제1회(임시회) 제20차 국회본회의(전체회의)||179,담론계열,담론계열,발언
family::소득,speech::1948-07-02||제1대국회 제1회(임시회) 제23차 국회본회의(전체회의)||226,담론계열,담론계열,발언
family::소득,speech::1948-07-07||제1대국회 제1회(임시회) 제27차 국회본회의(전체회의)||26,담론계열,담론계열,발언
family::소득,speech::1948-07-15||제1대국회 제1회(임시회) 제30차 국회본회의(전체회의)||352,담론계열,담론계열,발언
family::소득,speech::1948-07-15||제1대국회 제1회(임시회) 제30차 국회본회의(전체회의)||357,담론계열,담론계열,발언
family::소득,speech::1948-07-15||제1대국회 제1회(임시회) 제30차 국회본회의(전체회의)||362,담론계열,담론계열,발언
family::소득,speech::1948-07-15||제1대국회 제1회(임시회) 제30차 국회본회의(전체회의)||375,담론계열,담론계열,발언
family::소득,speech::1948-07-16||제1대국회 제1회(임시회) 제31차 국회본회의(전체회의)||100,담론계열,담론계열,발언
family::소득,speech::1948-07-16||제1대국회 제1회(임시회) 제31차 국회본회의(전체회의)||222,담론계열,담론계열,발언
family::소득,speech::1948-07-16||제1대국회 제1회(임시회) 제31차 국회본회의(전체회의)||224,담론계열,담론계열,발언
family::소득,speech::1948-07-16||제1대국회 제1회(임시회) 제31차 국회본회의(전체회의)||241,담론계열,담론계열,발언
family::소득,speech::1948-08-03||제1대국회 제1회(임시회) 제38차 국회본회의(전체회의)||138,담론계열,담론계열,발언
family::소득,speech::1948-08-17||제1대국회 제1회(임시회) 제42차 국회본회의(전체회의)||27,담론계열,담론계열,발언
family::소득,speech::1948-08-23||제1대국회 제1회(임시회) 제47차 국회본회의(전체회의)||110,담론계열,담론계열,발언
family::소득,speech::1948-08-25||제1대국회 제1회(임시회) 제48차 국회본회의(전체회의)||172,담론계열,담론계열,발언
family::소득,speech::1948-08-30||제1대국회 제1회(임시회) 제52차 국회본회의(전체회의)||130,담론계열,담론계열,발언
family::소득,speech::1948-08-31||제1대국회 제1회(임시회) 제53차 국회본회의(전체회의)||231,담론계열,담론계열,발언
family::소득,speech::1948-09-02||제1대국회 제1회(임시회) 제55차 국회본회의(전체회의)||48,담론계열,담론계열,발언
family::소득,speech::1948-09-11||제1대국회 제1회(임시회) 제63차 국회본회의(전체회의)||99,담론계열,담론계열,발언
family::소득,speech::1948-09-13||제1대국회 제1회(임시회) 제64차 국회본회의(전체회의)||306,담론계열,담론계열,발언
family::소득,speech::1948-09-13||제1대국회 제1회(임시회) 제64차 국회본회의(전체회의)||309,담론계열,담론계열,발언
family::소득,speech::1948-09-28||제1대국회 제1회(임시회) 제76차 국회본회의(전체회의)||34,담론계열,담론계열,발언
family::소득,speech::1948-09-28||제1대국회 제1회(임시회) 제76차 국회본회의(전체회의)||77,담론계열,담론계열,발언
family::소득,speech::1948-09-29||제1대국회 제1회(임시회) 제77차 국회본회의(전체회의)||63,담론계열,담론계열,발언
family::소득,speech::1948-09-30||제1대국회 제1회(임시회) 제78차 국회본회의(전체회의)||151,담론계열,담론계열,발언
family::소득,speech::1948-10-01||제1대국회 제1회(임시회) 제79차 국회본회의(전체회의)||181,담론계열,담론계열,발언
family::소득,speech::1948-10-04||제1대국회 제1회(임시회) 제81차 국회본회의(전체회의)||88,담론계열,담론계열,발언
family::소득,speech::1948-10-13||제1대국회 제1회(임시회) 제87차 국회본회의(전체회의)||179,담론계열,담론계열,발언
family::소득,speech::1948-11-06||제1대국회 제1회(임시회) 제97차 국회본회의(전체회의)||45,담론계열,담론계열,발언
family::소득,speech::1948-11-06||제1대국회 제1회(임시회) 제97차 국회본회의(전체회의)||68,담론계열,담론계열,발언
family::소득,speech::1948-11-08||제1대국회 제1회(임시회) 제98차 국회본회의(전체회의)||33,담론계열,담론계열,발언
family::소득,speech::1948-11-17||제1대국회 제1회(임시회) 제106차 국회본회의(전체회의)||73,담론계열,담론계열,발언
family::소득,speech::1948-11-17||제1대국회 제1회(임시회) 제106차 국회본회의(전체회의)||105,담론계열,담론계열,발언
family::노동,speech::1948-06-16||제1대국회 제1회(임시회) 제12차 국회본회의(전체회의)||118,담론계열,담론계열,발언
family::노동,speech::1948-06-23||제1대국회 제1회(임시회) 제17차 국회본회의(전체회의)||33,담론계열,담론계열,발언
family::노동,speech::1948-06-29||제1대국회 제1회(임시회) 제20차 국회본회의(전체회의)||179,담론계열,담론계열,발언
family::노동,speech::1948-07-02||제1대국회 제1회(임시회) 제23차 국회본회의(전체회의)||226,담론계열,담론계열,발언
family::노동,speech::1948-07-05||제1대국회 제1회(임시회) 제25차 국회본회의(전체회의)||61,담론계열,담론계열,발언
family::노동,speech::1948-07-05||제1대국회 제1회(임시회) 제25차 국회본회의(전체회의)||258,담론계열,담론계열,발언
family::노동,speech::1948-07-07||제1대국회 제1회(임시회) 제27차 국회본회의(전체회의)||247,담론계열,담론계열,발언
family::노동,speech::1948-07-14||제1대국회 제1회(임시회) 제29차 국회본회의(전체회의)||245,담론계열,담론계열,발언
family::노동,speech::1948-07-15||제1대국회 제1회(임시회) 제30차 국회본회의(전체회의)||304,담론계열,담론계열,발언
family::노동,speech::1948-07-16||제1대국회 제1회(임시회) 제31차 국회본회의(전체회의)||100,담론계열,담론계열,발언
family::노동,speech::1948-09-11||제1대국회 제1회(임시회) 제63차 국회본회의(전체회의)||50,담론계열,담론계열,발언
family::이민,speech::1948-06-11||제1대국회 제1회(임시회) 제8차 국회본회의(전체회의)||81,담론계열,담론계열,발언
family::이민,speech::1948-06-12||제1대국회 제1회(임시회) 제9차 국회본회의(전체회의)||92,담론계열,담론계열,발언
family::이민,speech::1948-06-15||제1대국회 제1회(임시회) 제11차 국회본회의(전체회의)||64,담론계열,담론계열,발언
family::이민,speech::1948-06-17||제1대국회 제1회(임시회) 제13차 국회본회의(전체회의)||83,담론계열,담론계열,발언
family::이민,speech::1948-06-17||제1대국회 제1회(임시회) 제13차 국회본회의(전체회의)||135,담론계열,담론계열,발언
family::이민,speech::1948-06-23||제1대국회 제1회(임시회) 제17차 국회본회의(전체회의)||33,담론계열,담론계열,발언
family::이민,speech::1948-06-29||제1대국회 제1회(임시회) 제20차 국회본회의(전체회의)||179,담론계열,담론계열,발언
family::이민,speech::1948-07-15||제1대국회 제1회(임시회) 제30차 국회본회의(전체회의)||304,담론계열,담론계열,발언
family::이민,speech::1948-08-03||제1대국회 제1회(임시회) 제38차 국회본회의(전체회의)||148,담론계열,담론계열,발언
family::이민,speech::1948-08-16||제1대국회 제1회(임시회) 제41차 국회본회의(전체회의)||169,담론계열,담론계열,발언
family::이민,speech::1948-08-16||제1대국회 제1회(임시회) 제41차 국회본회의(전체회의)||174,담론계열,담론계열,발언
family::이민,speech::1948-08-19||제1대국회 제1회(임시회) 제44차 국회본회의(전체회의)||82,담론계열,담론계열,발언
family::이민,speech::1948-08-21||제1대국회 제1회(임시회) 제46차 국회본회의(전체회의)||168,담론계열,담론계열,발언
family::이민,speech::1948-08-26||제1대국회 제1회(임시회) 제49차 국회본회의(전체회의)||47,담론계열,담론계열,발언
family::이민,speech::1948-08-30||제1대국회 제1회(임시회) 제52차 국회본회의(전체회의)||26,담론계열,담론계열,발언
family::이민,speech::1948-08-31||제1대국회 제1회(임시회) 제53차 국회본회의(전체회의)||30,담론계열,담론계열,발언
family::이민,speech::1948-08-31||제1대국회 제1회(임시회) 제53차 국회본회의(전체회의)||40,담론계열,담론계열,발언
family::이민,speech::1948-09-02||제1대국회 제1회(임시회) 제55차 국회본회의(전체회의)||48,담론계열,담론계열,발언
family::이민,speech::1948-09-03||제1대국회 제1회(임시회) 제56차 국회본회의(전체회의)||87,담론계열,담론계열,발언
family::이민,speech::1948-09-04||제1대국회 제1회(임시회) 제57차 국회본회의(전체회의)||31,담론계열,담론계열,발언
family::이민,speech::1948-09-28||제1대국회 제1회(임시회) 제76차 국회본회의(전체회의)||412,담론계열,담론계열,발언
family::이민,speech::1948-10-04||제1대국회 제1회(임시회) 제81차 국회본회의(전체회의)||48,담론계열,담론계열,발언
family::이민,speech::1948-10-12||제1대국회 제1회(임시회) 제86차 국회본회의(전체회의)||33,담론계열,담론계열,발언
family::이민,speech::1948-10-14||제1대국회 제1회(임시회) 제88차 국회본회의(전체회의)||148,담론계열,담론계열,발언
family::이민,speech::1948-10-27||제1대국회 제1회(임시회) 제89차 국회본회의(전체회의)||38,담론계열,담론계열,발언
family::이민,speech::1948-10-27||제1대국회 제1회(임시회) 제89차 국회본회의(전체회의)||43,담론계열,담론계열,발언
family::이민,speech::1948-10-27||제1대국회 제1회(임시회) 제89차 국회본회의(전체회의)||44,담론계열,담론계열,발언
family::이민,speech::1948-10-27||제1대국회 제1회(임시회) 제89차 국회본회의(전체회의)||67,담론계열,담론계열,발언
family::이민,speech::1948-10-28||제1대국회 제1회(임시회) 제90차 국회본회의(전체회의)||41,담론계열,담론계열,발언
family::이민,speech::1948-11-01||제1대국회 제1회(임시회) 제93차 국회본회의(전체회의)||78,담론계열,담론계열,발언
family::이민,speech::1948-11-05||제1대국회 제1회(임시회) 제96차 국회본회의(전체회의)||99,담론계열,담론계열,발언
family::이주,speech::1948-08-02||제1대국회 제1회(임시회) 제37차 국회본회의(전체회의)||297,담론계열,담론계열,발언
family::이주,speech::1948-08-17||제1대국회 제1회(임시회) 제42차 국회본회의(전체회의)||31,담론계열,담론계열,발언
family::이주,speech::1948-08-28||제1대국회 제1회(임시회) 제51차 국회본회의(전체회의)||98,담론계열,담론계열,발언
family::이주,speech::1948-08-30||제1대국회 제1회(임시회) 제52차 국회본회의(전체회의)||64,담론계열,담론계열,발언
family::이주,speech::1948-09-08||제1대국회 제1회(임시회) 제60차 국회본회의(전체회의)||45,담론계열,담론계열,발언
family::이주,speech::1948-09-22||제1대국회 제1회(임시회) 제72차 국회본회의(전체회의)||109,담론계열,담론계열,발언
family::이주,speech::1948-09-23||제1대국회 제1회(임시회) 제73차 국회본회의(전체회의)||44,담론계열,담론계열,발언
family::이주,speech::1948-09-29||제1대국회 제1회(임시회) 제77차 국회본회의(전체회의)||313,담론계열,담론계열,발언
family::이주,speech::1948-11-06||제1대국회 제1회(임시회) 제97차 국회본회의(전체회의)||68,담론계열,담론계열,발언
family::외국인,speech::1948-06-29||제1대국회 제1회(임시회) 제20차 국회본회의(전체회의)||167,담론계열,담론계열,발언
family::외국인,speech::1948-07-12||제1대국회 제1회(임시회) 제28차 국회본회의(전체회의)||65,담론계열,담론계열,발언
family::외국인,speech::1948-08-26||제1대국회 제1회(임시회) 제49차 국회본회의(전체회의)||80,담론계열,담론계열,발언
family::외국인,speech::1948-09-09||제1대국회 제1회(임시회) 제61차 국회본회의(전체회의)||55,담론계열,담론계열,발언
family::외국인,speech::1948-09-14||제1대국회 제1회(임시회) 제65차 국회본회의(전체회의)||24,담론계열,담론계열,발언
family::외국인,speech::1948-09-18||제1대국회 제1회(임시회) 제69차 국회본회의(전체회의)||47,담론계열,담론계열,발언
family::외국인,speech::1948-09-20||제1대국회 제1회(임시회) 제70차 국회본회의(전체회의)||22,담론계열,담론계열,발언
family::외국인,speech::1948-09-27||제1대국회 제1회(임시회) 제75차 국회본회의(전체회의)||28,담론계열,담론계열,발언
family::외국인,speech::1948-10-01||제1대국회 제1회(임시회) 제79차 국회본회의(전체회의)||27,담론계열,담론계열,발언
family::외국인,speech::1948-10-04||제1대국회 제1회(임시회) 제81차 국회본회의(전체회의)||48,담론계열,담론계열,발언
family::외국인,speech::1948-10-05||제1대국회 제1회(임시회) 제82차 국회본회의(전체회의)||83,담론계열,담론계열,발언
family::외국인,speech::1948-10-13||제1대국회 제1회(임시회) 제87차 국회본회의(전체회의)||231,담론계열,담론계열,발언
family::외국인,speech::1948-11-06||제1대국회 제1회(임시회) 제97차 국회본회의(전체회의)||68,담론계열,담론계열,발언
speech::1948-06-01||제1대국회 제1회(임시회) 제2차 국회본회의(전체회의)||109,keyword::건설,키워드,발언,키워드
speech::1948-06-02||제1대국회 제1회(임시회) 제3차 국회본회의(전체회의)||185,keyword::재정,키워드,발언,키워드
speech::1948-06-02||제1대국회 제1회(임시회) 제3차 국회본회의(전체회의)||185,keyword::예산,키워드,발언,키워드
speech::1948-06-03||제1대국회 제1회(임시회) 제4차 국회본회의(전체회의)||43,keyword::건설,키워드,발언,키워드
speech::1948-06-11||제1대국회 제1회(임시회) 제8차 국회본회의(전체회의)||81,keyword::동포,키워드,발언,키워드
speech::1948-06-12||제1대국회 제1회(임시회) 제9차 국회본회의(전체회의)||92,keyword::동포,키워드,발언,키워드
speech::1948-06-15||제1대국회 제1회(임시회) 제11차 국회본회의(전체회의)||64,keyword::동포,키워드,발언,키워드
speech::1948-06-16||제1대국회 제1회(임시회) 제12차 국회본회의(전체회의)||34,keyword::산업,키워드,발언,키워드
speech::1948-06-16||제1대국회 제1회(임시회) 제12차 국회본회의(전체회의)||34,keyword::경제,키워드,발언,키워드
speech::1948-06-16||제1대국회 제1회(임시회) 제12차 국회본회의(전체회의)||118,keyword::재정,키워드,발언,키워드
speech::1948-06-16||제1대국회 제1회(임시회) 제12차 국회본회의(전체회의)||118,keyword::산업,키워드,발언,키워드
speech::1948-06-16||제1대국회 제1회(임시회) 제12차 국회본회의(전체회의)||118,keyword::노동자,키워드,발언,키워드
speech::1948-06-17||제1대국회 제1회(임시회) 제13차 국회본회의(전체회의)||83,keyword::산업,키워드,발언,키워드
speech::1948-06-17||제1대국회 제1회(임시회) 제13차 국회본회의(전체회의)||83,keyword::건설,키워드,발언,키워드
speech::1948-06-17||제1대국회 제1회(임시회) 제13차 국회본회의(전체회의)||83,keyword::동포,키워드,발언,키워드
speech::1948-06-17||제1대국회 제1회(임시회) 제13차 국회본회의(전체회의)||135,keyword::동포,키워드,발언,키워드
speech::1948-06-23||제1대국회 제1회(임시회) 제17차 국회본회의(전체회의)||33,keyword::재정,키워드,발언,키워드
speech::1948-06-23||제1대국회 제1회(임시회) 제17차 국회본회의(전체회의)||33,keyword::근로자,키워드,발언,키워드
speech::1948-06-23||제1대국회 제1회(임시회) 제17차 국회본회의(전체회의)||33,keyword::동포,키워드,발언,키워드
speech::1948-06-23||제1대국회 제1회(임시회) 제17차 국회본회의(전체회의)||33,keyword::재건,키워드,발언,키워드
speech::1948-06-23||제1대국회 제1회(임시회) 제17차 국회본회의(전체회의)||33,keyword::근로,키워드,발언,키워드
speech::1948-06-23||제1대국회 제1회(임시회) 제17차 국회본회의(전체회의)||33,keyword::경제,키워드,발언,키워드
speech::1948-06-23||제1대국회 제1회(임시회) 제17차 국회본회의(전체회의)||33,keyword::예산,키워드,발언,키워드
speech::1948-06-28||제1대국회 제1회(임시회) 제19차 국회본회의(전체회의)||99,keyword::재정,키워드,발언,키워드
speech::1948-06-29||제1대국회 제1회(임시회) 제20차 국회본회의(전체회의)||167,keyword::건설,키워드,발언,키워드
speech::1948-06-29||제1대국회 제1회(임시회) 제20차 국회본회의(전체회의)||167,keyword::미군,키워드,발언,키워드
speech::1948-06-29||제1대국회 제1회(임시회) 제20차 국회본회의(전체회의)||179,keyword::근로,키워드,발언,키워드
speech::1948-06-29||제1대국회 제1회(임시회) 제20차 국회본회의(전체회의)||179,keyword::동력,키워드,발언,키워드
speech::1948-06-29||제1대국회 제1회(임시회) 제20차 국회본회의(전체회의)||179,keyword::경제,키워드,발언,키워드
speech::1948-06-29||제1대국회 제1회(임시회) 제20차 국회본회의(전체회의)||179,keyword::동포,키워드,발언,키워드
speech::1948-07-02||제1대국회 제1회(임시회) 제23차 국회본회의(전체회의)||226,keyword::노동자,키워드,발언,키워드
speech::1948-07-02||제1대국회 제1회(임시회) 제23차 국회본회의(전체회의)||226,keyword::산업,키워드,발언,키워드
speech::1948-07-02||제1대국회 제1회(임시회) 제23차 국회본회의(전체회의)||226,keyword::공업,키워드,발언,키워드
speech::1948-07-02||제1대국회 제1회(임시회) 제23차 국회본회의(전체회의)||226,keyword::경제,키워드,발언,키워드
speech::1948-07-02||제1대국회 제1회(임시회) 제23차 국회본회의(전체회의)||226,keyword::건설,키워드,발언,키워드
speech::1948-07-02||제1대국회 제1회(임시회) 제23차 국회본회의(전체회의)||226,keyword::예산,키워드,발언,키워드
speech::1948-07-05||제1대국회 제1회(임시회) 제25차 국회본회의(전체회의)||61,keyword::근로,키워드,발언,키워드
speech::1948-07-05||제1대국회 제1회(임시회) 제25차 국회본회의(전체회의)||258,keyword::노동자,키워드,발언,키워드
speech::1948-07-07||제1대국회 제1회(임시회) 제27차 국회본회의(전체회의)||26,keyword::재정,키워드,발언,키워드
speech::1948-07-07||제1대국회 제1회(임시회) 제27차 국회본회의(전체회의)||26,keyword::경제,키워드,발언,키워드
speech::1948-07-07||제1대국회 제1회(임시회) 제27차 국회본회의(전체회의)||247,keyword::근로,키워드,발언,키워드
speech::1948-07-07||제1대국회 제1회(임시회) 제27차 국회본회의(전체회의)||247,keyword::실업,키워드,발언,키워드
speech::1948-07-12||제1대국회 제1회(임시회) 제28차 국회본회의(전체회의)||65,keyword::외인,키워드,발언,키워드
speech::1948-07-14||제1대국회 제1회(임시회) 제29차 국회본회의(전체회의)||245,keyword::노동자,키워드,발언,키워드
speech::1948-07-15||제1대국회 제1회(임시회) 제30차 국회본회의(전체회의)||49,keyword::산업,키워드,발언,키워드
speech::1948-07-15||제1대국회 제1회(임시회) 제30차 국회본회의(전체회의)||51,keyword::산업,키워드,발언,키워드
speech::1948-07-15||제1대국회 제1회(임시회) 제30차 국회본회의(전체회의)||304,keyword::근로,키워드,발언,키워드
speech::1948-07-15||제1대국회 제1회(임시회) 제30차 국회본회의(전체회의)||304,keyword::근로자,키워드,발언,키워드
speech::1948-07-15||제1대국회 제1회(임시회) 제30차 국회본회의(전체회의)||304,keyword::동포,키워드,발언,키워드
speech::1948-07-15||제1대국회 제1회(임시회) 제30차 국회본회의(전체회의)||352,keyword::세입,키워드,발언,키워드
speech::1948-07-15||제1대국회 제1회(임시회) 제30차 국회본회의(전체회의)||352,keyword::예산,키워드,발언,키워드
speech::1948-07-15||제1대국회 제1회(임시회) 제30차 국회본회의(전체회의)||357,keyword::예산,키워드,발언,키워드
speech::1948-07-15||제1대국회 제1회(임시회) 제30차 국회본회의(전체회의)||362,keyword::예산,키워드,발언,키워드
speech::1948-07-15||제1대국회 제1회(임시회) 제30차 국회본회의(전체회의)||375,keyword::예산,키워드,발언,키워드
speech::1948-07-16||제1대국회 제1회(임시회) 제31차 국회본회의(전체회의)||100,keyword::노동자,키워드,발언,키워드
speech::1948-07-16||제1대국회 제1회(임시회) 제31차 국회본회의(전체회의)||100,keyword::경제,키워드,발언,키워드
speech::1948-07-16||제1대국회 제1회(임시회) 제31차 국회본회의(전체회의)||111,keyword::산업,키워드,발언,키워드
speech::1948-07-16||제1대국회 제1회(임시회) 제31차 국회본회의(전체회의)||130,keyword::공업,키워드,발언,키워드
speech::1948-07-16||제1대국회 제1회(임시회) 제31차 국회본회의(전체회의)||199,keyword::건설,키워드,발언,키워드
speech::1948-07-16||제1대국회 제1회(임시회) 제31차 국회본회의(전체회의)||200,keyword::건설,키워드,발언,키워드
speech::1948-07-16||제1대국회 제1회(임시회) 제31차 국회본회의(전체회의)||222,keyword::재정,키워드,발언,키워드
speech::1948-07-16||제1대국회 제1회(임시회) 제31차 국회본회의(전체회의)||222,keyword::물가,키워드,발언,키워드
speech::1948-07-16||제1대국회 제1회(임시회) 제31차 국회본회의(전체회의)||222,keyword::산업,키워드,발언,키워드
speech::1948-07-16||제1대국회 제1회(임시회) 제31차 국회본회의(전체회의)||222,keyword::경제,키워드,발언,키워드
speech::1948-07-16||제1대국회 제1회(임시회) 제31차 국회본회의(전체회의)||222,keyword::예산,키워드,발언,키워드
speech::1948-07-16||제1대국회 제1회(임시회) 제31차 국회본회의(전체회의)||224,keyword::경제,키워드,발언,키워드
speech::1948-07-16||제1대국회 제1회(임시회) 제31차 국회본회의(전체회의)||241,keyword::경제,키워드,발언,키워드
speech::1948-07-16||제1대국회 제1회(임시회) 제31차 국회본회의(전체회의)||273,keyword::건설,키워드,발언,키워드
speech::1948-08-02||제1대국회 제1회(임시회) 제37차 국회본회의(전체회의)||297,keyword::유입,키워드,발언,키워드
speech::1948-08-03||제1대국회 제1회(임시회) 제38차 국회본회의(전체회의)||138,keyword::산업,키워드,발언,키워드
speech::1948-08-03||제1대국회 제1회(임시회) 제38차 국회본회의(전체회의)||138,keyword::경제,키워드,발언,키워드
speech::1948-08-03||제1대국회 제1회(임시회) 제38차 국회본회의(전체회의)||148,keyword::동포,키워드,발언,키워드
speech::1948-08-05||제1대국회 제1회(임시회) 제40차 국회본회의(전체회의)||246,keyword::건설,키워드,발언,키워드
speech::1948-08-16||제1대국회 제1회(임시회) 제41차 국회본회의(전체회의)||169,keyword::동포,키워드,발언,키워드
speech::1948-08-16||제1대국회 제1회(임시회) 제41차 국회본회의(전체회의)||174,keyword::동포,키워드,발언,키워드
speech::1948-08-17||제1대국회 제1회(임시회) 제42차 국회본회의(전체회의)||27,keyword::재정,키워드,발언,키워드
speech::1948-08-17||제1대국회 제1회(임시회) 제42차 국회본회의(전체회의)||27,keyword::경제,키워드,발언,키워드
speech::1948-08-17||제1대국회 제1회(임시회) 제42차 국회본회의(전체회의)||31,keyword::이동,키워드,발언,키워드
speech::1948-08-19||제1대국회 제1회(임시회) 제44차 국회본회의(전체회의)||82,keyword::동포,키워드,발언,키워드
speech::1948-08-21||제1대국회 제1회(임시회) 제46차 국회본회의(전체회의)||168,keyword::동포,키워드,발언,키워드
speech::1948-08-23||제1대국회 제1회(임시회) 제47차 국회본회의(전체회의)||110,keyword::경제,키워드,발언,키워드
speech::1948-08-25||제1대국회 제1회(임시회) 제48차 국회본회의(전체회의)||96,keyword::건설,키워드,발언,키워드
speech::1948-08-25||제1대국회 제1회(임시회) 제48차 국회본회의(전체회의)||172,keyword::경제,키워드,발언,키워드
speech::1948-08-26||제1대국회 제1회(임시회) 제49차 국회본회의(전체회의)||47,keyword::동포,키워드,발언,키워드
speech::1948-08-26||제1대국회 제1회(임시회) 제49차 국회본회의(전체회의)||80,keyword::미군,키워드,발언,키워드
speech::1948-08-26||제1대국회 제1회(임시회) 제49차 국회본회의(전체회의)||195,keyword::시설,키워드,발언,키워드
speech::1948-08-28||제1대국회 제1회(임시회) 제51차 국회본회의(전체회의)||98,keyword::유입,키워드,발언,키워드
speech::1948-08-30||제1대국회 제1회(임시회) 제52차 국회본회의(전체회의)||26,keyword::동포,키워드,발언,키워드
speech::1948-08-30||제1대국회 제1회(임시회) 제52차 국회본회의(전체회의)||64,keyword::이동,키워드,발언,키워드
speech::1948-08-30||제1대국회 제1회(임시회) 제52차 국회본회의(전체회의)||130,keyword::공업,키워드,발언,키워드
speech::1948-08-30||제1대국회 제1회(임시회) 제52차 국회본회의(전체회의)||130,keyword::기계,키워드,발언,키워드
speech::1948-08-30||제1대국회 제1회(임시회) 제52차 국회본회의(전체회의)||130,keyword::물자,키워드,발언,키워드
speech::1948-08-31||제1대국회 제1회(임시회) 제53차 국회본회의(전체회의)||30,keyword::동포,키워드,발언,키워드
speech::1948-08-31||제1대국회 제1회(임시회) 제53차 국회본회의(전체회의)||40,keyword::동포,키워드,발언,키워드
speech::1948-08-31||제1대국회 제1회(임시회) 제53차 국회본회의(전체회의)||231,keyword::물가,키워드,발언,키워드
speech::1948-09-02||제1대국회 제1회(임시회) 제55차 국회본회의(전체회의)||48,keyword::세입,키워드,발언,키워드
speech::1948-09-02||제1대국회 제1회(임시회) 제55차 국회본회의(전체회의)||48,keyword::동포,키워드,발언,키워드
speech::1948-09-03||제1대국회 제1회(임시회) 제56차 국회본회의(전체회의)||87,keyword::동포,키워드,발언,키워드
speech::1948-09-04||제1대국회 제1회(임시회) 제57차 국회본회의(전체회의)||31,keyword::동포,키워드,발언,키워드
speech::1948-09-08||제1대국회 제1회(임시회) 제60차 국회본회의(전체회의)||45,keyword::유입,키워드,발언,키워드
speech::1948-09-09||제1대국회 제1회(임시회) 제61차 국회본회의(전체회의)||55,keyword::미군,키워드,발언,키워드
speech::1948-09-11||제1대국회 제1회(임시회) 제63차 국회본회의(전체회의)||50,keyword::노동자,키워드,발언,키워드
speech::1948-09-11||제1대국회 제1회(임시회) 제63차 국회본회의(전체회의)||99,keyword::예산,키워드,발언,키워드
speech::1948-09-13||제1대국회 제1회(임시회) 제64차 국회본회의(전체회의)||306,keyword::재정,키워드,발언,키워드
speech::1948-09-13||제1대국회 제1회(임시회) 제64차 국회본회의(전체회의)||306,keyword::경제,키워드,발언,키워드
speech::1948-09-13||제1대국회 제1회(임시회) 제64차 국회본회의(전체회의)||309,keyword::재정,키워드,발언,키워드
speech::1948-09-13||제1대국회 제1회(임시회) 제64차 국회본회의(전체회의)||309,keyword::경제,키워드,발언,키워드
speech::1948-09-14||제1대국회 제1회(임시회) 제65차 국회본회의(전체회의)||24,keyword::양인,키워드,발언,키워드
speech::1948-09-14||제1대국회 제1회(임시회) 제65차 국회본회의(전체회의)||371,keyword::산업,키워드,발언,키워드
speech::1948-09-15||제1대국회 제1회(임시회) 제66차 국회본회의(전체회의)||196,keyword::건설,키워드,발언,키워드
speech::1948-09-18||제1대국회 제1회(임시회) 제69차 국회본회의(전체회의)||47,keyword::미군,키워드,발언,키워드
speech::1948-09-20||제1대국회 제1회(임시회) 제70차 국회본회의(전체회의)||22,keyword::산업,키워드,발언,키워드
speech::1948-09-20||제1대국회 제1회(임시회) 제70차 국회본회의(전체회의)||22,keyword::미군,키워드,발언,키워드
speech::1948-09-20||제1대국회 제1회(임시회) 제70차 국회본회의(전체회의)||26,keyword::산업,키워드,발언,키워드
speech::1948-09-20||제1대국회 제1회(임시회) 제70차 국회본회의(전체회의)||72,keyword::산업,키워드,발언,키워드
speech::1948-09-22||제1대국회 제1회(임시회) 제72차 국회본회의(전체회의)||109,keyword::이동,키워드,발언,키워드
speech::1948-09-23||제1대국회 제1회(임시회) 제73차 국회본회의(전체회의)||44,keyword::이동,키워드,발언,키워드
speech::1948-09-23||제1대국회 제1회(임시회) 제73차 국회본회의(전체회의)||50,keyword::산업,키워드,발언,키워드
speech::1948-09-23||제1대국회 제1회(임시회) 제73차 국회본회의(전체회의)||52,keyword::산업,키워드,발언,키워드
speech::1948-09-27||제1대국회 제1회(임시회) 제75차 국회본회의(전체회의)||28,keyword::미군,키워드,발언,키워드
speech::1948-09-27||제1대국회 제1회(임시회) 제75차 국회본회의(전체회의)||323,keyword::산업,키워드,발언,키워드
speech::1948-09-28||제1대국회 제1회(임시회) 제76차 국회본회의(전체회의)||34,keyword::재정,키워드,발언,키워드
speech::1948-09-28||제1대국회 제1회(임시회) 제76차 국회본회의(전체회의)||34,keyword::예산,키워드,발언,키워드
speech::1948-09-28||제1대국회 제1회(임시회) 제76차 국회본회의(전체회의)||77,keyword::생산,키워드,발언,키워드
speech::1948-09-28||제1대국회 제1회(임시회) 제76차 국회본회의(전체회의)||77,keyword::산업,키워드,발언,키워드
speech::1948-09-28||제1대국회 제1회(임시회) 제76차 국회본회의(전체회의)||77,keyword::예산,키워드,발언,키워드
speech::1948-09-28||제1대국회 제1회(임시회) 제76차 국회본회의(전체회의)||242,keyword::산업,키워드,발언,키워드
speech::1948-09-28||제1대국회 제1회(임시회) 제76차 국회본회의(전체회의)||375,keyword::생산,키워드,발언,키워드
speech::1948-09-28||제1대국회 제1회(임시회) 제76차 국회본회의(전체회의)||412,keyword::동포,키워드,발언,키워드
speech::1948-09-28||제1대국회 제1회(임시회) 제76차 국회본회의(전체회의)||418,keyword::산업,키워드,발언,키워드
speech::1948-09-29||제1대국회 제1회(임시회) 제77차 국회본회의(전체회의)||63,keyword::물자,키워드,발언,키워드
speech::1948-09-29||제1대국회 제1회(임시회) 제77차 국회본회의(전체회의)||313,keyword::유입,키워드,발언,키워드
speech::1948-09-30||제1대국회 제1회(임시회) 제78차 국회본회의(전체회의)||151,keyword::생산,키워드,발언,키워드
speech::1948-09-30||제1대국회 제1회(임시회) 제78차 국회본회의(전체회의)||151,keyword::재정,키워드,발언,키워드
speech::1948-09-30||제1대국회 제1회(임시회) 제78차 국회본회의(전체회의)||151,keyword::경제,키워드,발언,키워드
speech::1948-09-30||제1대국회 제1회(임시회) 제78차 국회본회의(전체회의)||158,keyword::생산,키워드,발언,키워드
speech::1948-10-01||제1대국회 제1회(임시회) 제79차 국회본회의(전체회의)||27,keyword::양인,키워드,발언,키워드
speech::1948-10-01||제1대국회 제1회(임시회) 제79차 국회본회의(전체회의)||27,keyword::미인,키워드,발언,키워드
speech::1948-10-01||제1대국회 제1회(임시회) 제79차 국회본회의(전체회의)||181,keyword::물자,키워드,발언,키워드
speech::1948-10-04||제1대국회 제1회(임시회) 제81차 국회본회의(전체회의)||48,keyword::미군,키워드,발언,키워드
speech::1948-10-04||제1대국회 제1회(임시회) 제81차 국회본회의(전체회의)||48,keyword::동포,키워드,발언,키워드
speech::1948-10-04||제1대국회 제1회(임시회) 제81차 국회본회의(전체회의)||88,keyword::재정,키워드,발언,키워드
speech::1948-10-05||제1대국회 제1회(임시회) 제82차 국회본회의(전체회의)||83,keyword::미군,키워드,발언,키워드
speech::1948-10-06||제1대국회 제1회(임시회) 제83차 국회본회의(전체회의)||206,keyword::생산,키워드,발언,키워드
speech::1948-10-06||제1대국회 제1회(임시회) 제83차 국회본회의(전체회의)||214,keyword::생산,키워드,발언,키워드
speech::1948-10-07||제1대국회 제1회(임시회) 제84차 국회본회의(전체회의)||28,keyword::산업,키워드,발언,키워드
speech::1948-10-07||제1대국회 제1회(임시회) 제84차 국회본회의(전체회의)||66,keyword::건설,키워드,발언,키워드
speech::1948-10-12||제1대국회 제1회(임시회) 제86차 국회본회의(전체회의)||33,keyword::동포,키워드,발언,키워드
speech::1948-10-12||제1대국회 제1회(임시회) 제86차 국회본회의(전체회의)||280,keyword::산업,키워드,발언,키워드
speech::1948-10-12||제1대국회 제1회(임시회) 제86차 국회본회의(전체회의)||280,keyword::동력,키워드,발언,키워드
speech::1948-10-13||제1대국회 제1회(임시회) 제87차 국회본회의(전체회의)||179,keyword::산업,키워드,발언,키워드
speech::1948-10-13||제1대국회 제1회(임시회) 제87차 국회본회의(전체회의)||179,keyword::경제,키워드,발언,키워드
speech::1948-10-13||제1대국회 제1회(임시회) 제87차 국회본회의(전체회의)||201,keyword::건설,키워드,발언,키워드
speech::1948-10-13||제1대국회 제1회(임시회) 제87차 국회본회의(전체회의)||231,keyword::미군,키워드,발언,키워드
speech::1948-10-14||제1대국회 제1회(임시회) 제88차 국회본회의(전체회의)||148,keyword::동포,키워드,발언,키워드
speech::1948-10-27||제1대국회 제1회(임시회) 제89차 국회본회의(전체회의)||38,keyword::동포,키워드,발언,키워드
speech::1948-10-27||제1대국회 제1회(임시회) 제89차 국회본회의(전체회의)||43,keyword::동포,키워드,발언,키워드
speech::1948-10-27||제1대국회 제1회(임시회) 제89차 국회본회의(전체회의)||44,keyword::동포,키워드,발언,키워드
speech::1948-10-27||제1대국회 제1회(임시회) 제89차 국회본회의(전체회의)||67,keyword::동포,키워드,발언,키워드
speech::1948-10-28||제1대국회 제1회(임시회) 제90차 국회본회의(전체회의)||41,keyword::동포,키워드,발언,키워드
speech::1948-11-01||제1대국회 제1회(임시회) 제93차 국회본회의(전체회의)||78,keyword::동포,키워드,발언,키워드
speech::1948-11-05||제1대국회 제1회(임시회) 제96차 국회본회의(전체회의)||99,keyword::동포,키워드,발언,키워드
speech::1948-11-06||제1대국회 제1회(임시회) 제97차 국회본회의(전체회의)||45,keyword::경제,키워드,발언,키워드
speech::1948-11-06||제1대국회 제1회(임시회) 제97차 국회본회의(전체회의)||68,keyword::미군,키워드,발언,키워드
speech::1948-11-06||제1대국회 제1회(임시회) 제97차 국회본회의(전체회의)||68,keyword::유입,키워드,발언,키워드
speech::1948-11-08||제1대국회 제1회(임시회) 제98차 국회본회의(전체회의)||33,keyword::경제,키워드,발언,키워드
speech::1948-11-12||제1대국회 제1회(임시회) 제102차 국회본회의(전체회의)||79,keyword::건설,키워드,발언,키워드
speech::1948-11-17||제1대국회 제1회(임시회) 제106차 국회본회의(전체회의)||73,keyword::재정,키워드,발언,키워드
speech::1948-11-17||제1대국회 제1회(임시회) 제106차 국회본회의(전체회의)||73,keyword::경제,키워드,발언,키워드
speech::1948-11-17||제1대국회 제1회(임시회) 제106차 국회본회의(전체회의)||105,keyword::재정,키워드,발언,키워드
speech::1948-11-17||제1대국회 제1회(임시회) 제106차 국회본회의(전체회의)||105,keyword::물가,키워드,발언,키워드
speech::1948-11-17||제1대국회 제1회(임시회) 제106차 국회본회의(전체회의)||105,keyword::생산,키워드,발언,키워드
speech::1948-11-17||제1대국회 제1회(임시회) 제106차 국회본회의(전체회의)||105,keyword::경제,키워드,발언,키워드
speech::1948-11-17||제1대국회 제1회(임시회) 제106차 국회본회의(전체회의)||105,keyword::예산,키워드,발언,키워드
