지역,발전,경계,발전+경계,미분류,전체,관련발언,관련비중,발전비중,경계비중
경남 부산시갑,5,0,0,0,5,5,100.0,100.0,0.0
충남 연기군,1,1,0,0,2,2,100.0,50.0,50.0
경북 월성군갑,1,0,0,0,1,1,100.0,100.0,0.0
전북 정읍군을,1,0,0,0,1,1,100.0,100.0,0.0
경남 밀양군갑,4,0,2,1,7,6,85.71428571428571,57.14285714285714,0.0
경남 창원군을,5,0,0,1,6,5,83.33333333333334,83.33333333333334,0.0
경남 부산무,40,2,2,9,53,44,83.01886792452831,75.47169811320755,3.7735849056603774
경남 충무,8,0,0,2,10,8,80.0,80.0,0.0
전북 장수군,31,1,12,13,57,44,77.19298245614034,54.385964912280706,1.7543859649122806
전남 구례군,16,0,4,6,26,20,76.92307692307693,61.53846153846154,0.0
경기 파주군,9,1,0,3,13,10,76.92307692307693,69.23076923076923,7.6923076923076925
충북 진천,149,2,5,56,212,156,73.58490566037736,70.28301886792453,0.9433962264150944
경남 양산군,11,1,1,5,18,13,72.22222222222221,61.111111111111114,5.555555555555555
강원 삼척,32,1,3,15,51,36,70.58823529411765,62.745098039215684,1.9607843137254901
전남 해남군갑,16,0,5,10,31,21,67.74193548387096,51.61290322580645,0.0
전남 무안병,10,0,0,5,15,10,66.66666666666666,66.66666666666666,0.0
충남 대전갑,7,0,3,5,15,10,66.66666666666666,46.666666666666664,0.0
경남 울산군갑,4,1,1,3,9,6,66.66666666666666,44.44444444444444,11.11111111111111
강원 횡성군,2,0,0,1,3,2,66.66666666666666,66.66666666666666,0.0
경남 울산갑,71,1,3,40,115,75,65.21739130434783,61.73913043478261,0.8695652173913043
충남 당진군갑,180,0,8,107,295,188,63.72881355932203,61.016949152542374,0.0
경북 상주갑,18,0,5,14,37,23,62.16216216216216,48.64864864864865,0.0
"경남 부산시,진구을",34,2,5,25,66,41,62.121212121212125,51.515151515151516,3.0303030303030303
충북 청원을,93,2,5,63,163,100,61.34969325153374,57.05521472392638,1.2269938650306749
경북 영주군,10,1,3,9,23,14,60.86956521739131,43.47826086956522,4.3478260869565215
충북 단양군,22,0,2,16,40,24,60.0,55.00000000000001,0.0
경기 시흥,400,3,22,290,715,425,59.44055944055944,55.94405594405595,0.4195804195804196
충남 천안,11,2,3,11,27,16,59.25925925925925,40.74074074074074,7.4074074074074066
충북 옥천군,47,0,3,35,85,50,58.82352941176471,55.294117647058826,0.0
서울 서대문구,65,2,3,50,120,70,58.333333333333336,54.166666666666664,1.6666666666666667
전북 진안군,224,5,18,182,429,247,57.57575757575758,52.21445221445221,1.1655011655011656
전남 고흥군을,64,1,3,51,119,68,57.14285714285714,53.78151260504202,0.8403361344537815
전북 부안군,66,0,2,51,119,68,57.14285714285714,55.46218487394958,0.0
"경남 부산시,동래구",4,0,0,3,7,4,57.14285714285714,57.14285714285714,0.0
강원 삼척군,50,1,3,43,97,54,55.670103092783506,51.546391752577314,1.0309278350515463
전남 해남군을,50,1,4,44,99,55,55.55555555555556,50.505050505050505,1.0101010101010102
경북 금릉,37,1,2,32,72,40,55.55555555555556,51.388888888888886,1.3888888888888888
충남 천안군을,27,0,3,24,54,30,55.55555555555556,50.0,0.0
경기 화성을,38,0,3,33,74,41,55.4054054054054,51.35135135135135,0.0
서울 동대문구,98,1,14,91,204,113,55.392156862745104,48.03921568627451,0.49019607843137253
"경남 부산시,중구",30,0,5,29,64,35,54.6875,46.875,0.0
경기 평택,63,2,7,60,132,72,54.54545454545454,47.72727272727273,1.5151515151515151
충북 청원군을,168,15,16,167,366,199,54.37158469945356,45.90163934426229,4.098360655737705
황해도 연백을,6,0,1,6,13,7,53.84615384615385,46.15384615384615,0.0
경북 금릉군,29,3,6,33,71,38,53.52112676056338,40.845070422535215,4.225352112676056
경북 울릉군,19,2,3,21,45,24,53.333333333333336,42.22222222222222,4.444444444444445
충북 청원군갑,59,1,5,57,122,65,53.278688524590166,48.36065573770492,0.819672131147541
서울 중구갑,125,4,21,133,283,150,53.003533568904594,44.16961130742049,1.4134275618374559
전북 김제을,92,3,3,87,185,98,52.972972972972975,49.72972972972973,1.6216216216216217
경북 경주,24,1,2,24,51,27,52.94117647058824,47.05882352941176,1.9607843137254901
전남 여수,99,5,17,108,229,121,52.838427947598255,43.23144104803494,2.1834061135371177
강원 영월군,38,0,0,34,72,38,52.77777777777778,52.77777777777778,0.0
전북 군산,135,3,7,130,275,145,52.72727272727272,49.09090909090909,1.090909090909091
경남 창원을,91,4,9,94,198,104,52.52525252525253,45.95959595959596,2.0202020202020203
"경남 부산시,영도을",66,2,5,67,140,73,52.142857142857146,47.14285714285714,1.4285714285714286
제주 제주,35,0,7,39,81,42,51.85185185185185,43.20987654320987,0.0
제주 북제주군을,32,0,4,34,70,36,51.42857142857142,45.714285714285715,0.0
경남 진양,116,3,17,130,266,136,51.127819548872175,43.609022556390975,1.1278195488721803
경북 군위,236,4,8,241,489,248,50.715746421267895,48.261758691206545,0.81799591002045
경남 울산군을,93,1,1,94,189,95,50.264550264550266,49.2063492063492,0.5291005291005291
충북 충주,42,1,4,47,94,47,50.0,44.680851063829785,1.0638297872340425
경남 고성군,12,0,0,12,24,12,50.0,50.0,0.0
경북 김천군,7,3,2,12,24,12,50.0,29.166666666666668,12.5
제주 북제주을,7,0,2,9,18,9,50.0,38.88888888888889,0.0
충북 보은군,7,0,0,7,14,7,50.0,50.0,0.0
경남 부산시을,3,0,3,6,12,6,50.0,25.0,0.0
경남 삼천포시,6,0,0,6,12,6,50.0,50.0,0.0
경북 월성군을,3,1,1,5,10,5,50.0,30.0,10.0
경기 장단,0,1,0,1,2,1,50.0,0.0,50.0
"경남 부산시,서구을",55,1,7,64,127,63,49.60629921259843,43.30708661417323,0.7874015748031495
강원 춘천,136,13,20,173,342,169,49.41520467836257,39.76608187134503,3.8011695906432745
서울 서대문구갑,298,3,28,337,666,329,49.3993993993994,44.74474474474475,0.45045045045045046
경남 의령군,30,3,6,40,79,39,49.36708860759494,37.9746835443038,3.79746835443038
충남 예산군,20,1,2,24,47,23,48.93617021276596,42.5531914893617,2.127659574468085
경기 강화,34,1,6,43,84,41,48.80952380952381,40.476190476190474,1.1904761904761905
전남 강진,33,3,3,42,81,39,48.148148148148145,40.74074074074074,3.7037037037037033
경북 영일군을,42,1,1,48,92,44,47.82608695652174,45.65217391304348,1.0869565217391304
경북 예천군,89,2,9,110,210,100,47.61904761904761,42.38095238095238,0.9523809523809524
경기 양주군을,21,4,2,30,57,27,47.368421052631575,36.84210526315789,7.017543859649122
전북 남원,87,1,10,110,208,98,47.11538461538461,41.82692307692308,0.4807692307692308
경남 산청군,31,0,1,36,68,32,47.05882352941176,45.588235294117645,0.0
전남 순천,3,3,2,9,17,8,47.05882352941176,17.647058823529413,17.647058823529413
경북 대구시무,28,0,2,34,64,30,46.875,43.75,0.0
전남 나주을,13,0,5,21,39,18,46.15384615384615,33.33333333333333,0.0
경북 영양군,36,0,3,46,85,39,45.88235294117647,42.35294117647059,0.0
제주 남제주군,54,2,10,78,144,66,45.83333333333333,37.5,1.3888888888888888
"경남 부산시,동구을",21,0,0,25,46,21,45.65217391304348,45.65217391304348,0.0
충북 음성군,37,2,7,55,101,46,45.54455445544555,36.633663366336634,1.9801980198019802
충남 당진을,126,2,8,163,299,136,45.48494983277592,42.14046822742475,0.6688963210702341
전남 완도,41,4,4,59,108,49,45.370370370370374,37.96296296296296,3.7037037037037033
경남 거제,19,1,1,26,47,21,44.680851063829785,40.42553191489361,2.127659574468085
경기 개풍,58,2,8,85,153,68,44.44444444444444,37.908496732026144,1.3071895424836601
전북 진안,8,3,12,29,52,23,44.230769230769226,15.384615384615385,5.769230769230769
전북 완주군을,30,2,6,48,86,38,44.18604651162791,34.883720930232556,2.3255813953488373
전남 승주,315,3,6,415,739,324,43.843031123139376,42.625169147496614,0.40595399188092013
충남 금산군,5,1,1,9,16,7,43.75,31.25,6.25
경기 용인시,32,1,0,43,76,33,43.42105263157895,42.10526315789473,1.3157894736842104
강원 홍천,52,5,5,81,143,62,43.35664335664335,36.36363636363637,3.4965034965034967
충남 홍성,47,9,8,84,148,64,43.24324324324324,31.756756756756754,6.081081081081082
충남 청양,37,2,3,56,98,42,42.857142857142854,37.755102040816325,2.0408163265306123
경북 김천을,27,2,1,40,70,30,42.857142857142854,38.57142857142858,2.857142857142857
경남 부산갑,63,2,2,90,157,67,42.675159235668794,40.12738853503185,1.2738853503184715
경남 함양,55,5,6,89,155,66,42.58064516129032,35.483870967741936,3.225806451612903
전북 장수,20,2,5,38,65,27,41.53846153846154,30.76923076923077,3.076923076923077
경기 인천을,33,4,11,68,116,48,41.37931034482759,28.448275862068968,3.4482758620689653
전북 김제군을,31,2,3,51,87,36,41.37931034482759,35.63218390804598,2.2988505747126435
경남 진해,16,1,2,27,46,19,41.30434782608695,34.78260869565217,2.1739130434782608
서울 종로구갑,21,4,7,46,78,32,41.02564102564102,26.923076923076923,5.128205128205128
서울 영등포구을,47,4,3,78,132,54,40.909090909090914,35.60606060606061,3.0303030303030303
서울 중구을,43,11,13,97,164,67,40.853658536585364,26.21951219512195,6.707317073170732
충남 대전,91,2,10,150,253,103,40.71146245059288,35.96837944664031,0.7905138339920948
충북 영동군,26,4,11,60,101,41,40.5940594059406,25.742574257425744,3.9603960396039604
서울 마포구을,114,8,12,199,333,134,40.24024024024024,34.234234234234236,2.4024024024024024
경기 김포군,102,12,28,211,353,142,40.226628895184135,28.89518413597734,3.39943342776204
전남 함평군,64,0,8,107,179,72,40.22346368715084,35.754189944134076,0.0
충남 보령군,165,1,15,269,450,181,40.22222222222222,36.666666666666664,0.2222222222222222
강원 강릉시갑,34,0,5,58,97,39,40.20618556701031,35.051546391752574,0.0
충북 진천군,1070,7,29,1645,2751,1106,40.20356234096692,38.89494729189386,0.2544529262086514
전북 전주,482,17,38,802,1339,537,40.10455563853622,35.99701269604182,1.2696041822255415
경기 광주,86,5,13,156,260,104,40.0,33.07692307692307,1.9230769230769231
서울 성동구을,22,3,11,54,90,36,40.0,24.444444444444443,3.3333333333333335
경기 가평,11,0,1,18,30,12,40.0,36.666666666666664,0.0
경남 양산,2,0,0,3,5,2,40.0,40.0,0.0
전남 무안군을,348,2,12,551,913,362,39.64950711938664,38.11610076670318,0.21905805038335158
경기 용인,35,2,3,61,101,40,39.603960396039604,34.65346534653465,1.9801980198019802
경남 합천군갑,50,3,2,85,140,55,39.285714285714285,35.714285714285715,2.142857142857143
강원 양양,16,0,0,25,41,16,39.02439024390244,39.02439024390244,0.0
"경남 부산시,동구갑",7,0,0,11,18,7,38.88888888888889,38.88888888888889,0.0
경북 영덕군,39,1,0,63,103,40,38.83495145631068,37.86407766990291,0.9708737864077669
전남 화순군,29,0,2,49,80,31,38.75,36.25,0.0
전남 여천,74,3,4,131,212,81,38.20754716981132,34.90566037735849,1.4150943396226416
경북 달성군,24,4,9,60,97,37,38.144329896907216,24.742268041237114,4.123711340206185
경남 거창,28,2,2,52,84,32,38.095238095238095,33.33333333333333,2.380952380952381
전남 광주갑,82,5,9,158,254,96,37.79527559055118,32.28346456692913,1.968503937007874
전북 이리,78,1,3,136,218,82,37.61467889908257,35.77981651376147,0.45871559633027525
전북 고창군을,12,0,0,20,32,12,37.5,37.5,0.0
경북 김천,169,4,12,310,495,185,37.37373737373738,34.14141414141414,0.8080808080808081
전북 완주군갑,21,1,3,42,67,25,37.3134328358209,31.343283582089555,1.4925373134328357
경기 포천,25,5,6,61,97,36,37.11340206185567,25.773195876288657,5.154639175257731
충북 제천,271,8,5,482,766,284,37.0757180156658,35.37859007832898,1.0443864229765014
전북 무주군,4,0,0,7,11,4,36.36363636363637,36.36363636363637,0.0
서울 용산구을,94,4,9,188,295,107,36.271186440677965,31.864406779661014,1.3559322033898304
경남 밀양을,95,6,5,187,293,106,36.177474402730375,32.42320819112628,2.04778156996587
전북 김제갑,142,5,10,283,440,157,35.68181818181818,32.27272727272727,1.1363636363636365
경남 남해,107,7,10,224,348,124,35.63218390804598,30.747126436781606,2.0114942528735633
강원 횡성,55,4,15,134,208,74,35.57692307692308,26.442307692307693,1.9230769230769231
충남 금산,53,6,6,119,184,65,35.32608695652174,28.804347826086957,3.260869565217391
강원 평창군,25,0,0,46,71,25,35.2112676056338,35.2112676056338,0.0
전북 임실군,35,1,2,70,108,38,35.18518518518518,32.407407407407405,0.9259259259259258
전북 고창갑,83,1,4,163,251,88,35.0597609561753,33.067729083665334,0.398406374501992
전남 나주군을,141,1,3,271,416,145,34.855769230769226,33.894230769230774,0.2403846153846154
경기 포천군,14,2,1,32,49,17,34.69387755102041,28.57142857142857,4.081632653061225
전남 여수을,21,1,4,49,75,26,34.66666666666667,28.000000000000004,1.3333333333333335
전북 정읍을,9,0,0,17,26,9,34.61538461538461,34.61538461538461,0.0
경기 옹진을,87,7,11,199,304,105,34.53947368421053,28.618421052631575,2.302631578947368
서울 동대문구갑,432,14,35,918,1399,481,34.38170121515368,30.879199428162973,1.0007147962830594
경남 합천갑,123,7,5,260,395,135,34.177215189873415,31.139240506329113,1.7721518987341773
경기 시흥시,52,1,3,108,164,56,34.146341463414636,31.70731707317073,0.6097560975609756
전남 해남갑,14,1,3,35,53,18,33.9622641509434,26.41509433962264,1.8867924528301887
경남 통영을,48,5,6,115,174,59,33.90804597701149,27.586206896551722,2.8735632183908044
경북 경산,148,6,26,352,532,180,33.83458646616541,27.819548872180448,1.1278195488721803
전남 나주갑,63,10,20,183,276,93,33.69565217391305,22.82608695652174,3.6231884057971016
충북 청원갑,39,4,3,92,138,46,33.33333333333333,28.26086956521739,2.898550724637681
전남 고흥군갑,3,0,0,6,9,3,33.33333333333333,33.33333333333333,0.0
강원 춘성군,1,0,0,2,3,1,33.33333333333333,33.33333333333333,0.0
경북 울진군,1,0,0,2,3,1,33.33333333333333,33.33333333333333,0.0
전남 광산군갑,1,0,0,2,3,1,33.33333333333333,33.33333333333333,0.0
전북 익산,1,0,0,2,3,1,33.33333333333333,33.33333333333333,0.0
전남 장성,57,3,6,133,199,66,33.165829145728644,28.643216080402013,1.507537688442211
강원 평창,102,3,6,224,335,111,33.134328358208954,30.447761194029848,0.8955223880597015
경북 영천군갑,58,4,7,140,209,69,33.014354066985646,27.751196172248804,1.9138755980861244
경기 옹진,51,2,1,110,164,54,32.926829268292686,31.097560975609756,1.2195121951219512
충남 공주군을,89,2,10,207,308,101,32.7922077922078,28.8961038961039,0.6493506493506493
경남 밀양갑,56,4,6,136,202,66,32.67326732673268,27.722772277227726,1.9801980198019802
경북 고령,76,6,6,183,271,88,32.47232472324723,28.044280442804425,2.214022140221402
충남 서천,104,10,18,275,407,132,32.432432432432435,25.552825552825553,2.457002457002457
전북 익산갑,200,8,21,479,708,229,32.34463276836158,28.24858757062147,1.1299435028248588
전남 진도,55,8,8,149,220,71,32.27272727272727,25.0,3.6363636363636362
강원 강릉갑,8,0,1,19,28,9,32.142857142857146,28.57142857142857,0.0
전북 김제군갑,543,7,12,1191,1753,562,32.059326868225895,30.975470621791214,0.3993154592127781
경북 군위군,315,6,16,723,1060,337,31.79245283018868,29.71698113207547,0.5660377358490566
경남 사천군,16,2,2,43,63,20,31.746031746031743,25.396825396825395,3.1746031746031744
제주 남제주,20,1,5,56,82,26,31.70731707317073,24.390243902439025,1.2195121951219512
경북 성주군,4,0,2,13,19,6,31.57894736842105,21.052631578947366,0.0
충남 부여갑,34,5,5,96,140,44,31.428571428571427,24.285714285714285,3.571428571428571
경북 안동을,57,6,8,161,232,71,30.603448275862068,24.568965517241377,2.586206896551724
전남 영암군,19,4,8,71,102,31,30.392156862745097,18.627450980392158,3.9215686274509802
경북 대구시을,74,7,11,212,304,92,30.263157894736842,24.342105263157894,2.302631578947368
전북 순창군,43,1,2,106,152,46,30.263157894736842,28.289473684210524,0.6578947368421052
경북 청도,18,1,6,58,83,25,30.120481927710845,21.686746987951807,1.2048192771084338
충남 서산을,28,2,4,79,113,34,30.08849557522124,24.778761061946902,1.7699115044247788
충남 천안군,32,2,3,86,123,37,30.081300813008134,26.01626016260163,1.6260162601626018
전남 진도군,118,3,5,294,420,126,30.0,28.095238095238095,0.7142857142857143
경남 부산정,77,6,8,213,304,91,29.93421052631579,25.32894736842105,1.9736842105263157
경남 통영군,36,1,1,89,127,38,29.92125984251969,28.346456692913385,0.7874015748031495
경남 부산시병,12,4,0,38,54,16,29.629629629629626,22.22222222222222,7.4074074074074066
경남 부산을,17,2,2,50,71,21,29.577464788732392,23.943661971830984,2.8169014084507045
강원 영월,134,4,8,348,494,146,29.554655870445345,27.125506072874494,0.8097165991902834
경북 영주,43,2,3,115,163,48,29.447852760736197,26.380368098159508,1.2269938650306749
전북 정읍군갑,4,0,1,12,17,5,29.411764705882355,23.52941176470588,0.0
전남 목포,118,5,10,320,453,133,29.3598233995585,26.048565121412803,1.1037527593818985
경기 인천시갑,80,4,9,225,318,93,29.245283018867923,25.157232704402517,1.257861635220126
전남 담양,382,47,63,1192,1684,492,29.216152019002372,22.68408551068884,2.7909738717339665
경남 창녕,25,1,1,66,93,27,29.03225806451613,26.881720430107524,1.0752688172043012
전남 순천시,76,3,11,223,313,90,28.753993610223645,24.281150159744406,0.9584664536741214
경북 청송,88,5,3,239,335,96,28.65671641791045,26.268656716417908,1.4925373134328357
경기 옹진갑,51,7,5,159,222,63,28.37837837837838,22.972972972972975,3.153153153153153
경남 김해갑,74,2,5,205,286,81,28.321678321678323,25.874125874125873,0.6993006993006993
경북 대구시갑,14,0,1,38,53,15,28.30188679245283,26.41509433962264,0.0
충남 서산갑,25,1,5,79,110,31,28.18181818181818,22.727272727272727,0.9090909090909091
경북 대구을,85,3,5,246,339,93,27.43362831858407,25.073746312684364,0.8849557522123894
경기 이천,18,0,2,53,73,20,27.397260273972602,24.65753424657534,0.0
경북 상주,30,4,7,109,150,41,27.333333333333332,20.0,2.666666666666667
제주 북제주갑,4,1,1,16,22,6,27.27272727272727,18.181818181818183,4.545454545454546
경북 영양,156,21,12,512,701,189,26.961483594864475,22.25392296718973,2.9957203994293864
전남 무안을,55,1,5,166,227,61,26.87224669603524,24.229074889867842,0.4405286343612335
경남 울산을,47,1,3,139,190,51,26.842105263157894,24.736842105263158,0.5263157894736842
강원 인제,16,0,3,52,71,19,26.76056338028169,22.535211267605636,0.0
충남 홍성군,12,0,1,36,49,13,26.53061224489796,24.489795918367346,0.0
경기 파주,9,0,1,28,38,10,26.31578947368421,23.684210526315788,0.0
경남 함안,41,5,6,146,198,52,26.262626262626267,20.707070707070706,2.525252525252525
전북 완주을,63,6,5,209,283,74,26.148409893992934,22.261484098939928,2.1201413427561837
충북 단양,35,4,3,119,161,42,26.08695652173913,21.73913043478261,2.484472049689441
충남 논산갑,78,9,5,262,354,92,25.98870056497175,22.033898305084744,2.5423728813559325
전북 옥구,338,15,6,1036,1395,359,25.734767025089607,24.229390681003586,1.0752688172043012
경남 산청,14,4,1,55,74,19,25.675675675675674,18.91891891891892,5.405405405405405
전남 순천갑,43,1,2,134,180,46,25.555555555555554,23.88888888888889,0.5555555555555556
경북 의성갑,78,22,20,352,472,120,25.423728813559322,16.52542372881356,4.661016949152542
경북 울릉,68,18,14,294,394,100,25.380710659898476,17.258883248730964,4.568527918781726
경북 대구갑,39,7,7,158,211,53,25.118483412322274,18.48341232227488,3.3175355450236967
경북 의성을,5,0,0,15,20,5,25.0,25.0,0.0
전북 남원군갑,1,0,0,3,4,1,25.0,25.0,0.0
경기 고양,250,13,8,816,1087,271,24.931002759889605,22.999080036798528,1.1959521619135236
경기 양주을,229,22,27,842,1120,278,24.821428571428573,20.44642857142857,1.9642857142857142
충남 부여군갑,47,4,4,167,222,55,24.774774774774773,21.17117117117117,1.8018018018018018
경북 상주을,72,4,6,249,331,82,24.773413897280967,21.75226586102719,1.2084592145015105
서울 마포구갑,91,10,15,359,475,116,24.421052631578945,19.157894736842103,2.1052631578947367
전북 부안,105,0,2,332,439,107,24.373576309794988,23.917995444191344,0.0
경남 마산,184,5,11,621,821,200,24.3605359317905,22.41169305724726,0.6090133982947624
서울 영등포구,17,5,3,78,103,25,24.271844660194176,16.50485436893204,4.854368932038835
전남 장흥군,10,1,4,47,62,15,24.193548387096776,16.129032258064516,1.6129032258064515
경남 부산시무,13,0,0,41,54,13,24.074074074074073,24.074074074074073,0.0
강원 원주,67,11,7,269,354,85,24.01129943502825,18.926553672316384,3.1073446327683616
경북 상주군을,112,3,8,390,513,123,23.976608187134502,21.832358674463936,0.5847953216374269
전남 무안갑,72,4,6,265,347,82,23.631123919308358,20.7492795389049,1.1527377521613833
경남 진주,84,2,2,287,375,88,23.466666666666665,22.400000000000002,0.5333333333333333
전남 광산을,113,0,4,382,499,117,23.446893787575153,22.645290581162325,0.0
경북 영일군갑,23,2,1,85,111,26,23.423423423423422,20.72072072072072,1.8018018018018018
경기 양평군,25,2,2,96,125,29,23.200000000000003,20.0,1.6
전남 화순,132,12,5,494,643,149,23.17262830482115,20.52877138413686,1.8662519440124419
전남 고흥을,60,2,6,226,294,68,23.12925170068027,20.408163265306122,0.6802721088435374
전북 전주을,253,4,21,938,1216,278,22.861842105263158,20.80592105263158,0.3289473684210526
충남 논산을,71,8,3,279,361,82,22.71468144044321,19.667590027700832,2.21606648199446
서울 용산구갑,101,8,18,433,560,127,22.678571428571427,18.035714285714285,1.4285714285714286
경북 선산,13,2,2,58,75,17,22.666666666666664,17.333333333333336,2.666666666666667
경남 사천,15,1,5,72,93,21,22.58064516129032,16.129032258064516,1.0752688172043012
경남 거제군,13,0,1,49,63,14,22.22222222222222,20.634920634920633,0.0
전북 고창군갑,1,1,0,7,9,2,22.22222222222222,11.11111111111111,11.11111111111111
전남 영광,61,7,1,242,311,69,22.186495176848876,19.614147909967848,2.2508038585209005
경북 문경,42,4,3,172,221,49,22.171945701357465,19.004524886877828,1.809954751131222
경남 동래군,29,2,7,134,172,38,22.093023255813954,16.86046511627907,1.1627906976744187
충남 연기,39,1,0,142,182,40,21.978021978021978,21.428571428571427,0.5494505494505495
전북 완주갑,36,0,1,133,170,37,21.764705882352942,21.176470588235293,0.0
경남 창원갑,24,4,7,126,161,35,21.73913043478261,14.906832298136646,2.484472049689441
전남 해남을,90,5,3,354,452,98,21.68141592920354,19.911504424778762,1.1061946902654867
전남 광양,196,21,23,874,1114,240,21.543985637342907,17.594254937163374,1.8850987432675044
강원 강릉,93,1,1,346,441,95,21.541950113378686,21.08843537414966,0.22675736961451248
서울 성북구,136,3,8,537,684,147,21.49122807017544,19.883040935672515,0.43859649122807015
충남 예산,37,1,2,148,188,40,21.27659574468085,19.680851063829788,0.5319148936170213
전북 익산을,74,12,13,369,468,99,21.153846153846153,15.81196581196581,2.564102564102564
"경남 부산시,진구갑",64,1,4,258,327,69,21.100917431192663,19.571865443425075,0.3058103975535168
경북 안동갑,33,1,1,131,166,35,21.084337349397593,19.879518072289155,0.6024096385542169
충남 대덕,31,4,8,161,204,43,21.07843137254902,15.196078431372548,1.9607843137254901
경기 안성,21,3,5,109,138,29,21.014492753623188,15.217391304347828,2.1739130434782608
충북 청주,17,2,4,87,110,23,20.909090909090907,15.454545454545453,1.8181818181818181
경북 대구시정,42,4,4,191,241,50,20.74688796680498,17.42738589211618,1.6597510373443984
경남 합천을,15,1,2,69,87,18,20.689655172413794,17.24137931034483,1.1494252873563218
전남 장성군,141,1,12,595,749,154,20.5607476635514,18.82510013351135,0.13351134846461948
충북 보은,20,2,6,109,137,28,20.437956204379564,14.5985401459854,1.4598540145985401
전북 무주,11,1,3,59,74,15,20.27027027027027,14.864864864864865,1.3513513513513513
경북 포항,77,4,3,331,415,84,20.240963855421686,18.55421686746988,0.9638554216867471
전남 영광군,157,8,18,722,905,183,20.22099447513812,17.34806629834254,0.8839779005524863
경북 울진,99,15,4,466,584,118,20.205479452054796,16.95205479452055,2.5684931506849313
경북 칠곡군,32,3,2,147,184,37,20.108695652173914,17.391304347826086,1.6304347826086956
서울 성동구갑,46,10,3,241,300,59,19.666666666666664,15.333333333333332,3.3333333333333335
경기 인천갑,22,9,2,136,169,33,19.526627218934912,13.017751479289942,5.325443786982249
강원 강릉을,18,2,1,87,108,21,19.444444444444446,16.666666666666664,1.8518518518518516
경기 부천,76,12,20,452,560,108,19.28571428571429,13.571428571428571,2.142857142857143
전남 영암,22,6,3,130,161,31,19.25465838509317,13.664596273291925,3.7267080745341614
서울 마포구,40,7,7,229,283,54,19.081272084805654,14.13427561837456,2.4734982332155475
경기 강화군,16,0,0,69,85,16,18.823529411764707,18.823529411764707,0.0
경기 화성갑,45,13,12,302,372,70,18.817204301075268,12.096774193548388,3.494623655913978
강원 정선,40,1,2,186,229,43,18.777292576419214,17.46724890829694,0.43668122270742354
경북 대구시병,29,3,1,145,178,33,18.53932584269663,16.292134831460675,1.6853932584269662
경남 통영갑,22,0,1,102,125,23,18.4,17.599999999999998,0.0
경기 수원,20,0,1,94,115,21,18.26086956521739,17.391304347826086,0.0
경기 수원을,36,13,2,229,280,51,18.21428571428571,12.857142857142856,4.642857142857143
경남 김해을,57,6,1,288,352,64,18.181818181818183,16.193181818181817,1.7045454545454544
강원 철원,34,1,2,168,205,37,18.048780487804876,16.585365853658537,0.4878048780487805
강원 강릉시을,110,0,0,501,611,110,18.00327332242226,18.00327332242226,0.0
경북 봉화,20,3,2,114,139,25,17.985611510791365,14.388489208633093,2.158273381294964
"경남 부산시,서구갑",37,1,0,176,214,38,17.75700934579439,17.289719626168225,0.46728971962616817
강원 화천,24,4,0,130,158,28,17.72151898734177,15.18987341772152,2.5316455696202533
강원 양구,6,0,0,28,34,6,17.647058823529413,17.647058823529413,0.0
전남 곡성군,191,15,8,1004,1218,214,17.569786535303777,15.681444991789819,1.2315270935960592
전남 보성,81,12,3,451,547,96,17.550274223034734,14.80804387568556,2.1937842778793417
경북 예천,11,1,2,66,80,14,17.5,13.750000000000002,1.25
경기 고양갑,7,2,0,43,52,9,17.307692307692307,13.461538461538462,3.8461538461538463
서울 동대문구을,37,1,2,195,235,40,17.02127659574468,15.74468085106383,0.425531914893617
전북 임실,55,2,2,290,349,59,16.9054441260745,15.759312320916905,0.5730659025787965
강원 고성,4,0,1,25,30,5,16.666666666666664,13.333333333333334,0.0
경북 선산군,1,0,0,5,6,1,16.666666666666664,16.666666666666664,0.0
충북 괴산,1,0,0,5,6,1,16.666666666666664,16.666666666666664,0.0
경남 고성,63,2,4,346,415,69,16.626506024096386,15.180722891566264,0.48192771084337355
서울 영등포구갑,78,7,14,498,597,99,16.582914572864322,13.06532663316583,1.1725293132328307
전남 고흥갑,42,2,5,248,297,49,16.4983164983165,14.14141414141414,0.6734006734006733
전남 장흥,28,2,2,163,195,32,16.41025641025641,14.358974358974358,1.0256410256410255
경북 김천갑,34,4,1,200,239,39,16.317991631799163,14.225941422594143,1.6736401673640167
경북 성주,15,3,2,104,124,20,16.129032258064516,12.096774193548388,2.4193548387096775
전북 정읍갑,35,6,3,229,273,44,16.117216117216117,12.82051282051282,2.197802197802198
전남 구례,71,1,5,404,481,77,16.008316008316008,14.760914760914762,0.2079002079002079
경기 김포,20,25,10,292,347,55,15.85014409221902,5.763688760806916,7.204610951008646
경남 의령,119,5,1,672,797,125,15.683814303638647,14.93099121706399,0.6273525721455459
경북 경주을,17,0,0,92,109,17,15.59633027522936,15.59633027522936,0.0
"경남 부산시,영도갑",21,1,0,120,142,22,15.492957746478872,14.788732394366196,0.7042253521126761
충남 당진,13,1,2,89,105,16,15.238095238095239,12.380952380952381,0.9523809523809524
경북 영천군을,48,7,2,323,380,57,15.0,12.631578947368421,1.8421052631578945
전북 순창,37,2,3,238,280,42,15.0,13.214285714285715,0.7142857142857143
제주 북제주,65,1,5,411,482,71,14.730290456431536,13.485477178423237,0.2074688796680498
충남 아산,36,4,7,277,324,47,14.506172839506174,11.11111111111111,1.2345679012345678
경기 고양을,9,2,1,71,83,12,14.457831325301203,10.843373493975903,2.4096385542168677
충남 대덕군,61,13,20,560,654,94,14.37308868501529,9.327217125382264,1.9877675840978593
경기 개성,28,7,1,215,251,36,14.342629482071715,11.155378486055776,2.788844621513944
경북 경주갑,29,7,8,263,307,44,14.332247557003258,9.446254071661238,2.2801302931596092
경기 여주,21,3,2,156,182,26,14.285714285714285,11.538461538461538,1.6483516483516485
경기 연천,2,1,0,18,21,3,14.285714285714285,9.523809523809524,4.761904761904762
경북 고령군,0,2,0,12,14,2,14.285714285714285,0.0,14.285714285714285
전남 함평,0,0,1,6,7,1,14.285714285714285,0.0,0.0
서울 종로구을,47,11,4,376,438,62,14.15525114155251,10.730593607305936,2.5114155251141552
전남 광주을,61,4,6,442,513,71,13.840155945419102,11.890838206627679,0.7797270955165692
강원 금화,3,0,0,19,22,3,13.636363636363635,13.636363636363635,0.0
경기 양주갑,74,14,9,616,713,97,13.604488078541374,10.37868162692847,1.9635343618513323
경기 인천시병,13,1,0,90,104,14,13.461538461538462,12.5,0.9615384615384616
강원 명주,37,2,1,263,303,40,13.2013201320132,12.211221122112212,0.6600660066006601
경북 달성,18,1,0,125,144,19,13.194444444444445,12.5,0.6944444444444444
경북 영일갑,51,4,4,393,452,59,13.053097345132745,11.283185840707963,0.8849557522123894
전북 남원을,13,5,1,127,146,19,13.013698630136986,8.904109589041095,3.4246575342465753
경남 창녕군,25,6,2,224,257,33,12.840466926070038,9.72762645914397,2.3346303501945527
충남 공주갑,22,1,1,166,190,24,12.631578947368421,11.578947368421053,0.5263157894736842
전북 고창을,51,5,3,412,471,59,12.526539278131635,10.828025477707007,1.0615711252653928
경기 가평군,1,0,1,14,16,2,12.5,6.25,0.0
충북 괴산군,29,1,7,266,303,37,12.211221122112212,9.570957095709572,0.33003300330033003
경기 양평,57,3,3,475,538,63,11.71003717472119,10.594795539033457,0.5576208178438662
경북 영덕,10,1,5,124,140,16,11.428571428571429,7.142857142857142,0.7142857142857143
전남 광주병,143,4,1,1148,1296,148,11.419753086419753,11.033950617283951,0.30864197530864196
경기 수원갑,1,0,0,8,9,1,11.11111111111111,11.11111111111111,0.0
전남 곡성,46,6,2,434,488,54,11.065573770491802,9.426229508196721,1.2295081967213115
전남 완도군,64,7,15,711,797,86,10.790464240903388,8.030112923462985,0.8782936010037641
강원 춘성,3,4,0,61,68,7,10.294117647058822,4.411764705882353,5.88235294117647
충남 부여을,68,7,1,683,759,76,10.013175230566535,8.959156785243742,0.922266139657444
전남 광주,724,82,45,7884,8735,851,9.742415569547797,8.288494562106468,0.9387521465369204
강원 원성,10,0,3,123,136,13,9.558823529411764,7.352941176470589,0.0
충남 대전을,10,4,3,166,183,17,9.289617486338798,5.46448087431694,2.185792349726776
충남 천안갑,80,4,1,849,934,85,9.100642398286936,8.565310492505352,0.4282655246252677
경남 부산병,3,0,0,30,33,3,9.090909090909092,9.090909090909092,0.0
경남 하동,6,0,2,81,89,8,8.98876404494382,6.741573033707865,0.0
전남 여수갑,3,0,2,55,60,5,8.333333333333332,5.0,0.0
경기 인천시을,71,6,4,937,1018,81,7.956777996070727,6.974459724950884,0.5893909626719057
전남 보성군,74,10,5,1040,1129,89,7.883082373782107,6.554472984942426,0.8857395925597875
경북 대구병,4,0,0,49,53,4,7.547169811320755,7.547169811320755,0.0
미상,36884,2134,1332,503516,543866,40350,7.419106912364443,6.781817580065678,0.39237606322145524
경기 인천병,427,26,7,6220,6680,460,6.88622754491018,6.392215568862275,0.38922155688622756
경남 함안군,441,17,9,6437,6904,467,6.764194669756662,6.387601390498261,0.24623406720741597
강원 인제군,0,1,0,14,15,1,6.666666666666667,0.0,6.666666666666667
충북 옥천,0,0,1,14,15,1,6.666666666666667,0.0,0.0
경북 봉화군,5,0,0,72,77,5,6.493506493506493,6.493506493506493,0.0
경기 여주군,27,0,2,421,450,29,6.444444444444445,6.0,0.0
충북 영동,54,6,2,905,967,62,6.41158221302999,5.584281282316442,0.6204756980351602
강원 홍천군,184,24,7,3159,3374,215,6.372258446947243,5.453467694131595,0.7113218731475993
서울 서대문구을,135,7,2,2303,2447,144,5.88475684511647,5.51695954229669,0.28606456885982834
전남 순천을,2,0,0,32,34,2,5.88235294117647,5.88235294117647,0.0
경북 칠곡,94,9,4,1762,1869,107,5.724986623863028,5.029427501337614,0.4815409309791332
전남 광산,15,6,3,495,519,24,4.624277456647398,2.8901734104046244,1.1560693641618496
서울 중구,64,18,6,2104,2192,88,4.014598540145985,2.9197080291970803,0.8211678832116789
경남 합천군을,2,0,0,48,50,2,4.0,4.0,0.0
경북 영천갑,19,1,2,531,553,22,3.9783001808318263,3.4358047016274864,0.18083182640144665
경남 동래,71,8,4,2061,2144,83,3.871268656716418,3.3115671641791042,0.3731343283582089
서울 용산구,143,8,1,3942,4094,152,3.7127503663898387,3.492916463116756,0.19540791402051783
충남 공주을,58,2,3,2121,2184,63,2.8846153846153846,2.6556776556776556,0.09157509157509157
경기 평택군,1,0,0,57,58,1,1.7241379310344827,1.7241379310344827,0.0
황해도 연백갑,1,0,0,64,65,1,1.5384615384615385,1.5384615384615385,0.0
경북 영천을,0,0,0,7,7,0,0.0,0.0,0.0
충북 음성,0,0,0,5,5,0,0.0,0.0,0.0
경북 영일을,0,0,0,3,3,0,0.0,0.0,0.0
경북 청송군,0,0,0,3,3,0,0.0,0.0,0.0
충남 공주군갑,0,0,0,3,3,0,0.0,0.0,0.0
서울 성동구,0,0,0,2,2,0,0.0,0.0,0.0
충남 당진갑,0,0,0,2,2,0,0.0,0.0,0.0
충남 서산군을,0,0,0,2,2,0,0.0,0.0,0.0
경북 경주군갑,0,0,0,1,1,0,0.0,0.0,0.0
경북 경주군을,0,0,0,1,1,0,0.0,0.0,0.0
충북 중원군,0,0,0,1,1,0,0.0,0.0,0.0
