,1948-06,1948-07,1948-08,1948-09,1948-10,1948-11,1948-12,1949-01,1949-02,1949-03,1949-04,1949-05,1949-06,1949-07,1949-08,1949-09,1949-10,1949-11,1949-12,1950-01,1950-02,1950-03,1950-04,1950-06,1950-10,1950-11,1950-12,1951-01,1951-02,1951-03,1951-04,1951-05,1951-06,1951-07,1951-08,1951-09,1951-10,1951-11,1951-12,1952-01,1952-02,1952-03,1952-04,1952-05,1952-06,1952-07,1952-08,1952-09,1952-10,1952-11,1952-12,1953-01,1953-02,1953-03,1953-04,1953-05,1953-06,1953-07,1953-08,1953-09,1953-10,1953-11,1953-12,1954-01,1954-02,1954-03,1954-04,1954-05,1954-06,1954-07,1954-08,1954-09,1954-10,1954-11,1954-12,1955-01,1955-02,1955-03,1955-04,1955-05,1955-06,1955-07,1955-08,1955-09,1955-10,1955-11,1955-12,1956-01,1956-02,1956-03,1956-04,1956-05,1956-06,1956-07,1956-08,1956-09,1956-10,1956-11,1956-12,1957-01,1957-02,1957-03,1957-04,1957-05,1957-06,1957-07,1957-08,1957-09,1957-10,1957-11,1957-12,1958-01,1958-02,1958-03,1958-04,1958-05,1958-06,1958-07,1958-08,1958-09,1958-10,1958-11,1958-12,1959-01,1959-02,1959-03,1959-04,1959-05,1959-06,1959-07,1959-09,1959-10,1959-11,1959-12,1960-01,1960-02,1960-03,1960-04
개발,0.10626992561105207,0.21253985122210414,0.0,0.053134962805526036,0.10626992561105207,0.053134962805526036,0.1594048884165781,0.0,0.1594048884165781,1.0095642933049946,0.5844845908607864,0.1594048884165781,0.0,0.1594048884165781,0.0,0.053134962805526036,0.10626992561105207,1.434643995749203,1.2221041445270988,0.053134962805526036,0.5844845908607864,0.8501594048884166,2.3379383634431457,0.10626992561105207,0.0,0.2656748140276302,0.0,0.6907545164718385,0.4782146652497344,0.6907545164718385,0.7438894792773645,0.6376195536663124,0.053134962805526036,0.10626992561105207,0.4250797024442083,0.2656748140276302,0.3188097768331562,1.5409139213602552,0.9564293304994688,0.4250797024442083,0.0,1.0626992561105209,1.1158342189160468,0.4250797024442083,0.2656748140276302,0.5313496280552604,0.053134962805526036,0.5844845908607864,0.053134962805526036,0.5313496280552604,0.6907545164718385,0.1594048884165781,0.053134962805526036,0.37194473963868224,0.7438894792773645,0.5313496280552604,0.37194473963868224,0.21253985122210414,0.0,0.1594048884165781,0.5844845908607864,0.37194473963868224,0.1594048884165781,0.0,1.381509032943677,1.5940488841657812,1.434643995749203,0.0,0.0,0.37194473963868224,0.10626992561105207,0.4250797024442083,0.37194473963868224,0.8501594048884166,2.0191285866099893,0.9564293304994688,0.1594048884165781,0.053134962805526036,0.6376195536663124,0.6907545164718385,3.6131774707757707,0.7970244420828906,0.1594048884165781,0.1594048884165781,0.21253985122210414,0.1594048884165781,0.4782146652497344,0.5313496280552604,0.4782146652497344,0.0,0.0,0.0,0.053134962805526036,1.5409139213602552,0.21253985122210414,0.0,0.053134962805526036,0.10626992561105207,2.81615302869288,0.1594048884165781,0.21253985122210414,0.6376195536663124,0.1594048884165781,0.0,1.1689691817215728,1.3283740701381508,0.053134962805526036,0.5844845908607864,0.053134962805526036,0.4782146652497344,2.3379383634431457,0.0,0.10626992561105207,0.0,0.053134962805526036,0.0,0.8501594048884166,3.825717321997875,1.647183846971307,0.10626992561105207,0.9032943676939427,5.844845908607864,5.89798087141339,0.0,0.10626992561105207,0.10626992561105207,0.0,0.7438894792773645,2.2316684378320937,0.0,0.0,0.6376195536663124,10.095642933049948,8.554729011689693,2.5504782146652496,0.0,0.0,0.0
건설,0.9155113784985615,1.4125032696834947,0.7847240387130525,0.9155113784985615,0.5754642950562385,0.6277792309704421,0.5231493591420351,0.26157467957101754,0.47083442322783153,1.4386607376405964,1.9094951608684279,0.26157467957101754,0.39236201935652626,0.837038974627256,0.0523149359142035,0.23541721161391577,0.8108815066701544,1.9618100967826315,0.26157467957101754,0.4969918911849333,0.5493068270991368,1.7263928851687156,0.7847240387130525,0.07847240387130526,0.0523149359142035,0.31388961548522104,0.07847240387130526,0.18310227569971227,0.28773214752811926,0.4446769552707298,1.177086058069579,0.36620455139942454,0.26157467957101754,0.209259743656814,0.837038974627256,0.26157467957101754,0.26157467957101754,0.7324091027988491,0.418519487313628,0.18310227569971227,0.23541721161391577,0.9678263144127649,0.4969918911849333,0.26157467957101754,0.13078733978550877,0.31388961548522104,0.0523149359142035,0.34004708344232276,0.13078733978550877,0.5231493591420351,0.13078733978550877,0.28773214752811926,0.47083442322783153,0.47083442322783153,0.8108815066701544,0.18310227569971227,0.13078733978550877,0.02615746795710175,0.13078733978550877,0.47083442322783153,0.209259743656814,0.6800941668846455,0.02615746795710175,0.104629871828407,1.0462987182840702,0.9416688464556631,0.6277792309704421,0.0,0.13078733978550877,0.7062516348417474,0.5493068270991368,0.4969918911849333,1.0986136541982736,0.4446769552707298,1.1247711221553753,1.7263928851687156,0.104629871828407,0.4969918911849333,0.7847240387130525,1.072456186241172,2.5372743918388703,1.2032435260266805,0.02615746795710175,0.5754642950562385,0.7585665707559508,0.23541721161391577,0.31388961548522104,0.36620455139942454,0.47083442322783153,0.0,0.0,0.13078733978550877,0.5231493591420351,1.569448077426105,0.34004708344232276,0.18310227569971227,0.26157467957101754,0.13078733978550877,2.014125032696835,0.209259743656814,0.104629871828407,1.0462987182840702,0.418519487313628,0.0523149359142035,0.8631964425843578,0.7847240387130525,0.39236201935652626,0.31388961548522104,0.34004708344232276,1.150928590112477,3.191211090766414,0.104629871828407,4.91760397593513,0.02615746795710175,0.104629871828407,0.02615746795710175,0.39236201935652626,3.4266283023803292,3.348155898509024,0.837038974627256,0.9678263144127649,3.5312581742087366,2.1710698404394457,0.0,0.18310227569971227,0.23541721161391577,0.02615746795710175,1.2555584619408842,1.0201412503269682,0.28773214752811926,0.02615746795710175,0.6016217630133402,5.911587758304996,2.8250065393669894,3.5574156421658385,0.0523149359142035,0.104629871828407,0.26157467957101754
경제,0.4982415005861665,0.6037514654161782,0.20515826494724504,0.7561547479484174,0.3399765533411489,0.2637749120750293,0.39859320046893315,0.5392731535756156,0.3106682297772567,1.846424384525205,1.6412661195779603,0.2520515826494724,0.15240328253223917,0.7502930832356389,0.023446658851113716,0.996483001172333,0.5334114888628371,1.9871043376318873,0.7561547479484174,0.8264947245017584,1.0082063305978897,1.0785463071512311,1.3423212192262601,0.07033997655334115,0.011723329425556858,1.4947245017584994,0.1348182883939039,0.29894490035169985,0.3634232121922626,1.2954279015240329,1.4302461899179366,0.7444314185228604,0.5978898007033997,0.45720984759671746,0.996483001172333,0.8147713950762017,0.5803048065650644,0.8030480656506448,0.996483001172333,0.11723329425556857,0.14654161781946073,0.8147713950762017,0.5920281359906213,0.35756154747948415,0.11137162954279016,0.22274325908558032,0.2813599062133646,0.6565064478311841,0.35756154747948415,1.6412661195779603,0.7033997655334115,0.7209847596717468,0.9613130128956624,0.7033997655334115,0.9202813599062134,0.4044548651817116,0.30480656506447834,0.3106682297772567,0.1348182883939039,0.45720984759671746,0.861664712778429,1.1781946072684644,0.1758499413833529,0.38686987104337633,0.9730363423212192,1.6178194607268463,0.27549824150058616,0.05275498241500586,0.08206330597889801,0.44548651817116064,0.39273153575615477,1.2309495896834701,0.6682297772567408,0.861664712778429,0.9144196951934349,0.5803048065650644,0.08206330597889801,0.5099648300117233,0.8147713950762017,1.2837045720984759,2.3270808909730363,1.6764361078546306,0.04689331770222743,0.6565064478311841,0.6037514654161782,1.0902696365767879,1.1137162954279016,0.6096131301289567,1.0961313012895662,0.05275498241500586,0.011723329425556858,0.1758499413833529,0.6389214536928488,1.6647127784290738,0.2696365767878078,0.11137162954279016,0.6213364595545134,0.4103165298944901,2.813599062133646,0.8792497069167644,0.35756154747948415,0.7209847596717468,0.246189917936694,0.10550996483001172,0.9378663540445485,1.2250879249706919,0.27549824150058616,0.7620164126611958,0.369284876905041,0.7971864009378663,2.678780773739742,0.058616647127784284,0.5568581477139508,0.005861664712778429,0.035169988276670575,0.0,0.4337631887456037,3.1946072684642437,2.5439624853458382,0.246189917936694,0.6096131301289567,2.3563892145369287,2.2977725674091443,0.0,0.15826494724501758,0.23446658851113714,0.05275498241500586,0.4865181711606096,1.6998827667057446,0.22274325908558032,0.11137162954279016,0.39859320046893315,2.6670574443141852,3.352872215709261,0.3516998827667058,0.0,0.035169988276670575,0.035169988276670575
공업,0.2717391304347826,0.6793478260869565,1.4492753623188406,0.4528985507246377,0.6793478260869565,0.09057971014492754,0.1358695652173913,0.2717391304347826,0.18115942028985507,0.7699275362318841,1.4492753623188406,0.1358695652173913,0.1358695652173913,0.22644927536231885,0.0,0.8152173913043478,0.1358695652173913,2.4003623188405796,0.1358695652173913,0.5434782608695652,0.588768115942029,0.8152173913043478,1.6757246376811596,0.0,0.09057971014492754,0.5434782608695652,0.04528985507246377,0.04528985507246377,0.04528985507246377,1.0869565217391304,0.9510869565217392,0.1358695652173913,0.4076086956521739,0.1358695652173913,0.18115942028985507,0.7246376811594203,0.4076086956521739,0.3170289855072464,0.4076086956521739,0.3170289855072464,0.1358695652173913,1.8568840579710144,0.2717391304347826,0.18115942028985507,0.04528985507246377,0.09057971014492754,0.09057971014492754,0.4981884057971014,0.22644927536231885,3.84963768115942,0.36231884057971014,0.4528985507246377,0.4528985507246377,0.36231884057971014,0.588768115942029,0.09057971014492754,0.1358695652173913,0.18115942028985507,0.0,0.6793478260869565,0.7699275362318841,0.4981884057971014,0.04528985507246377,0.22644927536231885,0.9510869565217392,1.0869565217391304,0.8605072463768116,0.0,0.09057971014492754,0.7699275362318841,0.588768115942029,1.4945652173913044,0.2717391304347826,0.22644927536231885,1.585144927536232,1.4039855072463767,0.0,0.3170289855072464,0.9057971014492754,1.0416666666666665,3.125,1.9927536231884055,0.0,0.6793478260869565,0.5434782608695652,0.18115942028985507,0.36231884057971014,0.9510869565217392,0.5434782608695652,0.1358695652173913,0.0,0.3170289855072464,0.2717391304347826,2.1286231884057973,0.7699275362318841,0.1358695652173913,0.2717391304347826,0.09057971014492754,3.0797101449275366,0.588768115942029,0.3170289855072464,1.177536231884058,0.22644927536231885,0.0,0.6793478260869565,0.6340579710144928,0.18115942028985507,0.4076086956521739,0.2717391304347826,0.588768115942029,2.536231884057971,0.04528985507246377,0.9057971014492754,0.0,0.04528985507246377,0.0,0.7246376811594203,4.211956521739131,2.76268115942029,0.18115942028985507,0.36231884057971014,4.574275362318841,2.76268115942029,0.0,0.0,0.04528985507246377,0.2717391304347826,0.6340579710144928,2.6721014492753623,0.04528985507246377,0.0,0.36231884057971014,6.974637681159421,4.981884057971015,0.4981884057971014,0.0,0.04528985507246377,0.1358695652173913
근로,1.4634146341463417,4.308943089430894,0.08130081300813008,0.16260162601626016,0.40650406504065045,0.08130081300813008,0.16260162601626016,0.0,0.0,0.8130081300813009,0.40650406504065045,0.08130081300813008,0.0,1.6260162601626018,0.0,0.7317073170731708,0.16260162601626016,1.5447154471544715,0.08130081300813008,0.24390243902439024,0.8130081300813009,0.24390243902439024,0.6504065040650406,0.16260162601626016,0.0,0.3252032520325203,0.0,0.0,0.08130081300813008,3.495934959349593,0.16260162601626016,0.08130081300813008,0.08130081300813008,0.16260162601626016,0.08130081300813008,0.0,0.3252032520325203,5.528455284552845,0.16260162601626016,0.4878048780487805,0.24390243902439024,1.056910569105691,0.08130081300813008,0.08130081300813008,0.24390243902439024,0.16260162601626016,0.08130081300813008,0.40650406504065045,1.8699186991869918,0.16260162601626016,1.3008130081300813,8.3739837398374,14.065040650406505,1.2195121951219512,14.390243902439023,5.121951219512195,0.6504065040650406,0.24390243902439024,0.0,0.4878048780487805,0.3252032520325203,0.0,0.08130081300813008,0.0,1.3008130081300813,0.5691056910569106,0.4878048780487805,0.08130081300813008,0.0,0.4878048780487805,1.056910569105691,0.4878048780487805,0.16260162601626016,0.08130081300813008,0.24390243902439024,0.08130081300813008,0.6504065040650406,0.5691056910569106,0.0,0.3252032520325203,0.24390243902439024,0.6504065040650406,0.16260162601626016,0.24390243902439024,0.24390243902439024,0.7317073170731708,0.08130081300813008,0.3252032520325203,0.4878048780487805,0.08130081300813008,0.0,0.0,0.5691056910569106,0.3252032520325203,0.16260162601626016,0.0,0.08130081300813008,0.08130081300813008,2.0325203252032518,0.0,0.16260162601626016,0.16260162601626016,0.08130081300813008,0.0,0.7317073170731708,0.3252032520325203,0.0,0.08130081300813008,0.0,0.08130081300813008,0.7317073170731708,0.08130081300813008,0.0,0.0,0.08130081300813008,0.0,0.0,1.3821138211382114,1.1382113821138211,0.0,0.16260162601626016,0.4878048780487805,0.6504065040650406,0.0,0.08130081300813008,0.0,0.0,0.40650406504065045,0.40650406504065045,0.16260162601626016,0.0,0.3252032520325203,1.3008130081300813,1.951219512195122,0.08130081300813008,0.0,0.0,0.0
기계,0.2242152466367713,0.2802690582959641,0.05605381165919283,0.0,0.6165919282511211,0.11210762331838565,0.11210762331838565,0.2242152466367713,0.2802690582959641,0.2242152466367713,1.1771300448430493,0.11210762331838565,0.1681614349775785,0.2242152466367713,0.0,0.6165919282511211,0.336322869955157,3.2511210762331837,0.2802690582959641,0.2802690582959641,0.5605381165919282,0.2802690582959641,2.3542600896860986,0.0,0.05605381165919283,0.7286995515695067,0.05605381165919283,0.05605381165919283,0.2242152466367713,1.1771300448430493,1.1210762331838564,0.2802690582959641,0.05605381165919283,0.11210762331838565,0.2242152466367713,0.11210762331838565,0.1681614349775785,1.0089686098654709,0.7847533632286996,0.2242152466367713,0.0,0.8408071748878924,0.7286995515695067,0.1681614349775785,0.0,0.11210762331838565,1.0089686098654709,0.336322869955157,0.0,0.5605381165919282,0.5605381165919282,0.2242152466367713,0.672645739910314,0.952914798206278,0.6165919282511211,0.2802690582959641,0.0,0.2802690582959641,0.0,0.672645739910314,0.4484304932735426,0.5044843049327354,0.0,0.0,0.8968609865470852,2.7466367713004485,1.1210762331838564,0.0,0.0,0.3923766816143498,0.4484304932735426,0.5605381165919282,1.1771300448430493,0.7286995515695067,0.8408071748878924,0.7847533632286996,0.0,0.7847533632286996,0.5605381165919282,0.7847533632286996,3.0829596412556053,1.5134529147982063,0.0,0.336322869955157,0.3923766816143498,0.4484304932735426,0.336322869955157,0.672645739910314,0.8408071748878924,0.05605381165919283,0.05605381165919283,0.0,0.5044843049327354,2.130044843049327,0.3923766816143498,0.05605381165919283,0.5044843049327354,0.2242152466367713,3.0829596412556053,0.1681614349775785,0.11210762331838565,0.7847533632286996,0.3923766816143498,0.2242152466367713,0.4484304932735426,1.1210762331838564,0.1681614349775785,0.5044843049327354,0.2802690582959641,0.7286995515695067,3.1390134529147984,0.05605381165919283,0.7286995515695067,0.0,0.0,0.0,0.7847533632286996,5.2690582959641254,2.298206278026906,0.336322869955157,0.8968609865470852,4.876681614349776,2.914798206278027,0.0,0.11210762331838565,0.2802690582959641,0.11210762331838565,1.4573991031390134,2.298206278026906,0.0,0.0,0.3923766816143498,10.033632286995516,4.540358744394619,0.6165919282511211,0.0,0.05605381165919283,0.2802690582959641
노동자,1.493848857644991,3.8664323374340945,0.26362038664323373,1.6695957820738139,0.26362038664323373,0.17574692442882248,0.4393673110720563,0.5272407732864675,0.26362038664323373,0.6151142355008787,1.1423550087873462,0.17574692442882248,0.17574692442882248,1.2302284710017575,0.0,0.4393673110720563,0.0,5.623901581722319,0.7908611599297013,0.6151142355008787,0.6151142355008787,0.35149384885764495,1.1423550087873462,0.08787346221441124,0.0,0.6151142355008787,0.0,0.08787346221441124,0.26362038664323373,0.6151142355008787,0.5272407732864675,0.17574692442882248,0.0,0.7029876977152899,0.26362038664323373,0.17574692442882248,1.054481546572935,0.9666080843585236,0.7908611599297013,0.9666080843585236,1.2302284710017575,0.8787346221441126,0.17574692442882248,0.17574692442882248,0.26362038664323373,0.7029876977152899,0.0,0.26362038664323373,0.26362038664323373,0.08787346221441124,0.5272407732864675,14.235500878734623,2.2847100175746924,1.4059753954305798,3.427065026362039,1.054481546572935,0.26362038664323373,0.17574692442882248,0.0,0.4393673110720563,0.35149384885764495,0.08787346221441124,0.0,0.0,0.0,2.10896309314587,0.0,0.0,0.0,0.35149384885764495,0.17574692442882248,0.7908611599297013,0.35149384885764495,0.7029876977152899,1.2302284710017575,0.35149384885764495,0.17574692442882248,0.4393673110720563,0.26362038664323373,0.5272407732864675,1.7574692442882252,1.1423550087873462,0.08787346221441124,0.08787346221441124,0.35149384885764495,0.17574692442882248,0.08787346221441124,0.35149384885764495,0.5272407732864675,0.0,0.0,0.17574692442882248,1.054481546572935,0.35149384885764495,0.35149384885764495,0.17574692442882248,0.26362038664323373,0.08787346221441124,0.9666080843585236,0.26362038664323373,0.0,0.7908611599297013,0.35149384885764495,0.26362038664323373,1.2302284710017575,1.054481546572935,0.26362038664323373,0.0,0.08787346221441124,0.26362038664323373,1.493848857644991,0.08787346221441124,0.17574692442882248,0.0,0.0,0.0,0.08787346221441124,0.9666080843585236,1.493848857644991,0.0,0.08787346221441124,0.8787346221441126,0.9666080843585236,0.0,0.26362038664323373,0.0,0.08787346221441124,0.26362038664323373,6.41476274165202,3.7785588752196833,0.0,0.0,2.0210896309314585,3.163444639718805,0.0,0.0,0.0,0.26362038664323373
동포,4.4529262086514,3.435114503816794,3.689567430025445,5.534351145038168,2.926208651399491,2.5445292620865136,1.653944020356234,1.1450381679389312,1.0814249363867683,1.2722646310432568,2.5445292620865136,0.6361323155216284,0.9541984732824428,0.7633587786259541,0.0,0.3180661577608142,2.989821882951654,1.3358778625954197,0.2544529262086514,1.9720101781170483,2.2900763358778624,1.3994910941475827,0.6997455470737913,0.5725190839694656,0.06361323155216285,2.608142493638677,0.826972010178117,1.1450381679389312,0.6997455470737913,1.1450381679389312,0.38167938931297707,1.4631043256997456,0.2544529262086514,0.44529262086513993,0.6361323155216284,0.5089058524173028,1.0814249363867683,0.6361323155216284,0.44529262086513993,0.44529262086513993,0.5089058524173028,0.6361323155216284,0.06361323155216285,0.06361323155216285,0.06361323155216285,0.06361323155216285,0.1272264631043257,0.6361323155216284,0.1272264631043257,1.2086513994910941,0.2544529262086514,0.38167938931297707,0.19083969465648853,0.3180661577608142,0.38167938931297707,0.38167938931297707,0.38167938931297707,0.1272264631043257,0.2544529262086514,0.1272264631043257,0.3180661577608142,0.6997455470737913,0.06361323155216285,0.44529262086513993,0.6997455470737913,0.2544529262086514,0.2544529262086514,0.0,0.38167938931297707,0.5725190839694656,0.6361323155216284,0.6361323155216284,0.6997455470737913,1.0814249363867683,0.6361323155216284,0.6997455470737913,0.0,0.2544529262086514,0.44529262086513993,0.44529262086513993,0.6361323155216284,0.6361323155216284,0.0,0.19083969465648853,1.0814249363867683,0.19083969465648853,0.3180661577608142,0.2544529262086514,0.7633587786259541,0.3180661577608142,0.0,0.1272264631043257,0.5089058524173028,0.7633587786259541,0.44529262086513993,0.6997455470737913,0.5089058524173028,0.5725190839694656,0.38167938931297707,0.38167938931297707,0.0,0.19083969465648853,1.0814249363867683,0.0,0.6361323155216284,0.9541984732824428,0.6997455470737913,0.44529262086513993,1.4631043256997456,0.3180661577608142,1.2086513994910941,0.0,0.5725190839694656,0.0,0.0,0.0,0.3180661577608142,1.1450381679389312,1.2086513994910941,0.0,0.1272264631043257,0.3180661577608142,1.2086513994910941,0.0,0.6361323155216284,0.44529262086513993,0.1272264631043257,0.3180661577608142,0.6997455470737913,0.2544529262086514,0.1272264631043257,0.6361323155216284,0.5089058524173028,1.9083969465648856,0.19083969465648853,0.0,0.3180661577608142,0.38167938931297707
물가,0.03453038674033149,0.10359116022099447,0.03453038674033149,0.8977900552486188,0.31077348066298344,0.17265193370165746,0.03453038674033149,0.17265193370165746,0.17265193370165746,1.8301104972375688,0.7251381215469613,0.0,0.03453038674033149,0.5179558011049723,0.0,0.24171270718232044,0.03453038674033149,0.6560773480662984,0.06906077348066297,1.0013812154696133,0.6215469613259669,0.6906077348066298,1.3121546961325967,0.0,0.0,1.4502762430939227,0.06906077348066297,0.24171270718232044,0.5179558011049723,0.9323204419889504,1.1049723756906076,0.5179558011049723,0.8977900552486188,0.20718232044198895,0.3798342541436464,0.4143646408839779,0.2762430939226519,0.4488950276243094,1.2776243093922652,0.13812154696132595,0.10359116022099447,1.2776243093922652,0.2762430939226519,0.06906077348066297,0.03453038674033149,0.5524861878453038,0.20718232044198895,0.7596685082872928,0.31077348066298344,1.2085635359116023,0.7596685082872928,0.2762430939226519,1.6574585635359116,0.6906077348066298,0.4143646408839779,0.20718232044198895,0.13812154696132595,0.06906077348066297,0.03453038674033149,0.4488950276243094,1.4157458563535912,0.8287292817679558,0.03453038674033149,0.03453038674033149,0.6560773480662984,0.7596685082872928,0.5179558011049723,0.0,0.17265193370165746,0.7251381215469613,0.9323204419889504,2.796961325966851,2.071823204419889,0.5870165745856354,2.9005524861878453,0.6215469613259669,0.17265193370165746,0.5524861878453038,0.7251381215469613,1.8646408839779007,1.4848066298342542,4.281767955801105,0.03453038674033149,2.9696132596685083,0.3798342541436464,1.1740331491712708,1.1395027624309393,0.7941988950276244,1.0013812154696133,0.06906077348066297,0.0,0.31077348066298344,0.48342541436464087,1.8301104972375688,0.06906077348066297,0.06906077348066297,0.31077348066298344,0.13812154696132595,4.074585635359116,0.3798342541436464,0.03453038674033149,1.5193370165745856,0.13812154696132595,0.0,0.7596685082872928,0.6560773480662984,0.17265193370165746,0.3798342541436464,0.5870165745856354,0.5524861878453038,3.867403314917127,0.0,0.13812154696132595,0.0,0.0,0.0,0.17265193370165746,5.110497237569061,2.6243093922651934,0.6215469613259669,0.6560773480662984,2.4861878453038675,1.4502762430939227,0.0,0.03453038674033149,0.10359116022099447,0.0,0.7251381215469613,2.520718232044199,0.13812154696132595,0.06906077348066297,0.24171270718232044,3.1077348066298343,3.5566298342541436,0.13812154696132595,0.0,0.0,0.03453038674033149
물자,0.09272137227630968,0.4636068613815485,0.16226240148354196,2.294853963838665,0.8113120074177098,0.3708854891052387,0.5795085767269356,0.7185906351414001,0.48678720445062584,0.7185906351414001,0.9503940658321743,0.3708854891052387,0.25498377375985165,0.39406583217431623,0.0,0.2086230876216968,0.2086230876216968,1.205377839592026,0.5099675475197033,0.7417709782104774,0.8576726935558646,1.1590171534538711,1.321279554937413,0.06954102920723226,0.02318034306907742,0.8344923504867872,0.02318034306907742,0.5331478905887808,0.5795085767269356,1.2285581826611034,1.4603616133518775,0.6722299490032452,1.1358368103847936,0.6722299490032452,0.8113120074177098,0.7417709782104774,0.8576726935558646,1.0199350950394066,0.7185906351414001,0.2086230876216968,0.13908205841446453,2.271673620769587,0.3708854891052387,0.06954102920723226,0.16226240148354196,0.3245248029670839,0.39406583217431623,0.3708854891052387,0.16226240148354196,1.1590171534538711,0.6954102920723227,0.3708854891052387,0.9503940658321743,1.2980992118683357,1.0662957811775615,0.27816411682892905,0.23180343069077425,0.16226240148354196,0.02318034306907742,0.5331478905887808,0.5099675475197033,0.3708854891052387,0.23180343069077425,0.06954102920723226,1.808066759388039,1.4140009272137228,1.0199350950394066,0.04636068613815484,0.09272137227630968,0.5795085767269356,0.602688919796013,0.8113120074177098,2.24849327770051,0.27816411682892905,0.48678720445062584,0.8344923504867872,0.16226240148354196,0.2086230876216968,0.27816411682892905,1.205377839592026,2.271673620769587,1.1590171534538711,0.04636068613815484,0.4172461752433936,0.2086230876216968,0.34770514603616137,0.5099675475197033,0.602688919796013,0.764951321279555,0.02318034306907742,0.0,0.3708854891052387,0.440426518312471,1.3908205841446455,0.16226240148354196,0.04636068613815484,0.3013444598980065,0.11590171534538712,1.7848864163189613,0.2086230876216968,0.11590171534538712,0.5795085767269356,0.23180343069077425,0.11590171534538712,0.25498377375985165,0.7417709782104774,0.6954102920723227,0.4172461752433936,0.8113120074177098,0.3013444598980065,1.576263328697265,0.04636068613815484,0.2086230876216968,0.0,0.02318034306907742,0.0,0.3013444598980065,4.3810848400556335,1.52990264255911,0.11590171534538712,0.927213722763097,4.821511358368104,1.6689847009735743,0.0,0.11590171534538712,3.6393138618451553,0.13908205841446453,0.48678720445062584,1.6226240148354196,0.5795085767269356,0.0,0.7881316643486325,6.397774687065369,4.033379694019471,0.3245248029670839,0.0,0.02318034306907742,0.04636068613815484
미군,0.8598452278589854,0.2579535683576956,0.2579535683576956,4.3852106620808255,1.2037833190025795,2.493551160791058,1.0318142734307825,1.3757523645743766,0.6018916595012898,0.6018916595012898,0.6878761822871883,0.2579535683576956,0.2579535683576956,0.6878761822871883,0.0,0.2579535683576956,0.6018916595012898,0.6018916595012898,0.5159071367153912,0.2579535683576956,0.7738607050730868,1.2037833190025795,1.5477214101461736,0.08598452278589853,0.17196904557179707,0.6878761822871883,0.4299226139294927,0.4299226139294927,0.7738607050730868,0.6018916595012898,0.34393809114359414,0.9458297506448838,0.6878761822871883,0.5159071367153912,0.17196904557179707,0.0,0.8598452278589854,1.117798796216681,0.5159071367153912,0.08598452278589853,0.0,1.0318142734307825,0.2579535683576956,0.6878761822871883,0.2579535683576956,0.6018916595012898,0.17196904557179707,0.34393809114359414,0.17196904557179707,1.117798796216681,0.34393809114359414,0.08598452278589853,0.2579535683576956,0.08598452278589853,0.5159071367153912,0.34393809114359414,0.4299226139294927,1.8056749785038695,0.0,0.34393809114359414,1.0318142734307825,0.4299226139294927,0.0,0.8598452278589854,0.34393809114359414,0.17196904557179707,0.08598452278589853,0.17196904557179707,0.0,0.17196904557179707,1.117798796216681,3.095442820292347,1.4617368873602752,1.3757523645743766,0.8598452278589854,0.2579535683576956,0.6018916595012898,1.117798796216681,0.34393809114359414,1.3757523645743766,0.6018916595012898,1.633705932932072,0.08598452278589853,0.6018916595012898,0.0,0.6018916595012898,0.5159071367153912,0.08598452278589853,0.2579535683576956,0.17196904557179707,0.0,0.08598452278589853,0.0,0.4299226139294927,0.0,0.0,0.34393809114359414,0.4299226139294927,0.6018916595012898,0.08598452278589853,0.0,0.17196904557179707,1.3757523645743766,0.0,0.17196904557179707,0.9458297506448838,0.9458297506448838,0.5159071367153912,2.235597592433362,0.17196904557179707,2.1496130696474633,0.0,0.08598452278589853,0.0,0.0,0.0,0.17196904557179707,9.888220120378332,0.7738607050730868,0.4299226139294927,1.4617368873602752,5.932932072227,1.0318142734307825,0.0,0.0,0.0,0.08598452278589853,0.34393809114359414,1.0318142734307825,0.2579535683576956,0.0,0.9458297506448838,5.159071367153913,2.235597592433362,1.7196904557179709,0.0,0.0,0.34393809114359414
봉급,0.04719207173194903,0.18876828692779613,0.0,0.23596035865974516,0.14157621519584712,0.09438414346389806,0.37753657385559225,0.09438414346389806,0.37753657385559225,1.4157621519584709,4.38886267107126,0.0,0.09438414346389806,1.132609721566777,0.0,0.04719207173194903,0.04719207173194903,0.18876828692779613,0.04719207173194903,0.23596035865974516,0.14157621519584712,1.321378008494573,2.265219443133554,0.0,0.0,0.5663048607833885,0.04719207173194903,0.23596035865974516,0.28315243039169424,7.1731949032562525,7.031618688060407,0.23596035865974516,0.37753657385559225,0.37753657385559225,0.9910335063709298,0.28315243039169424,0.14157621519584712,0.0,1.6045304388862671,0.04719207173194903,0.04719207173194903,0.7550731477111845,6.087777253421425,0.09438414346389806,0.04719207173194903,0.04719207173194903,0.04719207173194903,0.0,0.23596035865974516,0.28315243039169424,1.6989145823501652,0.0,0.33034450212364325,0.6134969325153374,0.8494572911750826,0.09438414346389806,0.0,0.04719207173194903,0.0,0.0,0.18876828692779613,0.14157621519584712,0.04719207173194903,0.0,0.18876828692779613,0.9438414346389806,0.04719207173194903,0.0,0.0,0.18876828692779613,0.37753657385559225,0.23596035865974516,1.368570080226522,0.04719207173194903,0.14157621519584712,0.14157621519584712,0.0,0.28315243039169424,0.33034450212364325,0.6134969325153374,0.6134969325153374,2.92590844738084,0.0,0.37753657385559225,0.14157621519584712,0.4719207173194903,0.14157621519584712,1.0382255781028786,0.18876828692779613,0.0,0.0,0.04719207173194903,0.18876828692779613,1.7932987258140631,0.23596035865974516,0.28315243039169424,0.18876828692779613,0.14157621519584712,2.784332232184993,0.23596035865974516,0.09438414346389806,0.18876828692779613,0.04719207173194903,0.0,0.28315243039169424,0.28315243039169424,0.09438414346389806,0.23596035865974516,0.7550731477111845,0.23596035865974516,2.5011798017932985,0.0,0.04719207173194903,0.0,0.0,0.0,0.04719207173194903,10.476639924492686,3.303445021236432,0.04719207173194903,3.114676734308636,5.002359603586597,1.4157621519584709,0.0,0.37753657385559225,0.04719207173194903,0.0,0.28315243039169424,0.5663048607833885,0.04719207173194903,0.0,0.8966493629070316,5.85181689476168,3.067484662576687,0.04719207173194903,0.0,0.0,0.0
부흥,0.0,0.02718868950516585,0.02718868950516585,0.1087547580206634,0.13594344752582926,0.0,0.09516041326808049,0.12234910277324632,0.02718868950516585,0.1631321370309951,0.28548123980424145,0.09516041326808049,0.02718868950516585,0.1631321370309951,0.0,0.08156606851549755,0.040783034257748776,0.4622077215878194,0.13594344752582926,0.02718868950516585,0.09516041326808049,0.7748776508972268,0.5165851005981512,0.06797172376291463,0.013594344752582924,0.27188689505165853,0.013594344752582924,0.040783034257748776,0.09516041326808049,0.27188689505165853,0.2175095160413268,0.27188689505165853,0.08156606851549755,0.02718868950516585,1.2098966829798803,0.27188689505165853,0.0543773790103317,0.2311038607939097,0.13594344752582926,0.06797172376291463,0.013594344752582924,0.3942359978249048,0.06797172376291463,0.040783034257748776,0.013594344752582924,0.013594344752582924,0.06797172376291463,1.0467645459488852,0.0543773790103317,0.20391517128874387,0.040783034257748776,0.27188689505165853,0.367047308319739,0.08156606851549755,0.29907558455682437,0.17672648178357803,0.02718868950516585,0.02718868950516585,0.013594344752582924,0.4350190320826536,0.08156606851549755,0.4486133768352365,0.08156606851549755,0.2582925502990756,1.3458401305057095,1.9168026101141926,0.2582925502990756,0.0543773790103317,0.040783034257748776,0.3942359978249048,0.5437737901033171,0.6525285481239804,0.8564437194127243,0.48939641109298526,1.44100054377379,1.3322457857531267,0.3126699293094073,0.19032082653616098,0.8156606851549755,1.7672648178357804,4.9075584556824365,4.771615008156607,0.13594344752582926,0.42142468733007066,0.3942359978249048,0.42142468733007066,1.073953235454051,1.101141924959217,1.8488308863512777,0.12234910277324632,0.013594344752582924,0.2582925502990756,0.7612833061446439,3.9423599782490486,0.7069059271343121,0.1087547580206634,0.24469820554649263,0.29907558455682437,3.969548667754214,0.29907558455682437,0.12234910277324632,1.0875475802066341,0.5301794453507341,0.13594344752582926,1.4138118542686242,1.5361609570418706,0.35345296356715605,0.9380097879282219,0.14953779227841218,0.7748776508972268,4.010331702011963,0.09516041326808049,0.42142468733007066,0.013594344752582924,0.0543773790103317,0.0,0.9923871669385536,7.286568787384448,4.635671560630778,0.5709624796084829,0.9516041326808047,3.6976617727025554,4.255029907558456,0.0,0.13594344752582926,0.013594344752582924,0.13594344752582926,0.6525285481239804,2.705274605764002,0.14953779227841218,0.2311038607939097,0.4622077215878194,5.628058727569331,5.1794453507340945,1.1419249592169658,0.0,0.040783034257748776,0.0
산업,0.4143831038631199,0.5614222697500334,0.10693757519048255,0.922336586017912,0.37428151316668895,0.29407833177382703,0.25397674107739604,0.4010159069643096,0.6148910573452747,2.178853094506082,2.2857906696965644,0.4010159069643096,0.3609143162678786,0.9089693891191017,0.06683598449405159,0.4143831038631199,0.5614222697500334,4.277503007619302,1.216414917791739,2.4194626386846676,0.7619302232321882,0.7886646170298088,0.6549926480417056,0.12030477208929287,0.02673439379762064,0.6549926480417056,0.09357037829167224,0.10693757519048255,0.33417992247025796,0.5079534821547921,0.6950942387381367,0.2005079534821548,0.29407833177382703,0.34754711936906835,0.29407833177382703,0.26734393797620637,0.25397674107739604,0.44111749766074054,0.2138751503809651,0.2005079534821548,0.16040636278572384,0.8287662077262398,0.3609143162678786,0.17377355968453417,0.06683598449405159,0.06683598449405159,0.09357037829167224,1.002539767410774,0.2005079534821548,0.6416254511428954,0.2005079534821548,0.5079534821547921,0.7485630263333779,0.44111749766074054,1.0159069643095842,0.34754711936906835,0.8822349953214811,1.0560085550060152,0.05346878759524128,0.3609143162678786,0.2807111348750167,2.1922202914048925,0.2138751503809651,0.18714075658334448,0.84213340462505,2.058548322416789,0.5747894666488438,0.06683598449405159,0.04010159069643096,0.6416254511428954,0.8822349953214811,0.9758053736131533,0.49458628525598186,0.44111749766074054,1.964977944125117,1.3233524929822216,0.2005079534821548,0.2807111348750167,0.5480550728512231,1.3233524929822216,4.357706189012164,1.3901884774762734,0.13367196898810318,0.34754711936906835,0.3876487100654993,0.7084614356369469,0.3609143162678786,0.49458628525598186,0.6015238604464644,0.0,0.01336719689881032,0.18714075658334448,0.2005079534821548,3.194760058815666,0.5881566635476541,0.02673439379762064,0.10693757519048255,0.16040636278572384,3.301697634006149,0.30744552867263736,0.3208127255714477,1.6708996123512898,0.09357037829167224,0.01336719689881032,0.4143831038631199,0.33417992247025796,0.12030477208929287,0.4143831038631199,0.14703916588691351,0.37428151316668895,1.791204384440583,0.02673439379762064,0.4544846945595509,0.0,0.01336719689881032,0.0,0.33417992247025796,4.330971795214544,5.253308381232456,0.14703916588691351,0.4143831038631199,3.301697634006149,2.3258922603929957,0.0,0.08020318139286192,0.05346878759524128,0.09357037829167224,0.3208127255714477,1.751102793744152,0.04010159069643096,0.0,0.37428151316668895,3.4754711936906832,3.208127255714477,0.33417992247025796,0.0,0.04010159069643096,0.02673439379762064
생산,0.1519756838905775,0.4052684903748734,0.050658561296859174,2.2796352583586628,0.7429922323539345,0.4052684903748734,0.4390408645727794,0.37149611617696726,0.18574805808848363,1.0469436001350896,1.5873015873015872,0.5741303613644039,0.050658561296859174,0.8443093549476529,0.0,0.13508949679162446,0.16886187098953057,1.485984464707869,0.18574805808848363,1.485984464707869,0.60790273556231,0.7936507936507936,1.485984464707869,0.06754474839581223,0.033772374197906116,0.60790273556231,0.033772374197906116,0.2026342451874367,0.2195204322863897,0.6754474839581223,1.0469436001350896,0.33772374197906113,0.8611955420466059,0.6416751097602161,0.6416751097602161,0.6247889226612631,0.4559270516717325,0.9287402904424181,1.1482607227288077,0.4390408645727794,0.2026342451874367,2.7186761229314422,0.5234718000675448,0.3546099290780142,0.050658561296859174,0.08443093549476528,0.25329280648429586,0.5234718000675448,0.1182033096926714,0.9456264775413712,0.5910165484633569,0.5572441742654508,0.9625126646403243,0.4559270516717325,0.8780817291455588,0.6416751097602161,0.2701789935832489,0.2026342451874367,0.06754474839581223,0.6923336710570753,0.42215467747382646,1.0131712259371835,0.13508949679162446,0.033772374197906116,1.1144883485309016,1.0300574130361364,1.1144883485309016,0.0,0.016886187098953058,0.8443093549476529,0.6585612968591692,1.3846673421141507,1.0131712259371835,0.6247889226612631,1.2495778453225261,0.911854103343465,0.06754474839581223,0.894967916244512,0.7767646065518407,0.9287402904424181,1.773049645390071,1.3508949679162445,0.016886187098953058,0.6416751097602161,0.6247889226612631,1.6210739614994936,0.6923336710570753,0.48969942586963866,0.3883823032759203,0.08443093549476528,0.0,0.2364066193853428,0.2364066193853428,1.1313745356298548,0.37149611617696726,0.06754474839581223,0.9793988517392773,0.16886187098953057,2.4822695035460995,0.6416751097602161,0.48969942586963866,0.7092198581560284,0.2364066193853428,0.016886187098953058,0.7767646065518407,0.6247889226612631,0.3546099290780142,0.3883823032759203,0.33772374197906113,0.5403579871664979,2.397838568051334,0.050658561296859174,0.6416751097602161,0.0,0.06754474839581223,0.0,0.2701789935832489,4.103343465045593,1.773049645390071,0.7092198581560284,0.5234718000675448,4.643701452212091,2.4147247551502873,0.0,0.13508949679162446,0.16886187098953057,0.033772374197906116,0.5741303613644039,2.1614319486659914,0.0,0.0,0.5065856129685917,5.85950692333671,4.305977710233029,0.1519756838905775,0.0,0.2364066193853428,0.016886187098953058
세입,0.0,0.11890606420927466,0.0,0.016986580601324953,0.10191948360794972,0.11890606420927466,0.05095974180397486,0.23781212841854932,0.32274503142517413,1.9024970273483945,1.087141158484797,0.20383896721589945,0.10191948360794972,0.18685238661457448,0.033973161202649906,0.356718192627824,0.2208255478172244,0.5605571598437235,0.5605571598437235,1.104127739086122,0.5265839986410735,1.7156446407338204,2.514013928996093,0.2208255478172244,0.033973161202649906,0.9172753524715475,0.05095974180397486,1.0022082554781722,0.18685238661457448,2.870732121623917,2.547987090198743,0.6285034822490233,0.49261083743842365,0.08493290300662477,0.8663156106675726,1.2400203838967216,0.08493290300662477,0.4076779344317989,1.8855104467470698,0.033973161202649906,0.033973161202649906,1.087141158484797,2.3951078647868185,0.18685238661457448,0.10191948360794972,0.05095974180397486,0.15287922541192459,0.27178528962119924,0.15287922541192459,0.8323424494649228,0.8153558688635978,0.5605571598437235,0.20383896721589945,2.6499065738066925,1.5287922541192458,0.10191948360794972,0.13589264481059962,0.08493290300662477,0.016986580601324953,0.23781212841854932,0.27178528962119924,0.05095974180397486,0.08493290300662477,0.10191948360794972,0.5435705792423985,2.514013928996093,0.4246645150331238,0.10191948360794972,0.016986580601324953,0.32274503142517413,0.2208255478172244,1.053167997282147,3.516222184474265,0.05095974180397486,0.2547987090198743,0.11890606420927466,0.08493290300662477,0.23781212841854932,0.6794632240529982,1.2739935450993716,2.853745541022592,2.683879735009343,0.06794632240529981,0.32274503142517413,0.11890606420927466,0.8153558688635978,1.1550874808900968,1.5118056735179208,1.4948190929165959,0.08493290300662477,0.0,0.10191948360794972,0.47562425683709864,3.4143027008663154,0.696449804654323,0.016986580601324953,0.11890606420927466,0.23781212841854932,4.603363342959063,0.033973161202649906,0.10191948360794972,0.20383896721589945,0.033973161202649906,0.10191948360794972,0.32274503142517413,0.356718192627824,0.033973161202649906,0.39069135383047393,0.08493290300662477,0.6624766434516731,4.144725666723289,0.033973161202649906,0.13589264481059962,0.0,0.016986580601324953,0.0,0.2547987090198743,4.654323084763037,3.4652624426702903,0.016986580601324953,0.20383896721589945,3.3973161202649904,2.4630541871921183,0.0,0.08493290300662477,0.016986580601324953,0.0,0.16986580601324955,0.6115169016476983,0.05095974180397486,0.033973161202649906,0.20383896721589945,3.3973161202649904,4.093765924919314,0.06794632240529981,0.0,0.20383896721589945,0.05095974180397486
시설,0.0482780817508851,0.2413904087544255,0.0482780817508851,0.1770196330865787,0.6115223688445446,0.3540392661731574,0.1770196330865787,0.16092693916961698,0.4345027357579659,0.45059542967492755,0.5149662053427744,0.11264885741873189,0.11264885741873189,0.3701319600901191,0.0321853878339234,0.16092693916961698,0.45059542967492755,1.1747666559382042,0.22529771483746378,0.28966849050531057,0.49887351142581265,0.5149662053427744,2.027679433537174,0.08046346958480849,0.0160926939169617,0.32185387833923396,0.0321853878339234,0.22529771483746378,0.5632442870936595,0.804634695848085,0.9816543289346638,0.3701319600901191,0.4023173479240425,0.6758931445123914,0.7241712262632765,0.6115223688445446,0.22529771483746378,0.8207273897650467,0.482780817508851,0.3540392661731574,0.0160926939169617,1.3839716768587063,1.062117798519472,0.2413904087544255,0.14483424525265529,0.1931123270035404,0.08046346958480849,0.49887351142581265,0.0643707756678468,0.3701319600901191,0.4023173479240425,0.4023173479240425,0.20920502092050208,0.3862246540070808,0.9172835532668169,0.3057611844222723,0.3057611844222723,0.3057611844222723,0.0482780817508851,0.3379465722561957,0.3057611844222723,0.4345027357579659,0.11264885741873189,0.3862246540070808,1.5609913099452848,1.2874155133569358,0.8207273897650467,0.0160926939169617,0.0,0.3379465722561957,0.8690054715159318,0.5632442870936595,1.335693595107821,0.16092693916961698,1.3678789829417444,0.7241712262632765,0.11264885741873189,0.5149662053427744,0.9172835532668169,1.3196009011908594,2.1725136787898296,2.6070164145477954,0.1770196330865787,0.3862246540070808,0.3701319600901191,0.6115223688445446,0.531058899259736,0.7724493080141616,0.41841004184100417,0.3379465722561957,0.0321853878339234,0.0965561635017702,0.45059542967492755,2.3978113936272933,0.41841004184100417,0.0643707756678468,0.7241712262632765,0.1931123270035404,2.993241068554876,0.482780817508851,0.0965561635017702,1.335693595107821,0.1931123270035404,0.0482780817508851,0.5793369810106211,0.5632442870936595,0.3379465722561957,0.4345027357579659,0.5954296749275828,0.7563566140971999,2.8001287415513354,0.0482780817508851,0.6276150627615062,0.0,0.0482780817508851,0.0,0.28966849050531057,5.2784036047634375,2.204699066623753,0.0965561635017702,0.7885420019311232,6.0347602188606375,2.784036047634374,0.0,0.0482780817508851,0.0321853878339234,0.0643707756678468,0.6437077566784679,1.3196009011908594,0.3057611844222723,0.0,1.3517862890247827,11.152236884454457,4.280656581911812,0.6115223688445446,0.0,0.1287415513356936,0.1770196330865787
실업,0.49504950495049505,0.8663366336633664,0.12376237623762376,0.24752475247524752,1.2376237623762376,0.0,0.6188118811881188,0.12376237623762376,0.12376237623762376,1.1138613861386137,2.3514851485148514,0.12376237623762376,0.12376237623762376,0.3712871287128713,0.0,0.6188118811881188,1.8564356435643563,7.673267326732673,0.6188118811881188,0.49504950495049505,1.2376237623762376,0.7425742574257426,0.7425742574257426,0.0,0.0,0.24752475247524752,0.0,0.0,0.3712871287128713,0.8663366336633664,0.6188118811881188,0.24752475247524752,0.24752475247524752,0.12376237623762376,0.24752475247524752,0.0,0.12376237623762376,0.7425742574257426,0.0,0.0,0.24752475247524752,0.9900990099009901,0.24752475247524752,0.24752475247524752,0.0,0.12376237623762376,0.12376237623762376,0.24752475247524752,0.3712871287128713,0.24752475247524752,0.12376237623762376,0.24752475247524752,0.8663366336633664,0.3712871287128713,0.6188118811881188,0.24752475247524752,0.0,0.0,0.0,0.12376237623762376,0.0,0.24752475247524752,0.0,0.0,0.24752475247524752,0.6188118811881188,0.6188118811881188,0.0,0.0,1.2376237623762376,4.084158415841585,0.24752475247524752,0.3712871287128713,0.3712871287128713,0.3712871287128713,1.4851485148514851,0.12376237623762376,0.49504950495049505,1.4851485148514851,0.7425742574257426,0.6188118811881188,1.1138613861386137,0.0,0.12376237623762376,0.3712871287128713,0.6188118811881188,0.0,0.12376237623762376,0.49504950495049505,0.3712871287128713,0.0,0.12376237623762376,0.12376237623762376,1.1138613861386137,0.3712871287128713,0.12376237623762376,0.0,0.24752475247524752,3.5891089108910887,0.12376237623762376,0.24752475247524752,1.8564356435643563,0.3712871287128713,0.12376237623762376,1.8564356435643563,0.6188118811881188,0.0,0.7425742574257426,0.0,0.49504950495049505,3.5891089108910887,0.0,0.6188118811881188,0.0,0.0,0.0,0.3712871287128713,5.693069306930694,3.7128712871287126,0.24752475247524752,0.49504950495049505,2.722772277227723,3.4653465346534658,0.0,0.0,0.12376237623762376,0.12376237623762376,1.3613861386138615,2.103960396039604,0.12376237623762376,0.0,0.7425742574257426,5.816831683168317,7.920792079207921,0.12376237623762376,0.0,0.3712871287128713,0.3712871287128713
양인,0.18867924528301888,0.37735849056603776,0.09433962264150944,0.7547169811320755,0.4716981132075472,0.5660377358490566,0.2830188679245283,0.7547169811320755,0.18867924528301888,0.5660377358490566,0.09433962264150944,0.09433962264150944,0.18867924528301888,0.8490566037735849,0.0,0.18867924528301888,0.09433962264150944,1.6037735849056605,0.09433962264150944,0.7547169811320755,0.37735849056603776,1.0377358490566038,0.8490566037735849,0.0,0.0,0.6603773584905661,0.09433962264150944,0.37735849056603776,0.6603773584905661,0.8490566037735849,1.2264150943396228,0.6603773584905661,0.09433962264150944,1.1320754716981132,0.8490566037735849,0.37735849056603776,1.0377358490566038,0.7547169811320755,0.09433962264150944,0.09433962264150944,1.1320754716981132,0.5660377358490566,0.18867924528301888,0.37735849056603776,0.2830188679245283,0.37735849056603776,0.18867924528301888,0.0,0.18867924528301888,0.6603773584905661,0.18867924528301888,0.4716981132075472,0.09433962264150944,0.5660377358490566,0.9433962264150944,0.2830188679245283,0.0,0.5660377358490566,0.4716981132075472,0.09433962264150944,0.5660377358490566,0.6603773584905661,0.0,0.2830188679245283,0.18867924528301888,0.37735849056603776,0.18867924528301888,0.0,0.0,0.2830188679245283,0.6603773584905661,0.2830188679245283,0.6603773584905661,1.2264150943396228,0.7547169811320755,0.8490566037735849,0.09433962264150944,0.8490566037735849,0.2830188679245283,1.0377358490566038,1.7924528301886793,1.6981132075471699,0.0,0.37735849056603776,0.7547169811320755,0.4716981132075472,0.0,0.6603773584905661,0.8490566037735849,0.18867924528301888,0.0,0.2830188679245283,0.6603773584905661,2.7358490566037736,0.5660377358490566,0.37735849056603776,1.0377358490566038,1.1320754716981132,2.358490566037736,0.5660377358490566,0.37735849056603776,0.9433962264150944,1.1320754716981132,0.18867924528301888,1.2264150943396228,1.6037735849056605,0.2830188679245283,0.7547169811320755,0.37735849056603776,1.3207547169811322,2.9245283018867925,0.0,0.37735849056603776,0.0,0.0,0.0,0.18867924528301888,4.150943396226415,2.547169811320755,0.09433962264150944,0.8490566037735849,4.150943396226415,3.6792452830188678,0.0,0.18867924528301888,0.7547169811320755,0.18867924528301888,0.7547169811320755,2.0754716981132075,0.9433962264150944,0.0,1.0377358490566038,6.60377358490566,4.622641509433962,1.0377358490566038,0.09433962264150944,0.2830188679245283,1.4150943396226416
예산,0.12792144931544738,0.16940948693126814,0.01728668233992532,0.10717743050753699,0.03803070114783571,0.051860047019775965,0.06568939289171623,0.20398285161111882,0.3561056562024616,1.614576130549025,1.3207025307702946,0.14866546812335776,0.23855621629096943,0.2316415433549993,0.03111602821186558,0.10717743050753699,0.27658691743880515,0.9576822016318628,0.29387359977873045,0.29387359977873045,0.5047711243258194,1.559258747061264,1.2377264555386531,0.07951873876365648,0.01728668233992532,0.4148803761582077,0.07606140229567142,0.432167058498133,0.3699350020744019,1.2100677637947725,1.880791038583875,0.3906790208823122,0.30770294565067074,0.18669616927119348,0.594661872493431,0.3906790208823122,0.26621490803484993,0.5497164984096252,0.809016733508505,0.18669616927119348,0.06223205642373116,1.1582077167749965,0.7018393030009681,0.06568939289171623,0.08297607523164155,0.13137878578343246,0.08297607523164155,0.14866546812335776,0.16249481399529803,0.5531738348776103,0.46674042317798364,0.29041626331074544,0.17286682339925322,0.9507675286958928,1.3034158484303693,0.14520813165537272,0.12792144931544738,0.051860047019775965,0.03457336467985064,0.18669616927119348,0.2731295809708201,0.17632415986723826,0.10372009403955193,0.22818420688701424,0.44253906790208825,1.6249481399529802,0.3491909832664915,0.04494537408380584,0.05531738348776103,0.20744018807910386,0.31116028211865576,0.5704605172175357,2.534227631033052,0.28350159037477524,0.5808325266214909,0.3975936938182824,0.07260406582768636,0.4390817314341032,0.6396072465772369,2.2887567418061123,4.072742359286406,3.979394274650809,0.06568939289171623,0.5289724796017148,0.3284469644585811,0.8608767805282811,0.8297607523164154,1.2792144931544738,1.7321255704605174,0.10026275757156686,0.01728668233992532,0.14866546812335776,0.8401327617203707,3.0147974000829763,0.7329553312128336,0.03803070114783571,0.37339233854238696,0.21781219748305908,3.0286267459549165,0.12100677637947724,0.07606140229567142,0.5047711243258194,0.2800442539067902,0.06223205642373116,0.34227631033052136,0.3975936938182824,0.25930023509887984,0.3561056562024616,0.40796570322223763,0.5186004701977597,4.833356382243119,0.08989074816761168,0.16940948693126814,0.0,0.03111602821186558,0.0,0.32498962799059605,5.4176462453325955,3.1772922140782742,0.16249481399529803,1.2722998202185036,5.147974000829761,3.0528281012308116,0.0,0.15212280459134284,0.10026275757156686,0.0484027105517909,0.4148803761582077,0.5497164984096252,0.14175079518738762,0.03457336467985064,0.6326925736412667,6.835154197206473,4.784953671691329,0.42179504909417787,0.01728668233992532,0.03111602821186558,0.020744018807910387
이동,0.076103500761035,0.15220700152207,0.15220700152207,0.837138508371385,0.228310502283105,0.30441400304414,0.15220700152207,0.45662100456621,0.91324200913242,0.91324200913242,0.45662100456621,0.76103500761035,0.989345509893455,0.532724505327245,0.532724505327245,0.076103500761035,0.380517503805175,0.76103500761035,0.380517503805175,0.380517503805175,0.837138508371385,1.5981735159817352,0.45662100456621,0.837138508371385,0.0,1.5220700152207,0.45662100456621,0.532724505327245,0.91324200913242,1.67427701674277,1.82648401826484,1.2937595129375952,0.45662100456621,0.837138508371385,0.76103500761035,0.076103500761035,0.684931506849315,0.45662100456621,0.91324200913242,0.532724505327245,0.30441400304414,0.684931506849315,0.76103500761035,0.076103500761035,0.91324200913242,0.532724505327245,0.30441400304414,1.06544901065449,0.684931506849315,0.76103500761035,0.837138508371385,0.45662100456621,0.380517503805175,0.076103500761035,0.60882800608828,0.228310502283105,1.36986301369863,0.15220700152207,0.076103500761035,0.684931506849315,0.60882800608828,1.445966514459665,0.76103500761035,0.837138508371385,0.30441400304414,0.76103500761035,0.45662100456621,0.76103500761035,0.0,0.45662100456621,0.228310502283105,0.532724505327245,0.91324200913242,0.30441400304414,0.380517503805175,0.60882800608828,0.45662100456621,0.228310502283105,0.15220700152207,0.91324200913242,2.13089802130898,0.76103500761035,0.532724505327245,0.076103500761035,0.30441400304414,0.076103500761035,0.15220700152207,0.684931506849315,1.21765601217656,0.15220700152207,0.076103500761035,0.0,0.91324200913242,1.36986301369863,0.380517503805175,0.076103500761035,0.532724505327245,0.532724505327245,2.13089802130898,1.21765601217656,0.76103500761035,0.0,0.532724505327245,0.684931506849315,0.91324200913242,0.989345509893455,0.532724505327245,0.228310502283105,0.45662100456621,1.445966514459665,1.2937595129375952,0.60882800608828,0.989345509893455,0.0,0.684931506849315,0.0,0.91324200913242,2.663622526636225,2.5875190258751903,0.30441400304414,1.36986301369863,2.13089802130898,2.89193302891933,0.0,0.684931506849315,0.15220700152207,0.0,1.36986301369863,0.989345509893455,1.141552511415525,0.228310502283105,0.684931506849315,4.87062404870624,1.67427701674277,1.445966514459665,0.0,1.2937595129375952,0.989345509893455
임금,0.10752688172043011,1.0752688172043012,0.10752688172043011,0.43010752688172044,0.21505376344086022,0.7526881720430108,0.21505376344086022,0.0,0.5376344086021506,3.763440860215054,1.5053763440860215,0.21505376344086022,0.10752688172043011,1.0752688172043012,0.0,0.10752688172043011,0.0,0.5376344086021506,0.3225806451612903,0.21505376344086022,0.5376344086021506,1.827956989247312,6.989247311827956,0.0,0.0,0.3225806451612903,0.0,0.3225806451612903,0.43010752688172044,1.1827956989247312,1.5053763440860215,0.21505376344086022,1.0752688172043012,0.43010752688172044,0.43010752688172044,0.43010752688172044,0.21505376344086022,1.6129032258064515,0.967741935483871,0.10752688172043011,0.3225806451612903,1.2903225806451613,0.3225806451612903,0.0,0.8602150537634409,1.0752688172043012,0.0,0.0,0.10752688172043011,0.21505376344086022,0.967741935483871,3.225806451612903,7.741935483870968,0.3225806451612903,5.698924731182796,2.043010752688172,0.0,0.0,0.0,0.21505376344086022,1.1827956989247312,0.3225806451612903,0.0,0.0,0.10752688172043011,0.8602150537634409,0.21505376344086022,0.0,0.10752688172043011,1.3978494623655915,0.967741935483871,0.5376344086021506,1.7204301075268817,0.21505376344086022,2.795698924731183,1.5053763440860215,0.6451612903225806,1.1827956989247312,0.3225806451612903,0.7526881720430108,0.8602150537634409,0.7526881720430108,0.10752688172043011,0.5376344086021506,0.21505376344086022,0.0,0.0,0.43010752688172044,0.967741935483871,0.10752688172043011,0.0,0.10752688172043011,0.8602150537634409,1.2903225806451613,0.21505376344086022,0.10752688172043011,0.3225806451612903,0.0,1.1827956989247312,0.0,0.10752688172043011,0.3225806451612903,0.21505376344086022,0.0,0.43010752688172044,0.5376344086021506,0.10752688172043011,0.3225806451612903,0.5376344086021506,0.10752688172043011,1.935483870967742,0.10752688172043011,0.3225806451612903,0.0,0.0,0.0,0.21505376344086022,3.4408602150537635,1.7204301075268817,0.0,0.5376344086021506,1.827956989247312,1.935483870967742,0.0,0.0,0.21505376344086022,0.0,0.6451612903225806,0.967741935483871,0.6451612903225806,0.0,0.0,3.655913978494624,1.935483870967742,0.0,0.0,0.0,0.0
재건,0.5719733079122974,1.1439466158245948,0.3813155386081983,1.6205910390848426,0.9532888465204957,0.3813155386081983,0.7626310772163966,0.47664442326024786,0.09532888465204957,0.8579599618684461,2.8598665395614873,0.3813155386081983,0.09532888465204957,0.2859866539561487,0.0,0.5719733079122974,0.19065776930409914,0.7626310772163966,0.3813155386081983,0.3813155386081983,0.47664442326024786,0.47664442326024786,0.3813155386081983,0.19065776930409914,0.19065776930409914,1.6205910390848426,0.09532888465204957,0.2859866539561487,0.9532888465204957,0.7626310772163966,1.334604385128694,1.6205910390848426,0.2859866539561487,0.5719733079122974,0.667302192564347,0.8579599618684461,0.667302192564347,0.667302192564347,1.4299332697807436,0.7626310772163966,0.09532888465204957,1.6205910390848426,0.2859866539561487,0.0,0.2859866539561487,0.0,0.09532888465204957,1.0486177311725453,0.2859866539561487,0.8579599618684461,0.3813155386081983,1.5252621544327931,1.2392755004766445,0.19065776930409914,1.811248808388942,0.5719733079122974,0.3813155386081983,0.0,0.19065776930409914,1.6205910390848426,0.667302192564347,1.0486177311725453,0.3813155386081983,0.47664442326024786,6.1010486177311725,2.19256434699714,0.8579599618684461,0.09532888465204957,0.09532888465204957,1.9065776930409915,1.6205910390848426,0.7626310772163966,0.5719733079122974,0.667302192564347,0.667302192564347,1.1439466158245948,0.3813155386081983,1.1439466158245948,1.1439466158245948,1.7159199237368923,4.003813155386082,2.0972354623450906,0.3813155386081983,1.2392755004766445,1.2392755004766445,0.3813155386081983,0.667302192564347,0.47664442326024786,1.2392755004766445,0.09532888465204957,0.0,0.09532888465204957,0.09532888465204957,0.9532888465204957,0.3813155386081983,0.2859866539561487,0.8579599618684461,0.09532888465204957,1.6205910390848426,0.3813155386081983,0.2859866539561487,1.1439466158245948,0.5719733079122974,0.0,0.5719733079122974,1.2392755004766445,0.2859866539561487,0.2859866539561487,0.2859866539561487,0.2859866539561487,1.7159199237368923,0.0,0.667302192564347,0.0,0.0,0.0,0.2859866539561487,1.9065776930409915,1.4299332697807436,0.19065776930409914,0.09532888465204957,2.9551954242135365,1.1439466158245948,0.0,0.0,0.0,0.0,0.19065776930409914,0.3813155386081983,0.0,0.0,0.47664442326024786,1.334604385128694,1.811248808388942,0.19065776930409914,0.0,0.0,0.09532888465204957
재정,0.28351025252192263,0.24395068240258455,0.059339355179007056,0.4879013648051691,0.2703237291488099,0.2307641590294719,0.1516450187907958,0.45493505637238746,0.2966967758950353,1.925232412474451,1.6549086833256412,0.19779785059669017,0.11208544867145775,0.73844530889431,0.019779785059669017,1.0812949165952397,0.34284960770092965,1.925232412474451,0.6856992154018593,0.448341794685831,1.1801938418935847,1.2131601503263665,1.358211907430606,0.039559570119338035,0.006593261686556339,1.5823828047735213,0.16483154216390847,0.32966308432781694,0.40878222456649305,1.6021625898331904,1.6021625898331904,0.7780048790136481,0.6593261686556339,0.4615283180589438,0.8109711874464298,1.0087690380431198,0.6329531219094086,0.9164633744313313,1.1142612250280213,0.17142480385046482,0.07252587855211974,0.9230566361178876,0.718665523834641,0.41537548625304943,0.12527197204457044,0.23735742071602822,0.4021889628799368,0.6725126920287466,0.4219687479396057,1.6878749917584228,0.718665523834641,0.21757763565635918,0.6856992154018593,0.5208676732379508,0.7977846640733169,0.448341794685831,0.24395068240258455,0.21098437396980285,0.10549218698490143,0.4219687479396057,0.9626162062372255,1.3120590756247115,0.21757763565635918,0.5208676732379508,0.6856992154018593,1.6351288982659722,0.3362563460143733,0.04615283180589438,0.11208544867145775,0.40878222456649305,0.5076811498648381,1.1670073185204721,0.8439374958792114,0.25713720577569726,0.929649897804444,0.5999868134766269,0.09230566361178875,0.4285620096261621,0.8175644491329861,1.1604140568339159,2.432913562339289,2.221929188369486,0.059339355179007056,1.3845849541768314,0.6395463835959649,1.9120458891013385,1.068108393222127,0.7252587855211974,1.0812949165952397,0.12527197204457044,0.006593261686556339,0.21757763565635918,1.1670073185204721,1.8790795806685567,0.21098437396980285,0.12527197204457044,0.8241577108195425,0.448341794685831,3.2504780114722758,0.9428364211775566,0.4021889628799368,0.5472407199841761,0.2505439440891409,0.08571240192523241,0.8109711874464298,0.7977846640733169,0.3164765609547043,0.5736137667304015,0.34284960770092965,0.5076811498648381,2.7296103382343246,0.07252587855211974,0.5868002901035142,0.006593261686556339,0.08571240192523241,0.0,0.30988329926814795,3.355970198457177,2.887848618711677,0.14505175710423948,0.7054790004615283,2.3406078987275003,1.6219423748928596,0.0,0.1846113272235775,0.10549218698490143,0.0329663084327817,0.4021889628799368,1.2197534120129228,0.19779785059669017,0.059339355179007056,0.6461396452825212,2.6570844596822045,3.1449858244873736,0.3230698226412606,0.0,0.04615283180589438,0.0329663084327817
전력,0.46728971962616817,0.33377837116154874,0.13351134846461948,0.9345794392523363,1.0680907877169559,0.4005340453938585,0.5340453938584779,0.33377837116154874,0.6675567423230975,0.8678237650200267,0.46728971962616817,0.06675567423230974,0.13351134846461948,0.801068090787717,0.13351134846461948,0.06675567423230974,0.46728971962616817,1.8691588785046727,0.46728971962616817,0.26702269692923897,0.4005340453938585,0.9345794392523363,0.801068090787717,0.0,0.13351134846461948,0.6675567423230975,0.26702269692923897,0.5340453938584779,0.26702269692923897,0.8678237650200267,1.602136181575434,0.6675567423230975,0.13351134846461948,0.33377837116154874,0.4005340453938585,0.13351134846461948,0.46728971962616817,0.6675567423230975,0.13351134846461948,0.801068090787717,0.20026702269692925,1.9359145527369825,0.4005340453938585,0.20026702269692925,0.26702269692923897,0.26702269692923897,0.06675567423230974,1.1348464619492658,0.46728971962616817,0.46728971962616817,0.4005340453938585,0.5340453938584779,0.6675567423230975,0.33377837116154874,0.801068090787717,0.4005340453938585,0.20026702269692925,0.33377837116154874,0.20026702269692925,0.20026702269692925,2.803738317757009,3.0040053404539386,0.06675567423230974,0.0,1.9359145527369825,0.9345794392523363,1.268357810413885,0.06675567423230974,0.26702269692923897,0.46728971962616817,0.5340453938584779,0.6675567423230975,0.4005340453938585,0.13351134846461948,5.473965287049399,0.46728971962616817,0.13351134846461948,0.7343124165554071,0.9345794392523363,0.7343124165554071,1.335113484646195,1.4018691588785046,0.06675567423230974,0.26702269692923897,0.6675567423230975,3.204272363150868,0.5340453938584779,0.46728971962616817,0.8678237650200267,0.0,0.0,0.46728971962616817,0.20026702269692925,0.8678237650200267,0.26702269692923897,0.06675567423230974,0.13351134846461948,0.13351134846461948,4.0720961281708945,0.4005340453938585,0.06675567423230974,0.33377837116154874,0.26702269692923897,0.13351134846461948,1.2016021361815754,1.0013351134846462,0.33377837116154874,0.6675567423230975,0.4005340453938585,0.13351134846461948,2.202937249666222,0.06675567423230974,0.4005340453938585,0.0,0.0,0.0,0.7343124165554071,3.6715620827770366,1.8691588785046727,0.33377837116154874,0.6675567423230975,3.6715620827770366,2.336448598130841,0.0,0.13351134846461948,0.26702269692923897,0.13351134846461948,0.801068090787717,1.5353805073431241,0.13351134846461948,0.06675567423230974,0.9345794392523363,4.739652870493992,3.1375166889185584,0.4005340453938585,0.0,0.13351134846461948,0.46728971962616817
