Month,전체,발전,경계,발전+경계,미분류,발전_전체대비비중,경계_전체대비비중,발전+경계_전체대비비중
1961-05,254,18.0,1.0,1.0,234,7.086614173228346,0.39370078740157477,0.39370078740157477
1961-06,800,89.0,6.0,1.0,704,11.125,0.75,0.125
1961-07,727,87.0,3.0,1.0,636,11.966987620357635,0.41265474552957354,0.1375515818431912
1961-08,865,98.0,15.0,6.0,746,11.329479768786127,1.7341040462427744,0.6936416184971098
1961-09,977,85.0,6.0,8.0,878,8.700102354145343,0.6141248720573182,0.8188331627430911
1961-10,668,103.0,3.0,4.0,558,15.419161676646706,0.4491017964071856,0.5988023952095809
1961-11,1300,132.0,2.0,1.0,1165,10.153846153846153,0.15384615384615385,0.07692307692307693
1961-12,3157,383.0,15.0,11.0,2748,12.131770668356035,0.4751346214760849,0.34843205574912894
1962-01,1610,160.0,2.0,2.0,1446,9.937888198757763,0.12422360248447205,0.12422360248447205
1962-02,727,64.0,5.0,1.0,657,8.803301237964236,0.6877579092159559,0.1375515818431912
1962-03,1329,106.0,3.0,3.0,1217,7.975921745673439,0.2257336343115124,0.2257336343115124
1962-04,1014,98.0,7.0,0.0,909,9.664694280078894,0.6903353057199211,0.0
1962-05,1489,121.0,6.0,4.0,1358,8.126259234385493,0.4029550033579583,0.2686366689053056
1962-06,954,105.0,8.0,1.0,840,11.0062893081761,0.8385744234800839,0.10482180293501049
1962-07,1123,140.0,12.0,3.0,968,12.46660730186999,1.068566340160285,0.26714158504007124
1962-08,557,85.0,4.0,0.0,468,15.260323159784562,0.718132854578097,0.0
1962-09,1036,161.0,8.0,1.0,866,15.54054054054054,0.7722007722007722,0.09652509652509653
1962-10,481,93.0,3.0,5.0,380,19.334719334719335,0.6237006237006237,1.0395010395010396
1962-11,748,81.0,4.0,1.0,662,10.828877005347595,0.53475935828877,0.1336898395721925
1962-12,540,27.0,4.0,1.0,508,5.0,0.7407407407407408,0.1851851851851852
1963-12,3974,445.0,29.0,29.0,3471,11.197785606441872,0.7297433316557624,0.7297433316557624
1964-01,34525,2637.0,143.0,109.0,31636,7.637943519188993,0.41419261404779145,0.3157132512671977
1964-02,52662,4571.0,345.0,278.0,47468,8.67988302761004,0.6551213398655578,0.527894876761232
1964-03,8321,843.0,115.0,78.0,7285,10.130993870928975,1.382045427232304,0.9373873332532148
1964-04,22715,1588.0,236.0,169.0,20722,6.990975126568347,1.0389610389610389,0.7440017609509135
1964-05,25570,2136.0,205.0,190.0,23039,8.353539303871726,0.8017207665232694,0.7430582714118107
1964-06,9934,1089.0,83.0,61.0,8701,10.962351520032213,0.8355143950070466,0.6140527481377089
1964-07,16576,1571.0,166.0,113.0,14726,9.477557915057915,1.0014478764478765,0.6817084942084942
1964-08,4740,316.0,45.0,24.0,4355,6.666666666666667,0.949367088607595,0.5063291139240507
1964-09,23471,3452.0,154.0,175.0,19690,14.70751139704316,0.656128839844915,0.7456009543692216
1964-10,39686,5242.0,207.0,215.0,34022,13.208688202388752,0.5215945169581212,0.5417527591594012
1964-11,38901,8221.0,318.0,450.0,29912,21.133132824348987,0.8174597054060307,1.156782601989666
1964-12,22950,1747.0,130.0,85.0,20988,7.612200435729847,0.5664488017429194,0.3703703703703704
1965-01,21213,1263.0,184.0,91.0,19675,5.953896195729034,0.8673926365907698,0.4289822278791307
1965-02,947,51.0,18.0,8.0,870,5.385427666314678,1.9007391763463568,0.8447729672650475
1965-03,25001,2737.0,226.0,172.0,21866,10.9475620975161,0.9039638414463421,0.687972481100756
1965-04,5809,428.0,65.0,24.0,5292,7.367877431571699,1.1189533482527114,0.41315200550869335
1965-05,8329,739.0,42.0,49.0,7499,8.87261375915476,0.5042622163525033,0.5883059190779205
1965-06,14896,1972.0,145.0,138.0,12641,13.23845327604726,0.9734156820622986,0.926423200859291
1965-07,6423,365.0,48.0,39.0,5971,5.682702786859723,0.7473143390938813,0.6071929005137786
1965-08,4394,372.0,99.0,110.0,3813,8.466090122894856,2.2530723714155667,2.5034137460172965
1965-09,1683,165.0,7.0,14.0,1497,9.803921568627452,0.41592394533571003,0.8318478906714201
1965-10,11825,1529.0,159.0,96.0,10041,12.930232558139535,1.3446088794926003,0.8118393234672304
1965-11,47537,6894.0,248.0,409.0,39986,14.502387613858678,0.5216988871826156,0.8603824389422976
1965-12,12556,1770.0,85.0,81.0,10620,14.096846129340554,0.67696718700223,0.6451099076138898
1966-01,14588,1223.0,78.0,55.0,13232,8.383602961338086,0.5346860433232794,0.37702221003564573
1966-02,23709,1689.0,124.0,94.0,21802,7.123877008730862,0.5230081403686364,0.3964739128600953
1966-03,22596,2511.0,198.0,242.0,19645,11.112586298459904,0.8762612851832182,1.0709860152239334
1966-04,6767,1312.0,58.0,94.0,5303,19.388207477464164,0.857100635436678,1.3890941332939264
1966-05,1269,68.0,4.0,9.0,1188,5.358550039401103,0.31520882584712373,0.7092198581560284
1966-06,26352,1777.0,187.0,114.0,24274,6.743321190042502,0.7096235579842137,0.4326047358834244
1966-07,35620,3298.0,323.0,175.0,31824,9.258843346434588,0.9067939359910163,0.49129702414373944
1966-08,2395,332.0,47.0,31.0,1985,13.862212943632567,1.962421711899791,1.2943632567849688
1966-09,12814,2051.0,116.0,127.0,10520,16.00593101295458,0.9052598720149836,0.9911034805681287
1966-10,27264,3120.0,193.0,203.0,23748,11.443661971830986,0.7078931924882629,0.7445715962441315
1966-11,45484,7205.0,269.0,464.0,37546,15.840735203588075,0.591416761938264,1.0201389499604256
1966-12,27214,2998.0,156.0,170.0,23890,11.016388623502609,0.5732343646652458,0.6246784743146909
1967-01,16041,1866.0,101.0,86.0,13988,11.632691228726388,0.6296365563244186,0.5361261766722772
1967-02,9927,1432.0,62.0,36.0,8397,14.425304724488768,0.6245592827641785,0.3626473254759746
1967-03,9383,1309.0,51.0,51.0,7972,13.95076201641266,0.5435361824576361,0.5435361824576361
1967-07,503,10.0,3.0,1.0,489,1.9880715705765408,0.5964214711729622,0.19880715705765406
1967-08,74,3.0,1.0,0.0,70,4.054054054054054,1.3513513513513513,0.0
1967-09,320,18.0,1.0,1.0,300,5.625,0.3125,0.3125
1967-10,26991,3867.0,95.0,254.0,22775,14.32699788818495,0.3519691749101552,0.9410544255492571
1967-11,10574,1883.0,54.0,104.0,8533,17.807830527709477,0.5106865897484395,0.9835445432192169
1967-12,63484,6251.0,250.0,309.0,56674,9.846575515090416,0.39380001260160036,0.48673681557557813
1968-01,273,3.0,1.0,0.0,269,1.098901098901099,0.3663003663003663,0.0
1968-02,16853,1837.0,98.0,115.0,14803,10.90013647421824,0.5814988429359758,0.6823710912003798
1968-03,2062,312.0,27.0,32.0,1691,15.13094083414161,1.3094083414161009,1.5518913676042678
1968-04,21830,1316.0,83.0,107.0,20324,6.028401282638571,0.38021071919377003,0.4901511681172698
1968-05,3197,368.0,35.0,45.0,2749,11.510791366906476,1.094776352830779,1.4075695964967156
1968-06,28876,3916.0,117.0,229.0,24614,13.561435101814656,0.40518077296024374,0.7930461282726139
1968-07,3232,388.0,21.0,36.0,2787,12.004950495049505,0.6497524752475248,1.1138613861386137
1968-08,352,22.0,4.0,5.0,321,6.25,1.1363636363636365,1.4204545454545454
1968-09,13935,2211.0,111.0,165.0,11448,15.866523143164693,0.7965554359526372,1.1840688912809472
1968-10,62218,6138.0,193.0,375.0,55512,9.865312289048186,0.31019962068854673,0.602719470249767
1968-11,17094,3438.0,105.0,197.0,13354,20.112320112320113,0.6142506142506142,1.1524511524511525
1968-12,13591,1833.0,91.0,87.0,11580,13.486866308586565,0.6695607387241557,0.6401294974615555
1969-01,539,56.0,2.0,2.0,479,10.38961038961039,0.3710575139146568,0.3710575139146568
1969-02,386,32.0,7.0,2.0,345,8.290155440414509,1.8134715025906734,0.5181347150259068
1969-03,1893,137.0,34.0,16.0,1706,7.237189646064449,1.7960908610670894,0.8452192287374538
1969-04,32246,2678.0,108.0,107.0,29353,8.304906034857035,0.334925262048006,0.3318241022142281
1969-05,1116,97.0,11.0,7.0,1001,8.691756272401435,0.985663082437276,0.6272401433691757
1969-06,16880,2194.0,110.0,84.0,14492,12.997630331753554,0.6516587677725119,0.49763033175355453
1969-07,9139,854.0,53.0,54.0,8178,9.344567239304082,0.5799321588795272,0.5908742750848014
1969-08,7213,835.0,45.0,49.0,6284,11.576320532372106,0.623873561624844,0.6793289893248302
1969-09,1946,135.0,7.0,19.0,1785,6.937307297019528,0.3597122302158274,0.9763617677286742
1969-11,7490,846.0,39.0,38.0,6567,11.295060080106808,0.520694259012016,0.507343124165554
1969-12,67872,7934.0,236.0,356.0,59346,11.68965110796794,0.3477133427628477,0.5245167373880245
1970-01,401,29.0,3.0,3.0,366,7.231920199501247,0.7481296758104738,0.7481296758104738
1970-02,970,58.0,10.0,1.0,901,5.979381443298969,1.0309278350515463,0.10309278350515465
1970-03,12545,921.0,35.0,13.0,11576,7.341570346751694,0.27899561578318055,0.10362694300518134
1970-04,540,49.0,14.0,12.0,465,9.074074074074074,2.5925925925925926,2.2222222222222223
1970-05,12553,1938.0,140.0,200.0,10275,15.438540587907273,1.1152712499004223,1.5932446427148887
1970-06,9190,578.0,82.0,39.0,8491,6.289445048966267,0.8922742110990207,0.4243743199129488
1970-07,10469,1196.0,153.0,157.0,8963,11.42420479510937,1.4614576368325531,1.4996656796255612
1970-08,1798,318.0,37.0,22.0,1421,17.686318131256954,2.057842046718576,1.2235817575083427
1970-09,18325,2474.0,53.0,82.0,15716,13.50068212824011,0.2892223738062756,0.4474761255115962
1970-10,35779,4951.0,220.0,428.0,30180,13.837726040414768,0.6148858268816904,1.1962324268425613
1970-11,41804,5835.0,137.0,232.0,35600,13.957994450291839,0.3277198354224476,0.5549708161898383
1970-12,9695,1236.0,86.0,53.0,8320,12.748839608045385,0.8870551830840641,0.5466735430634349
1971-01,468,33.0,11.0,6.0,418,7.051282051282051,2.3504273504273505,1.282051282051282
1971-03,31,0.0,0.0,0.0,31,0.0,0.0,0.0
1971-07,857,34.0,3.0,4.0,816,3.9673278879813303,0.3500583430571762,0.4667444574095682
1971-08,2597,167.0,29.0,32.0,2369,6.430496726992684,1.1166730843280708,1.2321909896033885
1971-09,3281,447.0,15.0,40.0,2779,13.623895153916488,0.45717768972874123,1.21914050594331
1971-10,4193,500.0,43.0,35.0,3615,11.924636298592892,1.0255187216789887,0.8347245409015025
1971-11,11999,2658.0,105.0,366.0,8870,22.151845987165597,0.875072922743562,3.0502541878489877
1971-12,3756,328.0,13.0,25.0,3390,8.732694355697552,0.34611288604898827,0.6656017039403621
1972-01,127,8.0,3.0,4.0,112,6.299212598425196,2.3622047244094486,3.149606299212598
1972-03,33,0.0,0.0,0.0,33,0.0,0.0,0.0
1972-05,32,1.0,0.0,0.0,31,3.125,0.0,0.0
1972-07,3582,322.0,48.0,47.0,3165,8.989391401451703,1.340033500837521,1.3121161362367393
1972-08,1424,184.0,9.0,15.0,1216,12.921348314606742,0.6320224719101123,1.053370786516854
1972-09,1931,324.0,0.0,17.0,1590,16.778871051268773,0.0,0.8803728638011392
1972-10,5925,1218.0,62.0,136.0,4509,20.556962025316455,1.0464135021097047,2.2953586497890295
1973-03,849,44.0,0.0,0.0,805,5.1825677267373385,0.0,0.0
1973-05,727,43.0,4.0,10.0,670,5.914718019257221,0.5502063273727648,1.3755158184319118
1973-06,532,13.0,19.0,10.0,490,2.443609022556391,3.571428571428571,1.8796992481203008
1973-09,2117,142.0,10.0,28.0,1937,6.707605101558809,0.47236655644780345,1.3226263580538498
1973-10,397,60.0,0.0,1.0,336,15.113350125944585,0.0,0.2518891687657431
1973-11,677,89.0,2.0,9.0,577,13.146233382570163,0.29542097488921715,1.329394387001477
1973-12,1455,202.0,11.0,6.0,1236,13.883161512027492,0.7560137457044673,0.4123711340206186
1974-08,2058,253.0,15.0,20.0,1770,12.293488824101068,0.7288629737609329,0.9718172983479106
1974-09,920,153.0,4.0,6.0,757,16.630434782608695,0.43478260869565216,0.6521739130434783
1974-10,1447,289.0,7.0,32.0,1119,19.972356599861783,0.48375950241879756,2.21147201105736
1974-11,731,96.0,1.0,0.0,634,13.132694938440492,0.13679890560875513,0.0
1974-12,2456,314.0,6.0,9.0,2127,12.785016286644952,0.24429967426710095,0.36644951140065146
1975-03,759,58.0,5.0,9.0,687,7.64163372859025,0.6587615283267457,1.185770750988142
1975-05,451,21.0,3.0,1.0,426,4.656319290465632,0.6651884700665188,0.22172949002217296
1975-06,342,3.0,0.0,1.0,338,0.8771929824561403,0.0,0.29239766081871343
1975-07,4400,391.0,46.0,39.0,3924,8.886363636363637,1.0454545454545454,0.8863636363636364
1975-09,522,75.0,2.0,1.0,444,14.367816091954023,0.38314176245210724,0.19157088122605362
1975-10,1323,165.0,10.0,21.0,1127,12.471655328798185,0.7558578987150416,1.5873015873015872
1975-11,1052,188.0,3.0,3.0,858,17.870722433460077,0.28517110266159695,0.28517110266159695
1975-12,2816,366.0,17.0,10.0,2423,12.997159090909092,0.6036931818181818,0.35511363636363635
1976-03,1614,117.0,7.0,12.0,1478,7.24907063197026,0.43370508054522927,0.7434944237918215
1976-09,639,58.0,5.0,4.0,572,9.076682316118937,0.7824726134585289,0.6259780907668232
1976-10,1611,377.0,7.0,45.0,1182,23.4016139044072,0.4345127250155183,2.793296089385475
1976-11,949,99.0,0.0,1.0,849,10.432033719704952,0.0,0.10537407797681769
1976-12,1961,279.0,3.0,13.0,1666,14.227434982151962,0.1529831718510964,0.6629270780214177
1977-06,1476,212.0,25.0,42.0,1197,14.363143631436316,1.6937669376693765,2.8455284552845526
1977-07,465,71.0,1.0,4.0,389,15.268817204301074,0.21505376344086022,0.8602150537634409
1977-09,544,78.0,2.0,15.0,449,14.338235294117647,0.3676470588235294,2.7573529411764706
1977-10,1470,346.0,10.0,45.0,1069,23.537414965986393,0.6802721088435374,3.061224489795918
1977-11,847,199.0,1.0,0.0,647,23.494687131050767,0.11806375442739078,0.0
1977-12,1882,229.0,5.0,9.0,1639,12.167906482465462,0.2656748140276302,0.4782146652497344
1978-02,635,51.0,0.0,2.0,582,8.031496062992126,0.0,0.31496062992125984
1978-03,647,118.0,3.0,16.0,510,18.238021638330757,0.46367851622874806,2.472952086553323
1978-09,878,96.0,1.0,1.0,780,10.933940774487471,0.11389521640091116,0.11389521640091116
1978-10,1556,299.0,13.0,30.0,1214,19.215938303341904,0.8354755784061696,1.9280205655526992
1978-11,1772,339.0,3.0,7.0,1423,19.130925507900677,0.16930022573363432,0.39503386004514673
1979-03,1911,185.0,16.0,25.0,1685,9.680795395081109,0.837257980115123,1.3082155939298796
1979-07,1956,301.0,20.0,21.0,1614,15.388548057259714,1.0224948875255624,1.0736196319018405
1979-09,197,14.0,1.0,0.0,182,7.1065989847715745,0.5076142131979695,0.0
1979-10,801,79.0,1.0,0.0,721,9.86267166042447,0.12484394506866417,0.0
