당선횟수,발전,경계,발전+경계,미분류,전체,관련발언,관련비중,발전비중,경계비중
8선,1187,122,182,3906,5397,1491,27.626459143968873,21.993700203816935,2.260515100982027
6선,5760,404,753,18637,25554,6917,27.068169366831025,22.540502465367457,1.5809657979181342
9선,237,61,91,1067,1456,389,26.717032967032967,16.27747252747253,4.189560439560439
4선,9156,541,983,33712,44392,10680,24.058388898900702,20.62533789872049,1.2186880519012435
초선,11050,686,1213,41390,54339,12949,23.83002999687149,20.335302453118388,1.262445021071422
3선,6824,521,746,26032,34123,8091,23.711279781965246,19.998241655188583,1.5268294112475456
재선,11021,700,1087,41359,54167,12808,23.64539295142799,20.346336330237968,1.2922997396939095
7선,1604,111,166,6261,8142,1881,23.102431834929995,19.700319331859497,1.363301400147384
5선,5667,433,597,26131,32828,6697,20.400268063847935,17.262702570975996,1.318995979042281
미상,115995,5549,4668,1056133,1182345,126212,10.674718462039422,9.810588280070538,0.46932156011993115
