지역,발전,경계,발전+경계,미분류,전체,관련발언,관련비중
경남 부산시갑,5,0,0,0,5,5,100.0
충남 연기군,1,1,0,0,2,2,100.0
경북 월성군갑,1,0,0,0,1,1,100.0
전북 정읍군을,1,0,0,0,1,1,100.0
경남 밀양군갑,4,0,2,1,7,6,85.71428571428571
경남 창원군을,5,0,0,1,6,5,83.33333333333334
경남 부산무,40,2,2,9,53,44,83.01886792452831
경남 충무,8,0,0,2,10,8,80.0
전북 장수군,31,1,12,13,57,44,77.19298245614034
전남 구례군,16,0,4,6,26,20,76.92307692307693
경기 파주군,9,1,0,3,13,10,76.92307692307693
충북 진천,149,2,5,56,212,156,73.58490566037736
경남 양산군,11,1,1,5,18,13,72.22222222222221
강원 삼척,32,1,3,15,51,36,70.58823529411765
전남 해남군갑,16,0,5,10,31,21,67.74193548387096
전남 무안병,10,0,0,5,15,10,66.66666666666666
충남 대전갑,7,0,3,5,15,10,66.66666666666666
경남 울산군갑,4,1,1,3,9,6,66.66666666666666
강원 횡성군,2,0,0,1,3,2,66.66666666666666
경남 울산갑,71,1,3,40,115,75,65.21739130434783
충남 당진군갑,180,0,8,107,295,188,63.72881355932203
경북 상주갑,18,0,5,14,37,23,62.16216216216216
"경남 부산시,진구을",34,2,5,25,66,41,62.121212121212125
충북 청원을,93,2,5,63,163,100,61.34969325153374
경북 영주군,10,1,3,9,23,14,60.86956521739131
충북 단양군,22,0,2,16,40,24,60.0
경기 시흥,400,3,22,290,715,425,59.44055944055944
충남 천안,11,2,3,11,27,16,59.25925925925925
충북 옥천군,47,0,3,35,85,50,58.82352941176471
서울 서대문구,65,2,3,51,121,70,57.85123966942148
전북 진안군,224,5,18,182,429,247,57.57575757575758
전남 고흥군을,64,1,3,51,119,68,57.14285714285714
전북 부안군,66,0,2,51,119,68,57.14285714285714
"경남 부산시,동래구",4,0,0,3,7,4,57.14285714285714
강원 삼척군,50,1,3,43,97,54,55.670103092783506
전남 해남군을,50,1,4,44,99,55,55.55555555555556
경북 금릉,37,1,2,32,72,40,55.55555555555556
충남 천안군을,27,0,3,24,54,30,55.55555555555556
경기 화성을,38,0,3,33,74,41,55.4054054054054
서울 동대문구,98,1,14,91,204,113,55.392156862745104
"경남 부산시,중구",30,0,5,29,64,35,54.6875
경기 평택,63,2,7,60,132,72,54.54545454545454
충북 청원군을,168,15,16,167,366,199,54.37158469945356
황해도 연백을,6,0,1,6,13,7,53.84615384615385
경북 금릉군,29,3,6,33,71,38,53.52112676056338
경북 울릉군,19,2,3,21,45,24,53.333333333333336
충북 청원군갑,59,1,5,57,122,65,53.278688524590166
서울 중구갑,125,4,21,133,283,150,53.003533568904594
전북 김제을,92,3,3,87,185,98,52.972972972972975
경북 경주,24,1,2,24,51,27,52.94117647058824
전남 여수,99,5,17,108,229,121,52.838427947598255
강원 영월군,38,0,0,34,72,38,52.77777777777778
경남 창원을,91,4,9,94,198,104,52.52525252525253
"경남 부산시,영도을",66,2,5,67,140,73,52.142857142857146
제주 제주,35,0,7,39,81,42,51.85185185185185
전북 군산,135,3,7,135,280,145,51.78571428571429
제주 북제주군을,32,0,4,34,70,36,51.42857142857142
경남 진양,116,3,17,130,266,136,51.127819548872175
경북 군위,236,4,8,241,489,248,50.715746421267895
경남 울산군을,93,1,1,94,189,95,50.264550264550266
충북 충주,42,1,4,47,94,47,50.0
경남 고성군,12,0,0,12,24,12,50.0
경북 김천군,7,3,2,12,24,12,50.0
제주 북제주을,7,0,2,9,18,9,50.0
충북 보은군,7,0,0,7,14,7,50.0
경남 부산시을,3,0,3,6,12,6,50.0
경남 삼천포시,6,0,0,6,12,6,50.0
경북 월성군을,3,1,1,5,10,5,50.0
경기 장단,0,1,0,1,2,1,50.0
"경남 부산시,서구을",55,1,7,64,127,63,49.60629921259843
강원 춘천,136,13,20,173,342,169,49.41520467836257
서울 서대문구갑,298,3,28,337,666,329,49.3993993993994
경남 의령군,30,3,6,40,79,39,49.36708860759494
충남 예산군,20,1,2,24,47,23,48.93617021276596
경기 강화,34,1,6,43,84,41,48.80952380952381
전남 강진,33,3,3,42,81,39,48.148148148148145
경북 영일군을,42,1,1,48,92,44,47.82608695652174
경북 예천군,89,2,9,110,210,100,47.61904761904761
경기 양주군을,21,4,2,30,57,27,47.368421052631575
전북 남원,87,1,10,110,208,98,47.11538461538461
경남 산청군,31,0,1,36,68,32,47.05882352941176
전남 순천,3,3,2,9,17,8,47.05882352941176
경북 대구시무,28,0,2,34,64,30,46.875
전남 나주을,13,0,5,21,39,18,46.15384615384615
경북 영양군,36,0,3,46,85,39,45.88235294117647
제주 남제주군,54,2,10,78,144,66,45.83333333333333
"경남 부산시,동구을",21,0,0,25,46,21,45.65217391304348
충북 음성군,37,2,7,55,101,46,45.54455445544555
충남 당진을,126,2,8,163,299,136,45.48494983277592
전남 완도,41,4,4,59,108,49,45.370370370370374
경남 거제,19,1,1,26,47,21,44.680851063829785
경기 개풍,58,2,8,85,153,68,44.44444444444444
전북 진안,8,3,12,29,52,23,44.230769230769226
전북 완주군을,30,2,6,48,86,38,44.18604651162791
전남 승주,315,3,6,415,739,324,43.843031123139376
충남 금산군,5,1,1,9,16,7,43.75
경기 용인시,32,1,0,43,76,33,43.42105263157895
강원 홍천,52,5,5,81,143,62,43.35664335664335
충남 홍성,47,9,8,84,148,64,43.24324324324324
충남 청양,37,2,3,56,98,42,42.857142857142854
경북 김천을,27,2,1,40,70,30,42.857142857142854
경남 부산갑,63,2,2,90,157,67,42.675159235668794
경남 함양,55,5,6,89,155,66,42.58064516129032
전북 장수,20,2,5,38,65,27,41.53846153846154
경기 인천을,33,4,11,68,116,48,41.37931034482759
전북 김제군을,31,2,3,51,87,36,41.37931034482759
경남 진해,16,1,2,27,46,19,41.30434782608695
서울 종로구갑,21,4,7,46,78,32,41.02564102564102
서울 영등포구을,47,4,3,78,132,54,40.909090909090914
서울 중구을,43,11,13,97,164,67,40.853658536585364
충남 대전,91,2,10,150,253,103,40.71146245059288
충북 영동군,26,4,11,60,101,41,40.5940594059406
서울 마포구을,114,8,12,199,333,134,40.24024024024024
경기 김포군,102,12,28,211,353,142,40.226628895184135
전남 함평군,64,0,8,107,179,72,40.22346368715084
충남 보령군,165,1,15,269,450,181,40.22222222222222
강원 강릉시갑,34,0,5,58,97,39,40.20618556701031
충북 진천군,1070,7,29,1645,2751,1106,40.20356234096692
전북 전주,482,17,38,805,1342,537,40.01490312965723
경기 광주,86,5,13,156,260,104,40.0
서울 성동구을,22,3,11,54,90,36,40.0
경기 가평,11,0,1,18,30,12,40.0
경남 양산,2,0,0,3,5,2,40.0
전남 무안군을,348,2,12,551,913,362,39.64950711938664
경기 용인,35,2,3,61,101,40,39.603960396039604
경남 합천군갑,50,3,2,85,140,55,39.285714285714285
강원 양양,16,0,0,25,41,16,39.02439024390244
"경남 부산시,동구갑",7,0,0,11,18,7,38.88888888888889
경북 영덕군,39,1,0,63,103,40,38.83495145631068
전남 화순군,29,0,2,49,80,31,38.75
전남 여천,74,3,4,131,212,81,38.20754716981132
경북 달성군,24,4,9,60,97,37,38.144329896907216
경남 거창,28,2,2,52,84,32,38.095238095238095
전남 광주갑,82,5,9,158,254,96,37.79527559055118
전북 고창군을,12,0,0,20,32,12,37.5
전북 이리,78,1,3,137,219,82,37.44292237442922
경북 김천,169,4,12,310,495,185,37.37373737373738
전북 완주군갑,21,1,3,42,67,25,37.3134328358209
경기 포천,25,5,6,61,97,36,37.11340206185567
충북 제천,271,8,5,482,766,284,37.0757180156658
전북 무주군,4,0,0,7,11,4,36.36363636363637
서울 용산구을,94,4,9,188,295,107,36.271186440677965
경남 밀양을,95,6,5,187,293,106,36.177474402730375
전북 김제갑,142,5,10,283,440,157,35.68181818181818
경남 남해,107,7,10,224,348,124,35.63218390804598
강원 횡성,55,4,15,134,208,74,35.57692307692308
강원 평창군,25,0,0,46,71,25,35.2112676056338
전북 임실군,35,1,2,70,108,38,35.18518518518518
충남 금산,53,6,6,121,186,65,34.946236559139784
전남 나주군을,141,1,3,271,416,145,34.855769230769226
전북 고창갑,83,1,4,165,253,88,34.78260869565217
경기 포천군,14,2,1,32,49,17,34.69387755102041
전남 여수을,21,1,4,49,75,26,34.66666666666667
전북 정읍을,9,0,0,17,26,9,34.61538461538461
경기 옹진을,87,7,11,199,304,105,34.53947368421053
경기 시흥시,52,1,3,108,164,56,34.146341463414636
경남 합천갑,123,7,5,261,396,135,34.090909090909086
전남 해남갑,14,1,3,35,53,18,33.9622641509434
경남 통영을,48,5,6,115,174,59,33.90804597701149
경북 경산,148,6,26,353,533,180,33.771106941838646
전남 나주갑,63,10,20,183,276,93,33.69565217391305
충북 청원갑,39,4,3,92,138,46,33.33333333333333
전남 고흥군갑,3,0,0,6,9,3,33.33333333333333
강원 춘성군,1,0,0,2,3,1,33.33333333333333
경북 울진군,1,0,0,2,3,1,33.33333333333333
전남 광산군갑,1,0,0,2,3,1,33.33333333333333
전북 익산,1,0,0,2,3,1,33.33333333333333
서울 동대문구갑,432,14,35,965,1446,481,33.264177040110646
전남 장성,57,3,6,133,199,66,33.165829145728644
강원 평창,102,3,6,224,335,111,33.134328358208954
경북 영천군갑,58,4,7,140,209,69,33.014354066985646
경기 옹진,51,2,1,110,164,54,32.926829268292686
충남 공주군을,89,2,10,207,308,101,32.7922077922078
경남 밀양갑,56,4,6,136,202,66,32.67326732673268
경북 고령,76,6,6,183,271,88,32.47232472324723
충남 서천,104,10,18,276,408,132,32.35294117647059
전북 익산갑,200,8,21,479,708,229,32.34463276836158
전남 진도,55,8,8,149,220,71,32.27272727272727
강원 강릉갑,8,0,1,19,28,9,32.142857142857146
전북 김제군갑,543,7,12,1191,1753,562,32.059326868225895
경북 군위군,315,6,16,723,1060,337,31.79245283018868
경남 사천군,16,2,2,43,63,20,31.746031746031743
제주 남제주,20,1,5,56,82,26,31.70731707317073
경북 성주군,4,0,2,13,19,6,31.57894736842105
충남 부여갑,34,5,5,96,140,44,31.428571428571427
경북 안동을,57,6,8,161,232,71,30.603448275862068
전남 영암군,19,4,8,71,102,31,30.392156862745097
경북 대구시을,74,7,11,212,304,92,30.263157894736842
전북 순창군,43,1,2,106,152,46,30.263157894736842
경북 청도,18,1,6,58,83,25,30.120481927710845
충남 서산을,28,2,4,79,113,34,30.08849557522124
충남 천안군,32,2,3,86,123,37,30.081300813008134
전남 진도군,118,3,5,294,420,126,30.0
경남 부산정,77,6,8,213,304,91,29.93421052631579
경남 통영군,36,1,1,89,127,38,29.92125984251969
경남 부산시병,12,4,0,38,54,16,29.629629629629626
경남 부산을,17,2,2,50,71,21,29.577464788732392
강원 영월,134,4,8,348,494,146,29.554655870445345
경북 영주,43,2,3,115,163,48,29.447852760736197
전북 정읍군갑,4,0,1,12,17,5,29.411764705882355
전남 목포,118,5,10,321,454,133,29.295154185022028
경기 인천시갑,80,4,9,225,318,93,29.245283018867923
전남 담양,382,47,63,1192,1684,492,29.216152019002372
경남 창녕,25,1,1,66,93,27,29.03225806451613
전남 순천시,76,3,11,223,313,90,28.753993610223645
경북 청송,88,5,3,239,335,96,28.65671641791045
경기 옹진갑,51,7,5,159,222,63,28.37837837837838
경남 김해갑,74,2,5,205,286,81,28.321678321678323
경북 대구시갑,14,0,1,38,53,15,28.30188679245283
충남 서산갑,25,1,5,79,110,31,28.18181818181818
경북 대구을,85,3,5,246,339,93,27.43362831858407
경기 이천,18,0,2,53,73,20,27.397260273972602
경북 상주,30,4,7,109,150,41,27.333333333333332
제주 북제주갑,4,1,1,16,22,6,27.27272727272727
경북 영양,156,21,12,512,701,189,26.961483594864475
전남 무안을,55,1,5,166,227,61,26.87224669603524
경남 울산을,47,1,3,139,190,51,26.842105263157894
강원 인제,16,0,3,52,71,19,26.76056338028169
충남 홍성군,12,0,1,36,49,13,26.53061224489796
경기 파주,9,0,1,28,38,10,26.31578947368421
경남 함안,41,5,6,146,198,52,26.262626262626267
충북 단양,35,4,3,119,161,42,26.08695652173913
충남 논산갑,78,9,5,262,354,92,25.98870056497175
전북 완주을,63,6,5,212,286,74,25.874125874125873
전북 옥구,338,15,6,1036,1395,359,25.734767025089607
경남 산청,14,4,1,55,74,19,25.675675675675674
전남 순천갑,43,1,2,134,180,46,25.555555555555554
경북 의성갑,78,22,20,352,472,120,25.423728813559322
경북 울릉,68,18,14,294,394,100,25.380710659898476
경북 대구갑,39,7,7,158,211,53,25.118483412322274
경북 의성을,5,0,0,15,20,5,25.0
전북 남원군갑,1,0,0,3,4,1,25.0
경기 고양,250,13,8,816,1087,271,24.931002759889605
경기 양주을,229,22,27,843,1121,278,24.7992863514719
충남 부여군갑,47,4,4,167,222,55,24.774774774774773
경북 상주을,72,4,6,249,331,82,24.773413897280967
서울 마포구갑,91,10,15,359,475,116,24.421052631578945
전북 부안,105,0,2,332,439,107,24.373576309794988
경남 마산,184,5,11,621,821,200,24.3605359317905
전남 장흥군,10,1,4,47,62,15,24.193548387096776
경남 부산시무,13,0,0,41,54,13,24.074074074074073
강원 원주,67,11,7,269,354,85,24.01129943502825
경북 상주군을,112,3,8,390,513,123,23.976608187134502
전남 무안갑,72,4,6,265,347,82,23.631123919308358
서울 영등포구,17,5,3,81,106,25,23.58490566037736
경남 진주,84,2,2,287,375,88,23.466666666666665
전남 광산을,113,0,4,382,499,117,23.446893787575153
경북 영일군갑,23,2,1,85,111,26,23.423423423423422
경기 양평군,25,2,2,96,125,29,23.200000000000003
전남 화순,132,12,5,495,644,149,23.136645962732917
전남 고흥을,60,2,6,226,294,68,23.12925170068027
전북 전주을,253,4,21,938,1216,278,22.861842105263158
서울 용산구갑,101,8,18,433,560,127,22.678571428571427
경북 선산,13,2,2,58,75,17,22.666666666666664
충남 논산을,71,8,3,280,362,82,22.65193370165746
경남 사천,15,1,5,72,93,21,22.58064516129032
경남 거제군,13,0,1,49,63,14,22.22222222222222
전북 고창군갑,1,1,0,7,9,2,22.22222222222222
전남 영광,61,7,1,242,311,69,22.186495176848876
경북 문경,42,4,3,172,221,49,22.171945701357465
경남 동래군,29,2,7,134,172,38,22.093023255813954
충남 연기,39,1,0,143,183,40,21.85792349726776
전북 완주갑,36,0,1,133,170,37,21.764705882352942
경남 창원갑,24,4,7,126,161,35,21.73913043478261
전남 해남을,90,5,3,355,453,98,21.63355408388521
전남 광양,196,21,23,874,1114,240,21.543985637342907
강원 강릉,93,1,1,346,441,95,21.541950113378686
서울 성북구,136,3,8,537,684,147,21.49122807017544
충남 예산,37,1,2,148,188,40,21.27659574468085
전북 익산을,74,12,13,370,469,99,21.108742004264393
"경남 부산시,진구갑",64,1,4,258,327,69,21.100917431192663
경북 안동갑,33,1,1,131,166,35,21.084337349397593
충남 대덕,31,4,8,161,204,43,21.07843137254902
경기 안성,21,3,5,109,138,29,21.014492753623188
충북 청주,17,2,4,87,110,23,20.909090909090907
경북 대구시정,42,4,4,191,241,50,20.74688796680498
경남 합천을,15,1,2,69,87,18,20.689655172413794
전남 장성군,141,1,12,595,749,154,20.5607476635514
충북 보은,20,2,6,109,137,28,20.437956204379564
전북 무주,11,1,3,59,74,15,20.27027027027027
경북 포항,77,4,3,331,415,84,20.240963855421686
전남 영광군,157,8,18,722,905,183,20.22099447513812
경북 울진,99,15,4,466,584,118,20.205479452054796
경북 칠곡군,32,3,2,147,184,37,20.108695652173914
서울 성동구갑,46,10,3,241,300,59,19.666666666666664
경기 인천갑,22,9,2,136,169,33,19.526627218934912
강원 강릉을,18,2,1,87,108,21,19.444444444444446
경기 부천,76,12,20,452,560,108,19.28571428571429
서울 마포구,40,7,7,229,283,54,19.081272084805654
경기 강화군,16,0,0,69,85,16,18.823529411764707
경기 화성갑,45,13,12,302,372,70,18.817204301075268
전남 영암,22,6,3,134,165,31,18.787878787878785
강원 정선,40,1,2,186,229,43,18.777292576419214
경북 대구시병,29,3,1,145,178,33,18.53932584269663
경남 통영갑,22,0,1,102,125,23,18.4
경기 수원,20,0,1,94,115,21,18.26086956521739
경기 수원을,36,13,2,229,280,51,18.21428571428571
경남 김해을,57,6,1,288,352,64,18.181818181818183
강원 철원,34,1,2,168,205,37,18.048780487804876
강원 강릉시을,110,0,0,501,611,110,18.00327332242226
경북 봉화,20,3,2,114,139,25,17.985611510791365
"경남 부산시,서구갑",37,1,0,176,214,38,17.75700934579439
강원 화천,24,4,0,130,158,28,17.72151898734177
강원 양구,6,0,0,28,34,6,17.647058823529413
전남 곡성군,191,15,8,1004,1218,214,17.569786535303777
전남 보성,81,12,3,452,548,96,17.51824817518248
경북 예천,11,1,2,66,80,14,17.5
경기 고양갑,7,2,0,43,52,9,17.307692307692307
서울 동대문구을,37,1,2,195,235,40,17.02127659574468
전북 임실,55,2,2,290,349,59,16.9054441260745
강원 고성,4,0,1,25,30,5,16.666666666666664
경북 선산군,1,0,0,5,6,1,16.666666666666664
충북 괴산,1,0,0,5,6,1,16.666666666666664
경남 고성,63,2,4,346,415,69,16.626506024096386
서울 영등포구갑,78,7,14,498,597,99,16.582914572864322
전남 고흥갑,42,2,5,248,297,49,16.4983164983165
전남 장흥,28,2,2,163,195,32,16.41025641025641
경북 김천갑,34,4,1,200,239,39,16.317991631799163
경북 성주,15,3,2,104,124,20,16.129032258064516
전북 정읍갑,35,6,3,230,274,44,16.05839416058394
전남 구례,71,1,5,404,481,77,16.008316008316008
경기 김포,20,25,10,293,348,55,15.804597701149426
경남 의령,119,5,1,672,797,125,15.683814303638647
경북 경주을,17,0,0,92,109,17,15.59633027522936
"경남 부산시,영도갑",21,1,0,120,142,22,15.492957746478872
충남 당진,13,1,2,89,105,16,15.238095238095239
경북 영천군을,48,7,2,323,380,57,15.0
전북 순창,37,2,3,240,282,42,14.893617021276595
제주 북제주,65,1,5,411,482,71,14.730290456431536
경기 고양을,9,2,1,71,83,12,14.457831325301203
충남 대덕군,61,13,20,560,654,94,14.37308868501529
경기 개성,28,7,1,215,251,36,14.342629482071715
경북 경주갑,29,7,8,263,307,44,14.332247557003258
충남 아산,36,4,7,281,328,47,14.329268292682926
경기 여주,21,3,2,156,182,26,14.285714285714285
경기 연천,2,1,0,18,21,3,14.285714285714285
경북 고령군,0,2,0,12,14,2,14.285714285714285
전남 함평,0,0,1,6,7,1,14.285714285714285
서울 종로구을,47,11,4,376,438,62,14.15525114155251
전남 광주을,61,4,6,442,513,71,13.840155945419102
강원 금화,3,0,0,19,22,3,13.636363636363635
경기 양주갑,74,14,9,616,713,97,13.604488078541374
경기 인천시병,13,1,0,90,104,14,13.461538461538462
강원 명주,37,2,1,263,303,40,13.2013201320132
경북 달성,18,1,0,125,144,19,13.194444444444445
전북 남원을,13,5,1,127,146,19,13.013698630136986
경북 영일갑,51,4,4,396,455,59,12.967032967032969
경남 창녕군,25,6,2,224,257,33,12.840466926070038
충남 공주갑,22,1,1,166,190,24,12.631578947368421
전북 고창을,51,5,3,412,471,59,12.526539278131635
경기 가평군,1,0,1,14,16,2,12.5
충북 괴산군,29,1,7,266,303,37,12.211221122112212
경기 양평,57,3,3,475,538,63,11.71003717472119
경북 영덕,10,1,5,124,140,16,11.428571428571429
전남 광주병,143,4,1,1148,1296,148,11.419753086419753
경기 수원갑,1,0,0,8,9,1,11.11111111111111
전남 곡성,46,6,2,434,488,54,11.065573770491802
전남 완도군,64,7,15,711,797,86,10.790464240903388
강원 춘성,3,4,0,61,68,7,10.294117647058822
충남 부여을,68,7,1,683,759,76,10.013175230566535
전남 광주,724,82,45,7890,8741,851,9.735728177554055
강원 원성,10,0,3,123,136,13,9.558823529411764
충남 대전을,10,4,3,166,183,17,9.289617486338798
충남 천안갑,80,4,1,849,934,85,9.100642398286936
경남 부산병,3,0,0,30,33,3,9.090909090909092
경남 하동,6,0,2,81,89,8,8.98876404494382
전남 여수갑,3,0,2,55,60,5,8.333333333333332
경기 인천시을,71,6,4,937,1018,81,7.956777996070727
전남 보성군,74,10,5,1040,1129,89,7.883082373782107
경북 대구병,4,0,0,49,53,4,7.547169811320755
미상,36884,2135,1332,503681,544032,40351,7.417026939591789
경기 인천병,427,26,7,6220,6680,460,6.88622754491018
경남 함안군,441,17,9,6437,6904,467,6.764194669756662
강원 인제군,0,1,0,14,15,1,6.666666666666667
충북 옥천,0,0,1,14,15,1,6.666666666666667
경북 봉화군,5,0,0,72,77,5,6.493506493506493
경기 여주군,27,0,2,421,450,29,6.444444444444445
충북 영동,54,6,2,905,967,62,6.41158221302999
강원 홍천군,184,24,7,3159,3374,215,6.372258446947243
서울 서대문구을,135,7,2,2303,2447,144,5.88475684511647
전남 순천을,2,0,0,32,34,2,5.88235294117647
경북 칠곡,94,9,4,1762,1869,107,5.724986623863028
전남 광산,15,6,3,495,519,24,4.624277456647398
서울 중구,64,18,6,2107,2195,88,4.009111617312073
경남 합천군을,2,0,0,48,50,2,4.0
경북 영천갑,19,1,2,531,553,22,3.9783001808318263
경남 동래,71,8,4,2062,2145,83,3.86946386946387
서울 용산구,143,8,1,3942,4094,152,3.7127503663898387
충남 공주을,58,2,3,2121,2184,63,2.8846153846153846
경기 평택군,1,0,0,57,58,1,1.7241379310344827
황해도 연백갑,1,0,0,64,65,1,1.5384615384615385
경북 영천을,0,0,0,7,7,0,0.0
충북 음성,0,0,0,5,5,0,0.0
경북 영일을,0,0,0,3,3,0,0.0
경북 청송군,0,0,0,3,3,0,0.0
충남 공주군갑,0,0,0,3,3,0,0.0
서울 성동구,0,0,0,2,2,0,0.0
충남 당진갑,0,0,0,2,2,0,0.0
충남 서산군을,0,0,0,2,2,0,0.0
경북 경주군갑,0,0,0,1,1,0,0.0
경북 경주군을,0,0,0,1,1,0,0.0
충북 중원군,0,0,0,1,1,0,0.0
