Month,전체,발전,경계,발전+경계,미분류,Date,발전_전체대비비중,경계_전체대비비중,발전+경계_전체대비비중
1948-05,269,0.0,1.0,0.0,268,1948-05-01,0.0,0.37174721189591076,0.0
1948-06,3584,170.0,64.0,27.0,3323,1948-06-01,4.743303571428571,1.7857142857142856,0.7533482142857143
1948-07,4810,268.0,47.0,30.0,4465,1948-07-01,5.5717255717255725,0.9771309771309772,0.6237006237006237
1948-08,4052,101.0,58.0,15.0,3878,1948-08-01,2.4925962487660414,1.4313919052319843,0.37018756169792694
1948-09,6568,345.0,105.0,68.0,6050,1948-09-01,5.2527405602923265,1.5986601705237513,1.0353227771010962
1948-10,2978,186.0,41.0,28.0,2723,1948-10-01,6.245802552048355,1.3767629281396911,0.9402283411685695
1948-11,4258,134.0,58.0,25.0,4041,1948-11-01,3.147017379051198,1.3621418506341005,0.5871301080319399
1948-12,3678,153.0,33.0,18.0,3474,1948-12-01,4.159869494290375,0.897226753670473,0.48939641109298526
1949-01,3208,185.0,28.0,21.0,2974,1949-01-01,5.766832917705736,0.8728179551122194,0.6546134663341646
1949-02,5692,254.0,27.0,18.0,5393,1949-02-01,4.462403373155306,0.4743499648629656,0.31623330990864373
1949-03,5961,823.0,23.0,37.0,5078,1949-03-01,13.806408320751551,0.38584130179500087,0.6207012246267405
1949-04,7373,923.0,28.0,38.0,6384,1949-04-01,12.51864912518649,0.37976400379764,0.5153940051539401
1949-05,4393,131.0,17.0,10.0,4235,1949-05-01,2.982016844980651,0.38697928522649666,0.22763487366264512
1949-06,4576,146.0,33.0,8.0,4389,1949-06-01,3.190559440559441,0.7211538461538461,0.17482517482517482
1949-07,6577,366.0,25.0,20.0,6166,1949-07-01,5.564847194769651,0.38011251330393797,0.3040900106431504
1949-08,983,17.0,6.0,1.0,959,1949-08-01,1.7293997965412005,0.6103763987792472,0.10172939979654119
1949-09,2896,266.0,9.0,10.0,2611,1949-09-01,9.185082872928177,0.31077348066298344,0.3453038674033149
1949-10,4575,245.0,48.0,20.0,4262,1949-10-01,5.355191256830602,1.0491803278688525,0.4371584699453552
1949-11,18114,926.0,42.0,37.0,17109,1949-11-01,5.112068013691068,0.23186485591255385,0.20426189687534502
1949-12,5285,300.0,10.0,10.0,4965,1949-12-01,5.676442762535478,0.1892147587511826,0.1892147587511826
1950-01,4926,501.0,38.0,19.0,4368,1950-01-01,10.170523751522534,0.7714169711733658,0.3857084855866829
1950-02,6955,452.0,57.0,23.0,6423,1950-02-01,6.498921639108556,0.8195542774982026,0.33069734004313445
1950-03,10108,772.0,49.0,34.0,9253,1950-03-01,7.6375148397309065,0.48476454293628807,0.33636723387415907
1950-04,11862,1059.0,36.0,19.0,10748,1950-04-01,8.92766818411735,0.30349013657056145,0.16017534985668522
1950-06,2104,52.0,15.0,4.0,2033,1950-06-01,2.4714828897338403,0.7129277566539924,0.19011406844106463
1950-10,86,8.0,1.0,3.0,74,1950-10-01,9.30232558139535,1.1627906976744187,3.488372093023256
1950-11,7967,445.0,65.0,34.0,7423,1950-11-01,5.585540353960085,0.8158654449604619,0.4267603865947031
1950-12,1603,47.0,30.0,6.0,1520,1950-12-01,2.9320024953212727,1.8714909544603868,0.37429819089207733
1951-01,1679,182.0,37.0,22.0,1438,1951-01-01,10.839785586658724,2.20369267421084,1.3103037522334724
1951-02,2771,225.0,52.0,35.0,2459,1951-02-01,8.11981234211476,1.8765788523998554,1.2630819198845182
1951-03,6587,948.0,34.0,50.0,5555,1951-03-01,14.391984211325337,0.5161682101108244,0.7590708972218005
1951-04,6992,979.0,13.0,49.0,5951,1951-04-01,14.001716247139587,0.1859267734553776,0.7008009153318078
1951-05,7226,317.0,52.0,27.0,6830,1951-05-01,4.386936064212565,0.7196235815112095,0.3736507057846665
1951-06,2270,238.0,17.0,14.0,2001,1951-06-01,10.484581497797357,0.7488986784140969,0.6167400881057269
1951-07,5052,195.0,33.0,35.0,4789,1951-07-01,3.859857482185273,0.6532066508313539,0.6927949326999208
1951-08,4436,430.0,20.0,23.0,3963,1951-08-01,9.69341749323715,0.4508566275924256,0.5184851217312894
1951-09,2800,358.0,14.0,17.0,2411,1951-09-01,12.785714285714286,0.5,0.6071428571428571
1951-10,2880,233.0,42.0,37.0,2568,1951-10-01,8.090277777777779,1.4583333333333333,1.284722222222222
1951-11,5196,414.0,16.0,36.0,4730,1951-11-01,7.967667436489608,0.30792917628945343,0.6928406466512702
1951-12,10868,535.0,24.0,29.0,10280,1951-12-01,4.922708870077291,0.22083179977916823,0.2668384247331616
1952-01,1216,108.0,7.0,10.0,1091,1952-01-01,8.881578947368421,0.575657894736842,0.8223684210526315
1952-02,1840,81.0,18.0,10.0,1731,1952-02-01,4.4021739130434785,0.9782608695652175,0.5434782608695652
1952-03,6940,813.0,24.0,33.0,6070,1952-03-01,11.714697406340058,0.345821325648415,0.4755043227665706
1952-04,4697,570.0,8.0,13.0,4106,1952-04-01,12.135405578028529,0.17032148179689163,0.2767724079199489
1952-05,3418,113.0,27.0,8.0,3270,1952-05-01,3.3060269163253366,0.7899356348741955,0.23405500292568754
1952-06,5140,92.0,23.0,3.0,5022,1952-06-01,1.7898832684824901,0.44747081712062253,0.058365758754863814
1952-07,2826,97.0,12.0,12.0,2705,1952-07-01,3.4324133050247703,0.42462845010615713,0.42462845010615713
1952-08,11619,148.0,6.0,6.0,11459,1952-08-01,1.2737757121955418,0.05163955589981926,0.05163955589981926
1952-09,7031,343.0,21.0,9.0,6658,1952-09-01,4.878395676290713,0.29867728630351303,0.12800455127293414
1952-10,2289,142.0,16.0,11.0,2120,1952-10-01,6.203582350371342,0.6989951944080385,0.4805591961555264
1952-11,4864,508.0,41.0,42.0,4273,1952-11-01,10.444078947368421,0.8429276315789473,0.8634868421052633
1952-12,8353,444.0,31.0,13.0,7865,1952-12-01,5.315455524961092,0.3711241470130492,0.15563270681192387
1953-01,3505,544.0,4.0,16.0,2941,1953-01-01,15.520684736091297,0.11412268188302425,0.456490727532097
1953-02,3208,450.0,8.0,13.0,2737,1953-02-01,14.027431421446385,0.24937655860349126,0.40523690773067333
1953-03,7070,568.0,6.0,11.0,6485,1953-03-01,8.033946251768034,0.08486562942008487,0.15558698727015557
1953-04,10789,799.0,15.0,29.0,9946,1953-04-01,7.405690981555288,0.13903049402168877,0.2687922884419316
1953-05,2232,223.0,12.0,13.0,1984,1953-05-01,9.991039426523297,0.5376344086021506,0.5824372759856631
1953-06,4844,188.0,25.0,11.0,4620,1953-06-01,3.8810900082576385,0.5161023947151115,0.22708505367464907
1953-07,2960,169.0,33.0,11.0,2747,1953-07-01,5.70945945945946,1.114864864864865,0.37162162162162166
1953-08,1115,44.0,10.0,1.0,1060,1953-08-01,3.9461883408071747,0.8968609865470852,0.08968609865470852
1953-09,1216,204.0,18.0,10.0,984,1953-09-01,16.776315789473685,1.4802631578947367,0.8223684210526315
1953-10,4521,300.0,20.0,20.0,4181,1953-10-01,6.635700066357001,0.4423800044238001,0.4423800044238001
1953-11,4888,420.0,35.0,17.0,4416,1953-11-01,8.592471358428805,0.7160392798690671,0.34779050736497547
1953-12,2248,84.0,11.0,2.0,2151,1953-12-01,3.7366548042704624,0.4893238434163701,0.0889679715302491
1954-01,2157,150.0,22.0,12.0,1973,1954-01-01,6.954102920723226,1.0199350950394066,0.5563282336578581
1954-02,2781,476.0,17.0,25.0,2263,1954-02-01,17.116145271485077,0.6112909025530385,0.8989572096368214
1954-03,11012,997.0,13.0,24.0,9978,1954-03-01,9.05375953505267,0.11805303305484927,0.2179440610243371
1954-04,3721,347.0,3.0,13.0,3358,1954-04-01,9.325450147809729,0.08062348830959419,0.34936844934157485
1954-05,1223,30.0,9.0,3.0,1181,1954-05-01,2.4529844644317254,0.7358953393295176,0.24529844644317253
1954-06,1879,41.0,3.0,4.0,1831,1954-06-01,2.182011708355508,0.15965939329430548,0.21287919105907396
1954-07,2270,201.0,12.0,20.0,2037,1954-07-01,8.854625550660792,0.5286343612334802,0.881057268722467
1954-08,3203,344.0,20.0,21.0,2818,1954-08-01,10.739931314392757,0.6244146113019045,0.6556353418669997
1954-09,5337,496.0,32.0,35.0,4774,1954-09-01,9.293610642683154,0.5995877833989133,0.6557991380925614
1954-10,6365,1061.0,23.0,37.0,5244,1954-10-01,16.669285153181463,0.3613511390416339,0.5813040062843676
1954-11,4366,259.0,33.0,25.0,4049,1954-11-01,5.932203389830509,0.7558405863490609,0.5726065048098946
1954-12,6723,627.0,17.0,25.0,6054,1954-12-01,9.326193663543062,0.25286330507214044,0.3718578015766771
1955-01,4405,397.0,12.0,27.0,3969,1955-01-01,9.012485811577752,0.2724177071509648,0.6129398410896708
1955-02,4613,78.0,10.0,6.0,4519,1955-02-01,1.6908736180359853,0.21677866897897247,0.13006720138738348
1955-03,5173,286.0,15.0,20.0,4852,1955-03-01,5.528706746568722,0.2899671370578001,0.38662284941040015
1955-04,2999,382.0,14.0,21.0,2582,1955-04-01,12.737579193064356,0.46682227409136384,0.7002334111370457
1955-05,5853,924.0,22.0,47.0,4860,1955-05-01,15.786776012301384,0.3758756193405091,0.8030070049547242
1955-06,8639,1862.0,30.0,53.0,6694,1955-06-01,21.553420534784117,0.34726241463132307,0.6134969325153374
1955-07,12030,1582.0,24.0,61.0,10363,1955-07-01,13.15045719035744,0.199501246882793,0.5070656691604323
1955-08,2286,73.0,7.0,1.0,2205,1955-08-01,3.1933508311461063,0.30621172353455817,0.043744531933508315
1955-09,2920,407.0,8.0,13.0,2492,1955-09-01,13.938356164383562,0.273972602739726,0.4452054794520548
1955-10,5032,285.0,24.0,19.0,4704,1955-10-01,5.663751987281399,0.47694753577106513,0.37758346581875996
1955-11,5857,642.0,10.0,13.0,5192,1955-11-01,10.961242957145297,0.17073587160662457,0.22195663308861194
1955-12,4706,498.0,11.0,12.0,4185,1955-12-01,10.582235444113897,0.23374415639609009,0.254993625159371
1956-01,4490,556.0,15.0,14.0,3905,1956-01-01,12.383073496659243,0.33407572383073497,0.311804008908686
1956-02,9872,740.0,35.0,18.0,9079,1956-02-01,7.4959481361426255,0.3545380875202593,0.18233387358184766
1956-03,2436,83.0,11.0,2.0,2340,1956-03-01,3.407224958949097,0.45155993431855496,0.08210180623973727
1956-04,746,11.0,6.0,2.0,727,1956-04-01,1.4745308310991956,0.8042895442359249,0.2680965147453083
1956-05,1462,128.0,3.0,6.0,1325,1956-05-01,8.755129958960328,0.2051983584131327,0.4103967168262654
1956-06,5078,445.0,26.0,7.0,4600,1956-06-01,8.763292634895627,0.5120126033871603,0.13784954706577393
1956-07,7959,1441.0,37.0,50.0,6431,1956-07-01,18.105289609247393,0.46488252293001636,0.6282196255811031
1956-08,2843,334.0,9.0,12.0,2488,1956-08-01,11.748153359127683,0.31656700668308124,0.4220893422441084
1956-09,1900,57.0,19.0,2.0,1822,1956-09-01,3.0,1.0,0.10526315789473684
1956-10,5969,360.0,28.0,14.0,5567,1956-10-01,6.03116099849221,0.46909029988272744,0.23454514994136372
1956-11,2265,162.0,37.0,10.0,2056,1956-11-01,7.152317880794702,1.6335540838852098,0.44150110375275936
1956-12,16435,1722.0,41.0,76.0,14596,1956-12-01,10.477639184666868,0.24946759963492549,0.46242774566473993
1957-01,4841,256.0,21.0,12.0,4552,1957-01-01,5.288163602561454,0.43379467052261933,0.24788266887006816
1957-02,2726,148.0,12.0,7.0,2559,1957-02-01,5.429200293470286,0.4402054292002935,0.25678650036683787
1957-03,2400,400.0,8.0,18.0,1974,1957-03-01,16.666666666666664,0.33333333333333337,0.75
1957-04,4793,184.0,44.0,21.0,4544,1957-04-01,3.8389317755059458,0.918005424577509,0.4381389526392656
1957-05,2313,68.0,13.0,1.0,2231,1957-05-01,2.939904885430177,0.5620406398616515,0.043233895373973194
1957-06,4665,332.0,21.0,27.0,4285,1957-06-01,7.116827438370847,0.45016077170418006,0.5787781350482315
1957-07,5257,469.0,39.0,29.0,4720,1957-07-01,8.921438082556591,0.7418679855430854,0.5516454251474224
1957-08,3472,169.0,34.0,20.0,3249,1957-08-01,4.8675115207373265,0.9792626728110598,0.5760368663594471
1957-09,2807,266.0,11.0,19.0,2511,1957-09-01,9.476309226932669,0.3918774492340577,0.6768792304951906
1957-10,3561,216.0,31.0,34.0,3280,1957-10-01,6.065711878685763,0.8705419825891604,0.9547879809042404
1957-11,5153,364.0,28.0,20.0,4741,1957-11-01,7.063846303124394,0.5433727925480303,0.38812342324859306
1957-12,9762,1951.0,51.0,85.0,7675,1957-12-01,19.985658676500716,0.5224339274738783,0.8707232124564639
1958-01,3390,65.0,9.0,1.0,3315,1958-01-01,1.9174041297935103,0.2654867256637168,0.029498525073746312
1958-02,4014,378.0,13.0,20.0,3603,1958-02-01,9.417040358744394,0.32386646736422525,0.4982561036372696
1958-03,233,3.0,0.0,0.0,230,1958-03-01,1.2875536480686696,0.0,0.0
1958-04,1701,35.0,8.0,3.0,1655,1958-04-01,2.05761316872428,0.4703115814226925,0.1763668430335097
1958-05,64,1.0,0.0,0.0,63,1958-05-01,1.5625,0.0,0.0
1958-06,3501,217.0,15.0,13.0,3256,1958-06-01,6.198229077406455,0.42844901456726653,0.371322479291631
1958-07,14778,2528.0,144.0,142.0,11964,1958-07-01,17.106509676546217,0.9744214372716199,0.960887806198403
1958-08,12585,1577.0,75.0,75.0,10858,1958-08-01,12.530790623758442,0.5959475566150179,0.5959475566150179
1958-09,1522,150.0,4.0,7.0,1361,1958-09-01,9.85545335085414,0.2628120893561104,0.45992115637319314
1958-10,6518,690.0,45.0,32.0,5751,1958-10-01,10.586069346425283,0.6903958269407794,0.490948143602332
1958-11,10850,2261.0,65.0,155.0,8369,1958-11-01,20.838709677419352,0.599078341013825,1.4285714285714286
1958-12,13212,1500.0,69.0,91.0,11552,1958-12-01,11.353315168029065,0.5222524977293369,0.6887677868604298
1959-01,31,0.0,0.0,0.0,31,1959-01-01,0.0,0.0,0.0
1959-02,3374,98.0,27.0,12.0,3237,1959-02-01,2.904564315352697,0.8002371072910491,0.35566093657379966
1959-03,2907,205.0,10.0,13.0,2679,1959-03-01,7.051943584451324,0.3439972480220158,0.4471964224286206
1959-04,668,47.0,12.0,5.0,604,1959-04-01,7.0359281437125745,1.7964071856287425,0.7485029940119761
1959-05,3303,280.0,27.0,24.0,2972,1959-05-01,8.477141992128367,0.8174386920980926,0.7266121707538601
1959-06,5866,751.0,73.0,71.0,4971,1959-06-01,12.802591203545857,1.244459597681555,1.21036481418343
1959-07,4311,240.0,38.0,13.0,4020,1959-07-01,5.567153792623522,0.8814660171653909,0.3015541637671074
1959-09,834,38.0,3.0,3.0,790,1959-09-01,4.556354916067146,0.3597122302158274,0.3597122302158274
1959-10,4090,382.0,27.0,25.0,3656,1959-10-01,9.339853300733497,0.6601466992665036,0.6112469437652812
1959-11,13497,3004.0,65.0,208.0,10220,1959-11-01,22.256797806920055,0.4815885011484033,1.5410832036748907
1959-12,11421,2125.0,54.0,153.0,9089,1959-12-01,18.606076525698274,0.4728132387706856,1.3396375098502757
1960-01,6680,387.0,43.0,17.0,6233,1960-01-01,5.793413173652694,0.6437125748502994,0.25449101796407186
1960-02,161,7.0,1.0,0.0,153,1960-02-01,4.3478260869565215,0.6211180124223602,0.0
1960-03,3793,61.0,25.0,2.0,3705,1960-03-01,1.6082256788821514,0.659108884787767,0.05272871078302136
1960-04,5079,55.0,38.0,5.0,4981,1960-04-01,1.082890332742666,0.7481787753494782,0.09844457570387871
